                                %%%%%%%%%%%%%%%
                           %%%%%%%%%%%%%%%%%%%%%%%%
                        %%%%%%%%%%%%%%%%%%%%%%%%%%%%%%
                      %%%%%%%%%%%%%%%%%%%%%%%%%%%%%%%%%%
                    %%%%%%%%%%%%%%%%%%%%%%%%%%%%%%%%%%%%%%
                   %%%%%%%%%%%%%%%%%%%%%%%%%%%%%%%%%%%%%%%%
                                    %%%%%%%%%%%%%%%%%%%%%%%%
                                     %%%%%%%%%%%%%%%%%%%%%%%%
                 ###############      %%%%%%%%%%%%%%%%%%%%%%%%
                ##################     %%%%%%%%%%%%%%%%%%%%%%%
                ###################     %%%%%%%%%%%%%%%%%%%%%%%
                ####################     %%%%%%%%%%%%%%%%%%%%%%
                #####################     %%%%%%%%%%%%%%%%%%%%%
                ######################     %%%%%%%%%%%%%%%%%%%%
                #######################     %%%%%%%%%%%%%%%%%%
                 #######################     %%%%%%%%%%%%%%%%%
                 ######################     %%%%%%%%%%%%%%%%%
                  ####################     %%%%%%%%%%%%%%%%%
                    #################     %%%%%%%%%%%%%%%%%
                     ###############     %%%%%%%%%%%%%%%%
                       ############     %%%%%%%%%%%%%%%
                          ########     %%%%%%%%%%%%%%
                                      %%%%%%%%%%%

                 | The OpenMC Monte Carlo Code
       Copyright | 2011-2026 MIT, UChicago Argonne LLC, and contributors
         License | https://docs.openmc.org/en/latest/license.html
         Version | 0.15.4-dev216
     Commit Hash | a533fcd7f39f9f20bd769a37723c20c009bde079
       Date/Time | 2026-07-30 00:45:37
   MPI Processes | 1
  OpenMP Threads | 28

 Reading model XML file '../model.xml' ...
 Reading cross sections XML file...
 Reading U235 from /home/ebny-walid-ahammed/endfb-viii.0-hdf5/neutron/U235.h5
 Reading U238 from /home/ebny-walid-ahammed/endfb-viii.0-hdf5/neutron/U238.h5
 Reading O16 from /home/ebny-walid-ahammed/endfb-viii.0-hdf5/neutron/O16.h5
 Reading O17 from /home/ebny-walid-ahammed/endfb-viii.0-hdf5/neutron/O17.h5
 Reading O18 from /home/ebny-walid-ahammed/endfb-viii.0-hdf5/neutron/O18.h5
 Reading H1 from /home/ebny-walid-ahammed/endfb-viii.0-hdf5/neutron/H1.h5
 Reading H2 from /home/ebny-walid-ahammed/endfb-viii.0-hdf5/neutron/H2.h5
 Reading B10 from /home/ebny-walid-ahammed/endfb-viii.0-hdf5/neutron/B10.h5
 Reading B11 from /home/ebny-walid-ahammed/endfb-viii.0-hdf5/neutron/B11.h5
 Reading Zr90 from /home/ebny-walid-ahammed/endfb-viii.0-hdf5/neutron/Zr90.h5
 Reading Zr91 from /home/ebny-walid-ahammed/endfb-viii.0-hdf5/neutron/Zr91.h5
 Reading Zr92 from /home/ebny-walid-ahammed/endfb-viii.0-hdf5/neutron/Zr92.h5
 Reading Zr94 from /home/ebny-walid-ahammed/endfb-viii.0-hdf5/neutron/Zr94.h5
 Reading Zr96 from /home/ebny-walid-ahammed/endfb-viii.0-hdf5/neutron/Zr96.h5
 WARNING: Negative value(s) found on probability table for nuclide Zr96 at 250K
 WARNING: Negative value(s) found on probability table for nuclide Zr96 at 294K
 WARNING: Negative value(s) found on probability table for nuclide Zr96 at 600K
 WARNING: Negative value(s) found on probability table for nuclide Zr96 at 900K
 WARNING: Negative value(s) found on probability table for nuclide Zr96 at 1200K
 WARNING: Negative value(s) found on probability table for nuclide Zr96 at 2500K
 Minimum neutron data temperature: 250 K
 Maximum neutron data temperature: 2500 K
 Preparing distributed cell instances...
 Writing summary.h5 file...
[36msolid0: [39mInitializing[36msolid0: [39m
[36msolid0: [39m  Finished Initializing Equation Systems                                         [[33m  0.27 s[39m] [[33m 1208 MB[39m]
[36msolid0: [39mFinished Initializing                                                            [[33m  0.38 s[39m] [[33m 1208 MB[39m]
Setting Up
  Finished Instantiating Sub-Apps                                                        [[33m  1.60 s[39m] [[33m 1208 MB[39m]

[33m
*** Deprecation Warning ***
Deprecated Object: SCMPinSolutionTransfer
This object will be removed on Thu Jul  1 01:00:00 2027
Replace SCMPinSolutionTransfer with SCMSolutionTransfer[39m
Finished Setting Up                                                                      [[33m  4.25 s[39m] [[33m 1210 MB[39m]
Framework Information:
MOOSE Version:           git commit 815b059461 on 2026-07-26
LibMesh Version:         ab36c007ae608290e097bdfbc2766a46d8192b70
PETSc Version:           3.25.2
SLEPc Version:           3.25.0
Current Time:            Thu Jul 30 00:45:41 2026
Executable Timestamp:    Wed Jul 29 16:50:24 2026

Input File(s):
  /home/ebny-walid-ahammed/Documents/github/research/amr_test_cases_input_files/multi_physics_amr/3x3/0th/openmc.i

Command Line Argument(s):
  --n-threads=28

Checkpoint:
  Wall Time Interval:      Every 3600 s
  Checkpoint:              Outputs/checkpoint
  # Checkpoints Kept:      2
  Execute On:              TIMESTEP_END 

Parallelism:
  Num Processors:          1
  Num Threads:             28

Mesh: 
  Parallel Type:           replicated
  Mesh Dimension:          3
  Spatial Dimension:       3
  Nodes:                   7077
  Elems:                   6480
  Num Subdomains:          10

Auxiliary System:
  Num DOFs:                131040
  Num Local DOFs:          131040
  Variables:               { "cell_temperature" "cell_density" } { "heat_source" "heat_source_std_dev" 
                             "heat_source_rel_error" "neutron_flux" "neutron_flux_std_dev" ... "scattering_reaction_rate_std_dev" 
                             "scattering_reaction_rate_rel_error" "absorption_reaction_rate" "absorption_reaction_rate_std_dev" 
                             "absorption_reaction_rate_rel_error" } "density" "temp" { "cell_id" "cell_instance" 
                             } 
  Finite Element Types:    "MONOMIAL" "MONOMIAL" "MONOMIAL" "MONOMIAL" "MONOMIAL" 
  Approximation Orders:    "CONSTANT" "CONSTANT" "CONSTANT" "CONSTANT" "CONSTANT" 

Execution Information:
  Executioner:             Transient
  TimeStepper:             ConstantDT
  TimeIntegrator(s):       ImplicitEuler
  Solver Mode:             Preconditioned JFNK 

[36msolid0: [39mFramework Information:
[36msolid0: [39mMOOSE Version:           git commit 815b059461 on 2026-07-26
[36msolid0: [39mLibMesh Version:         ab36c007ae608290e097bdfbc2766a46d8192b70
[36msolid0: [39mPETSc Version:           3.25.2
[36msolid0: [39mSLEPc Version:           3.25.0
[36msolid0: [39mCurrent Time:            Thu Jul 30 00:45:41 2026
[36msolid0: [39mExecutable Timestamp:    Wed Jul 29 16:50:24 2026
[36msolid0: [39m
[36msolid0: [39mInput File(s):
[36msolid0: [39m  /home/ebny-walid-ahammed/Documents/github/research/amr_test_cases_input_files/multi_physics_amr/3x3/0th/solid.i
[36msolid0: [39m
[36msolid0: [39mParallelism:
[36msolid0: [39m  Num Processors:          1
[36msolid0: [39m  Num Threads:             28
[36msolid0: [39m
[36msolid0: [39mMesh: 
[36msolid0: [39m  Parallel Type:           replicated
[36msolid0: [39m  Mesh Dimension:          3
[36msolid0: [39m  Spatial Dimension:       3
[36msolid0: [39m  Nodes:                   92781
[36msolid0: [39m  Elems:                   86400
[36msolid0: [39m  Num Subdomains:          3
[36msolid0: [39m
[36msolid0: [39mNonlinear System:
[36msolid0: [39m  Num DOFs:                92781
[36msolid0: [39m  Num Local DOFs:          92781
[36msolid0: [39m  Variables:               "T" 
[36msolid0: [39m  Finite Element Types:    "LAGRANGE" 
[36msolid0: [39m  Approximation Orders:    "FIRST" 
[36msolid0: [39m
[36msolid0: [39mAuxiliary System:
[36msolid0: [39m  Num DOFs:                274221
[36msolid0: [39m  Num Local DOFs:          274221
[36msolid0: [39m  Variables:               "T_wall" { "heat_source" "q" "q_prime" } 
[36msolid0: [39m  Finite Element Types:    "LAGRANGE" "MONOMIAL" 
[36msolid0: [39m  Approximation Orders:    "FIRST" "CONSTANT" 
[36msolid0: [39m
[36msolid0: [39mExecution Information:
[36msolid0: [39m  Executioner:             Transient
[36msolid0: [39m  TimeStepper:             ConstantDT
[36msolid0: [39m  TimeIntegrator(s):       ImplicitEuler
[36msolid0: [39m  Solver Mode:             Preconditioned JFNK 
[36msolid0: [39m
[36msolid0: [39m
[36msolid0: [39mTime Step 0, time = 0
[36msolid0: [39m
[36msolid0: [39mPostprocessor Values:
[36msolid0: [39m+----------------+----------------+---------------------------+----------------+----------------+----------------+----------------+
[36msolid0: [39m| time           | avg_fuel_T     | conduction_power_integral | max_T_wall_send| max_clad_T     | max_fuel_T     | min_T_wall_send|
[36msolid0: [39m+----------------+----------------+---------------------------+----------------+----------------+----------------+----------------+
[36msolid0: [39m|   0.000000e+00 |   0.000000e+00 |              0.000000e+00 |   0.000000e+00 |   0.000000e+00 |   0.000000e+00 |   0.000000e+00 |
[36msolid0: [39m+----------------+----------------+---------------------------+----------------+----------------+----------------+----------------+
[36msolid0: [39m
[36msub_channel0: [39mFramework Information:
[36msub_channel0: [39mMOOSE Version:           git commit 815b059461 on 2026-07-26
[36msub_channel0: [39mLibMesh Version:         ab36c007ae608290e097bdfbc2766a46d8192b70
[36msub_channel0: [39mPETSc Version:           3.25.2
[36msub_channel0: [39mSLEPc Version:           3.25.0
[36msub_channel0: [39mCurrent Time:            Thu Jul 30 00:45:43 2026
[36msub_channel0: [39mExecutable Timestamp:    Wed Jul 29 16:50:24 2026
[36msub_channel0: [39m
[36msub_channel0: [39mInput File(s):
[36msub_channel0: [39m  /home/ebny-walid-ahammed/Documents/github/research/amr_test_cases_input_files/multi_physics_amr/3x3/0th/sub_channel.i
[36msub_channel0: [39m
[36msub_channel0: [39mParallelism:
[36msub_channel0: [39m  Num Processors:          1
[36msub_channel0: [39m  Num Threads:             28
[36msub_channel0: [39m
[36msub_channel0: [39mMesh: 
[36msub_channel0: [39m  Parallel Type:           replicated
[36msub_channel0: [39m  Mesh Dimension:          1
[36msub_channel0: [39m  Spatial Dimension:       3
[36msub_channel0: [39m  Nodes:                   1525
[36msub_channel0: [39m  Elems:                   1500
[36msub_channel0: [39m  Num Subdomains:          2
[36msub_channel0: [39m
[36msub_channel0: [39mAuxiliary System:
[36msub_channel0: [39m  Num DOFs:                14335
[36msub_channel0: [39m  Num Local DOFs:          14335
[36msub_channel0: [39m  Variables:               { "q_prime" "Tpin" } { "mdot" "S" "SumWij" "P" "w_perim" "h" "T" "rho" "mu" 
[36msub_channel0: [39m                             "displacement" } "Dpin" { "HTC" "DP" "ff" } 
[36msub_channel0: [39m  Finite Element Types:    "LAGRANGE" "LAGRANGE" "LAGRANGE" "LAGRANGE" 
[36msub_channel0: [39m  Approximation Orders:    "FIRST" "FIRST" "FIRST" "FIRST" 
[36msub_channel0: [39m
[36msub_channel0: [39mExecution Information:
[36msub_channel0: [39m  Executioner:             Transient
[36msub_channel0: [39m  TimeStepper:             ConstantDT
[36msub_channel0: [39m  TimeIntegrator(s):       ImplicitEuler
[36msub_channel0: [39m  Solver Mode:             Preconditioned JFNK 
[36msub_channel0: [39m  PETSc Preconditioner:    hypre boomeramg 
[36msub_channel0: [39m
[36msub_channel0_viz0: [39mFramework Information:
[36msub_channel0_viz0: [39mMOOSE Version:           git commit 815b059461 on 2026-07-26
[36msub_channel0_viz0: [39mLibMesh Version:         ab36c007ae608290e097bdfbc2766a46d8192b70
[36msub_channel0_viz0: [39mPETSc Version:           3.25.2
[36msub_channel0_viz0: [39mSLEPc Version:           3.25.0
[36msub_channel0_viz0: [39mCurrent Time:            Thu Jul 30 00:45:43 2026
[36msub_channel0_viz0: [39mExecutable Timestamp:    Wed Jul 29 16:50:24 2026
[36msub_channel0_viz0: [39m
[36msub_channel0_viz0: [39mInput File(s):
[36msub_channel0_viz0: [39m  /home/ebny-walid-ahammed/Documents/github/research/amr_test_cases_input_files/multi_physics_amr/subchannel_viz.i
[36msub_channel0_viz0: [39m
[36msub_channel0_viz0: [39mParallelism:
[36msub_channel0_viz0: [39m  Num Processors:          1
[36msub_channel0_viz0: [39m  Num Threads:             28
[36msub_channel0_viz0: [39m
[36msub_channel0_viz0: [39mMesh: 
[36msub_channel0_viz0: [39m  Parallel Type:           replicated
[36msub_channel0_viz0: [39m  Mesh Dimension:          3
[36msub_channel0_viz0: [39m  Spatial Dimension:       3
[36msub_channel0_viz0: [39m  Nodes:                   22997
[36msub_channel0_viz0: [39m  Elems:                   21120
[36msub_channel0_viz0: [39m  Num Subdomains:          2
[36msub_channel0_viz0: [39m
[36msub_channel0_viz0: [39mAuxiliary System:
[36msub_channel0_viz0: [39m  Num DOFs:                206973
[36msub_channel0_viz0: [39m  Num Local DOFs:          206973
[36msub_channel0_viz0: [39m  Variables:               { "T" "mdot" "h" "rho" "mu" "P" "Dpin" "q_prime" "Tpin" } 
[36msub_channel0_viz0: [39m  Finite Element Types:    "LAGRANGE" 
[36msub_channel0_viz0: [39m  Approximation Orders:    "FIRST" 
[36msub_channel0_viz0: [39m
[36msub_channel0_viz0: [39mExecution Information:
[36msub_channel0_viz0: [39m  Executioner:             Steady
[36msub_channel0_viz0: [39m  Solver Mode:             Preconditioned JFNK 
[36msub_channel0_viz0: [39m

[33m
*** Warning ***
/home/ebny-walid-ahammed/Documents/github/research/amr_test_cases_input_files/multi_physics_amr/3x3/0th/../../openmc.i:102.3:
The following occurred in the Transfer 'solid_temperature_from_conduction' of type MultiAppGeneralFieldNearestLocationTransfer.

Transfer is projecting from nearest-nodes to centroids. This is likely causing floating point indetermination in the results because multiple nodes are 'nearest' to a centroid. Please consider using a ProjectionAux to build an elemental source variable (for example constant monomial) before transferring[39m

[33m
*** Warning ***
/home/ebny-walid-ahammed/Documents/github/research/amr_test_cases_input_files/multi_physics_amr/3x3/0th/../../openmc.i:122.3:
The following occurred in the Transfer 'fluid_temperature_from_subchannel' of type MultiAppGeneralFieldNearestLocationTransfer.

Transfer is projecting from nearest-nodes to centroids. This is likely causing floating point indetermination in the results because multiple nodes are 'nearest' to a centroid. Please consider using a ProjectionAux to build an elemental source variable (for example constant monomial) before transferring[39m

[33m
*** Warning ***
/home/ebny-walid-ahammed/Documents/github/research/amr_test_cases_input_files/multi_physics_amr/3x3/0th/../../openmc.i:132.3:
The following occurred in the Transfer 'fluid_density_from_subchannel' of type MultiAppGeneralFieldNearestLocationTransfer.

Transfer is projecting from nearest-nodes to centroids. This is likely causing floating point indetermination in the results because multiple nodes are 'nearest' to a centroid. Please consider using a ProjectionAux to build an elemental source variable (for example constant monomial) before transferring[39m

[33m
*** Warning ***
/home/ebny-walid-ahammed/Documents/github/research/amr_test_cases_input_files/multi_physics_amr/3x3/0th/../../openmc.i:110.3:
The following occurred in the Transfer 'linear_heat_rate_to_subchannel' of type MultiAppGeneralFieldNearestLocationTransfer.

Transfer is projecting from nearest-centroids to nodes. This is likely causing floating point indetermination in the results because multiple centroids are 'nearest' to a node. Please consider using a ProjectionAux to build a nodal source variable (for example linear Lagrange) before transferring[39m

Mapping between 6480 MOOSE elements and 38 OpenMC cells (on 2 coordinate levels):
------------------------------------------------------------------------------
|              | # T Elems | # rho Elems | # T+rho Elems | # Uncoupled Elems |
------------------------------------------------------------------------------
| MOOSE mesh   |      5040 |           0 |          1440 |                 0 |
| OpenMC cells |      5040 |           0 |          1440 |                 0 |
------------------------------------------------------------------------------


 ===================>     MAPPING FROM OPENMC TO MOOSE     <===================

          T:      # elems providing temperature-only feedback
          rho:    # elems providing density-only feedback
          T+rho:  # elems providing temperature and density feedback
          Other:  # elems which do not provide feedback to OpenMC
                    (but receives a cell tally from OpenMC)
     Mapped Vol:  volume of MOOSE elems each cell maps to
     Actual Vol:  OpenMC cell volume (computed with 'volume_calculation')

-----------------------------------------------------------------------------------
|         Cell          |   T   |  rho  | T+rho | Other | Mapped Vol | Actual Vol |
-----------------------------------------------------------------------------------
| 13, instance 0 (of 9) |   400 |     0 |     0 |     0 | 9.693e-05  |            |
| 13, instance 1 (of 9) |   400 |     0 |     0 |     0 | 9.693e-05  |            |
| 13, instance 2 (of 9) |   400 |     0 |     0 |     0 | 9.693e-05  |            |
| 13, instance 3 (of 9) |   400 |     0 |     0 |     0 | 9.693e-05  |            |
| 13, instance 4 (of 9) |   400 |     0 |     0 |     0 | 9.693e-05  |            |
| 13, instance 5 (of 9) |   400 |     0 |     0 |     0 | 9.693e-05  |            |
| 13, instance 6 (of 9) |   400 |     0 |     0 |     0 | 9.693e-05  |            |
| 13, instance 7 (of 9) |   400 |     0 |     0 |     0 | 9.693e-05  |            |
| 13, instance 8 (of 9) |   400 |     0 |     0 |     0 | 9.693e-05  |            |
| 14, instance 0 (of 9) |   160 |     0 |     0 |     0 | 2.967e-05  |            |
| 14, instance 1 (of 9) |   160 |     0 |     0 |     0 | 2.967e-05  |            |
| 14, instance 2 (of 9) |   160 |     0 |     0 |     0 | 2.967e-05  |            |
| 14, instance 3 (of 9) |   160 |     0 |     0 |     0 | 2.967e-05  |            |
| 14, instance 4 (of 9) |   160 |     0 |     0 |     0 | 2.967e-05  |            |
| 14, instance 5 (of 9) |   160 |     0 |     0 |     0 | 2.967e-05  |            |
| 14, instance 6 (of 9) |   160 |     0 |     0 |     0 | 2.967e-05  |            |
| 14, instance 7 (of 9) |   160 |     0 |     0 |     0 | 2.967e-05  |            |
| 14, instance 8 (of 9) |   160 |     0 |     0 |     0 | 2.967e-05  |            |
| 16, instance 0 (of 9) |     0 |     0 |   160 |     0 | 1.794e-04  |            |
| 16, instance 1 (of 9) |     0 |     0 |   160 |     0 | 1.794e-04  |            |
| 16, instance 2 (of 9) |     0 |     0 |   160 |     0 | 1.794e-04  |            |
| 16, instance 3 (of 9) |     0 |     0 |   160 |     0 | 1.794e-04  |            |
| 16, instance 4 (of 9) |     0 |     0 |   160 |     0 | 1.794e-04  |            |
| 16, instance 5 (of 9) |     0 |     0 |   160 |     0 | 1.794e-04  |            |
| 16, instance 6 (of 9) |     0 |     0 |   160 |     0 | 1.794e-04  |            |
| 16, instance 7 (of 9) |     0 |     0 |   160 |     0 | 1.794e-04  |            |
| 16, instance 8 (of 9) |     0 |     0 |   160 |     0 | 1.794e-04  |            |
-----------------------------------------------------------------------------------

 ===================>     AUXVARIABLES FOR OPENMC I/O     <===================

      Subdomain:  subdomain name/ID
    Temperature:  variable OpenMC reads temperature from (empty if no feedback)
        Density:  variable OpenMC reads density from (empty if no feedback)

------------------------------------------
|    Subdomain   | Temperature | Density |
------------------------------------------
| water          | temp        | density |
| fuel_bottom    | temp        |         |
| fuel_middle    | temp        |         |
| fuel_top       | temp        |         |
| gas_gap_bottom | temp        |         |
| gas_gap_middle | temp        |         |
| gas_gap_top    | temp        |         |
| clad_bottom    | temp        |         |
| clad_middle    | temp        |         |
| clad_top       | temp        |         |
------------------------------------------

    Tally Name:   Cardinal tally object name
    Tally Score:  OpenMC tally score
    AuxVariable:  variable where this score is written

----------------------------------------------------------
| Tally Name  |  Tally Score  |      AuxVariable(s)      |
----------------------------------------------------------
| heat_source | kappa-fission | heat_source              |
|             | flux          | neutron_flux             |
|             | fission       | fission_reaction_rate    |
|             | scatter       | scattering_reaction_rate |
|             | absorption    | absorption_reaction_rate |
----------------------------------------------------------

 ===================>  OPENMC SUBDOMAIN MATERIAL MAPPING  <====================

              Subdomain:  Subdomain name; if unnamed, we show the ID
               Material:  OpenMC material name(s) in this subdomain; if unnamed, we
                          show the ID. If N duplicate material names, we show the
                          number in ( ).

-----------------------------
|    Subdomain   | Material |
-----------------------------
| water          |  H2O     |
| fuel_bottom    |  UO2     |
| fuel_middle    |  UO2     |
| fuel_top       |  UO2     |
| gas_gap_bottom |  UO2     |
| gas_gap_middle |  UO2     |
| gas_gap_top    |  UO2     |
| clad_bottom    |  VOID    |
| clad_middle    |  VOID    |
| clad_top       |  VOID    |
-----------------------------


[33m
*** Warning ***
/home/ebny-walid-ahammed/Documents/github/research/amr_test_cases_input_files/multi_physics_amr/3x3/0th/../../common.i:3.1: unused parameter 'pi'
/home/ebny-walid-ahammed/Documents/github/research/amr_test_cases_input_files/multi_physics_amr/3x3/0th/../../common.i:8.1: unused parameter 'pin_pitch'
/home/ebny-walid-ahammed/Documents/github/research/amr_test_cases_input_files/multi_physics_amr/3x3/0th/../../common.i:9.1: unused parameter 'fuel_outer_radius'
/home/ebny-walid-ahammed/Documents/github/research/amr_test_cases_input_files/multi_physics_amr/3x3/0th/../../common.i:10.1: unused parameter 'cladding_inner_radius'
/home/ebny-walid-ahammed/Documents/github/research/amr_test_cases_input_files/multi_physics_amr/3x3/0th/../../common.i:11.1: unused parameter 'cladding_outer_radius'
/home/ebny-walid-ahammed/Documents/github/research/amr_test_cases_input_files/multi_physics_amr/3x3/0th/../../common.i:12.1: unused parameter 'guide_tube_inner_radius'
/home/ebny-walid-ahammed/Documents/github/research/amr_test_cases_input_files/multi_physics_amr/3x3/0th/../../common.i:13.1: unused parameter 'guide_tube_outer_radius'
/home/ebny-walid-ahammed/Documents/github/research/amr_test_cases_input_files/multi_physics_amr/3x3/0th/../../common.i:15.1: unused parameter 'burnable_absorber_outer_radius'
/home/ebny-walid-ahammed/Documents/github/research/amr_test_cases_input_files/multi_physics_amr/3x3/0th/../../common.i:21.1: unused parameter 'num_bottom_layers'
/home/ebny-walid-ahammed/Documents/github/research/amr_test_cases_input_files/multi_physics_amr/3x3/0th/../../common.i:22.1: unused parameter 'num_middle_layers'
/home/ebny-walid-ahammed/Documents/github/research/amr_test_cases_input_files/multi_physics_amr/3x3/0th/../../common.i:23.1: unused parameter 'num_top_layers'
/home/ebny-walid-ahammed/Documents/github/research/amr_test_cases_input_files/multi_physics_amr/3x3/0th/../../common.i:24.1: unused parameter 'active_core_height'
/home/ebny-walid-ahammed/Documents/github/research/amr_test_cases_input_files/multi_physics_amr/3x3/0th/../../common.i:30.1: unused parameter 'num_heat_axial_layers'
/home/ebny-walid-ahammed/Documents/github/research/amr_test_cases_input_files/multi_physics_amr/3x3/0th/../../common.i:35.1: unused parameter 'coolant_outlet_pressure'
/home/ebny-walid-ahammed/Documents/github/research/amr_test_cases_input_files/multi_physics_amr/3x3/0th/../../common.i:55.1: unused parameter 'mass_flux'
/home/ebny-walid-ahammed/Documents/github/research/amr_test_cases_input_files/multi_physics_amr/3x3/0th/../../common.i:59.1: unused parameter 'side_gap'[39m

[33m
*** Warning ***
/home/ebny-walid-ahammed/Documents/github/research/amr_test_cases_input_files/multi_physics_amr/3x3/0th/../../common.i:3.1: unused parameter 'pi'
/home/ebny-walid-ahammed/Documents/github/research/amr_test_cases_input_files/multi_physics_amr/3x3/0th/../../common.i:8.1: unused parameter 'pin_pitch'
/home/ebny-walid-ahammed/Documents/github/research/amr_test_cases_input_files/multi_physics_amr/3x3/0th/../../common.i:9.1: unused parameter 'fuel_outer_radius'
/home/ebny-walid-ahammed/Documents/github/research/amr_test_cases_input_files/multi_physics_amr/3x3/0th/../../common.i:10.1: unused parameter 'cladding_inner_radius'
/home/ebny-walid-ahammed/Documents/github/research/amr_test_cases_input_files/multi_physics_amr/3x3/0th/../../common.i:11.1: unused parameter 'cladding_outer_radius'
/home/ebny-walid-ahammed/Documents/github/research/amr_test_cases_input_files/multi_physics_amr/3x3/0th/../../common.i:12.1: unused parameter 'guide_tube_inner_radius'
/home/ebny-walid-ahammed/Documents/github/research/amr_test_cases_input_files/multi_physics_amr/3x3/0th/../../common.i:13.1: unused parameter 'guide_tube_outer_radius'
/home/ebny-walid-ahammed/Documents/github/research/amr_test_cases_input_files/multi_physics_amr/3x3/0th/../../common.i:15.1: unused parameter 'burnable_absorber_outer_radius'
/home/ebny-walid-ahammed/Documents/github/research/amr_test_cases_input_files/multi_physics_amr/3x3/0th/../../common.i:21.1: unused parameter 'num_bottom_layers'
/home/ebny-walid-ahammed/Documents/github/research/amr_test_cases_input_files/multi_physics_amr/3x3/0th/../../common.i:22.1: unused parameter 'num_middle_layers'
/home/ebny-walid-ahammed/Documents/github/research/amr_test_cases_input_files/multi_physics_amr/3x3/0th/../../common.i:23.1: unused parameter 'num_top_layers'
/home/ebny-walid-ahammed/Documents/github/research/amr_test_cases_input_files/multi_physics_amr/3x3/0th/../../common.i:35.1: unused parameter 'coolant_outlet_pressure'
/home/ebny-walid-ahammed/Documents/github/research/amr_test_cases_input_files/multi_physics_amr/3x3/0th/../../common.i:49.1: unused parameter 'power_per_fuel_pin'
/home/ebny-walid-ahammed/Documents/github/research/amr_test_cases_input_files/multi_physics_amr/3x3/0th/../../common.i:55.1: unused parameter 'mass_flux'
/home/ebny-walid-ahammed/Documents/github/research/amr_test_cases_input_files/multi_physics_amr/3x3/0th/../../common.i:59.1: unused parameter 'side_gap'[39m

[33m
*** Warning ***
/home/ebny-walid-ahammed/Documents/github/research/amr_test_cases_input_files/multi_physics_amr/3x3/0th/../../common.i:3.1: unused parameter 'pi'
/home/ebny-walid-ahammed/Documents/github/research/amr_test_cases_input_files/multi_physics_amr/3x3/0th/../../common.i:9.1: unused parameter 'fuel_outer_radius'
/home/ebny-walid-ahammed/Documents/github/research/amr_test_cases_input_files/multi_physics_amr/3x3/0th/../../common.i:10.1: unused parameter 'cladding_inner_radius'
/home/ebny-walid-ahammed/Documents/github/research/amr_test_cases_input_files/multi_physics_amr/3x3/0th/../../common.i:12.1: unused parameter 'guide_tube_inner_radius'
/home/ebny-walid-ahammed/Documents/github/research/amr_test_cases_input_files/multi_physics_amr/3x3/0th/../../common.i:13.1: unused parameter 'guide_tube_outer_radius'
/home/ebny-walid-ahammed/Documents/github/research/amr_test_cases_input_files/multi_physics_amr/3x3/0th/../../common.i:15.1: unused parameter 'burnable_absorber_outer_radius'
/home/ebny-walid-ahammed/Documents/github/research/amr_test_cases_input_files/multi_physics_amr/3x3/0th/../../common.i:21.1: unused parameter 'num_bottom_layers'
/home/ebny-walid-ahammed/Documents/github/research/amr_test_cases_input_files/multi_physics_amr/3x3/0th/../../common.i:22.1: unused parameter 'num_middle_layers'
/home/ebny-walid-ahammed/Documents/github/research/amr_test_cases_input_files/multi_physics_amr/3x3/0th/../../common.i:23.1: unused parameter 'num_top_layers'
/home/ebny-walid-ahammed/Documents/github/research/amr_test_cases_input_files/multi_physics_amr/3x3/0th/sub_channel.i:17.5: unused parameter 'ICs/q_prime_IC/power'
/home/ebny-walid-ahammed/Documents/github/research/amr_test_cases_input_files/multi_physics_amr/3x3/0th/sub_channel.i:18.5: unused parameter 'ICs/q_prime_IC/filename'[39m

[33m
*** Warning ***
/home/ebny-walid-ahammed/Documents/github/research/amr_test_cases_input_files/multi_physics_amr/common.i:3.1: unused parameter 'pi'
/home/ebny-walid-ahammed/Documents/github/research/amr_test_cases_input_files/multi_physics_amr/common.i:9.1: unused parameter 'fuel_outer_radius'
/home/ebny-walid-ahammed/Documents/github/research/amr_test_cases_input_files/multi_physics_amr/common.i:10.1: unused parameter 'cladding_inner_radius'
/home/ebny-walid-ahammed/Documents/github/research/amr_test_cases_input_files/multi_physics_amr/common.i:12.1: unused parameter 'guide_tube_inner_radius'
/home/ebny-walid-ahammed/Documents/github/research/amr_test_cases_input_files/multi_physics_amr/common.i:13.1: unused parameter 'guide_tube_outer_radius'
/home/ebny-walid-ahammed/Documents/github/research/amr_test_cases_input_files/multi_physics_amr/common.i:15.1: unused parameter 'burnable_absorber_outer_radius'
/home/ebny-walid-ahammed/Documents/github/research/amr_test_cases_input_files/multi_physics_amr/common.i:21.1: unused parameter 'num_bottom_layers'
/home/ebny-walid-ahammed/Documents/github/research/amr_test_cases_input_files/multi_physics_amr/common.i:22.1: unused parameter 'num_middle_layers'
/home/ebny-walid-ahammed/Documents/github/research/amr_test_cases_input_files/multi_physics_amr/common.i:23.1: unused parameter 'num_top_layers'
/home/ebny-walid-ahammed/Documents/github/research/amr_test_cases_input_files/multi_physics_amr/common.i:34.1: unused parameter 'coolant_inlet_temperature'
/home/ebny-walid-ahammed/Documents/github/research/amr_test_cases_input_files/multi_physics_amr/common.i:35.1: unused parameter 'coolant_outlet_pressure'
/home/ebny-walid-ahammed/Documents/github/research/amr_test_cases_input_files/multi_physics_amr/common.i:49.1: unused parameter 'power_per_fuel_pin'
/home/ebny-walid-ahammed/Documents/github/research/amr_test_cases_input_files/multi_physics_amr/common.i:55.1: unused parameter 'mass_flux'
/home/ebny-walid-ahammed/Documents/github/research/amr_test_cases_input_files/multi_physics_amr/common.i:59.1: unused parameter 'side_gap'[39m

Time Step 0, time = 0

Postprocessor Values:
+----------------+----------------+----------------+----------------+----------------+----------------+----------------+
| time           | avg_coolant_T  | avg_coolant_rho| k              | k_std_dev      | max_coolant_T  | max_coolant_rho|
+----------------+----------------+----------------+----------------+----------------+----------------+----------------+
|   0.000000e+00 |   0.000000e+00 |   0.000000e+00 |   0.000000e+00 |   0.000000e+00 |   0.000000e+00 |   0.000000e+00 |
+----------------+----------------+----------------+----------------+----------------+----------------+----------------+
+----------------+----------------+----------------+-----------------------+
| time           | min_coolant_T  | min_coolant_rho| openmc_power_integral |
+----------------+----------------+----------------+-----------------------+
|   0.000000e+00 |   0.000000e+00 |   0.000000e+00 |          0.000000e+00 |
+----------------+----------------+----------------+-----------------------+


Time Step 1, time = 1, dt = 1
[36msub_channel0: [39m
[36msub_channel0: [39mTime Step 0, time = 0
[36msub_channel0: [39m
[36msub_channel0: [39mTime Step 1, time = 1, dt = 1
[36msub_channel0: [39mExecuting subchannel solver
[36msub_channel0: [39mSolution initialized
[36msub_channel0: [39mSolving Outer Iteration : 1
[36msub_channel0: [39mSolving Block: 0 From first level: 1 to last level: 60
[36msub_channel0: [39mBlock: 0 - Enthalpy conservation matrix assembled
[36msub_channel0: [39mStart updating thermophysical properties.
[36msub_channel0: [39mDone updating thermophysical properties.
[36msub_channel0: [39mT_block_error: 6.17261e-06
[36msub_channel0: [39mP_error :0.0560431
[36msub_channel0: [39mIteration:  1
[36msub_channel0: [39mMaximum iterations: 5
[36msub_channel0: [39mSolving Outer Iteration : 2
[36msub_channel0: [39mSolving Block: 0 From first level: 1 to last level: 60
[36msub_channel0: [39mBlock: 0 - Enthalpy conservation matrix assembled
[36msub_channel0: [39mStart updating thermophysical properties.
[36msub_channel0: [39mDone updating thermophysical properties.
[36msub_channel0: [39mT_block_error: 5.34769e-08
[36msub_channel0: [39mP_error :5.12063e-08
[36msub_channel0: [39mIteration:  2
[36msub_channel0: [39mMaximum iterations: 5
[36msub_channel0: [39mFinished executing subchannel solver
[36msub_channel0: [39mCommencing calculation of Pin surface temperature 
[36msub_channel0: [39m ======================================= 
[36msub_channel0: [39m ======== Subchannel Print Outs ======== 
[36msub_channel0: [39m ======================================= 
[36msub_channel0: [39mTotal flow area :0.000984685 m^2
[36msub_channel0: [39mAssembly hydraulic diameter :0.00943815 m
[36msub_channel0: [39mAssembly Re number :382265 [-]
[36msub_channel0: [39mBulk coolant temperature at outlet :559.996 K
[36msub_channel0: [39mPower added to coolant is : -66.7394 Watt
[36msub_channel0: [39mMass flow rate in is : 3.7418 kg/sec
[36msub_channel0: [39mMass balance is : -9.13388e-05 kg/sec
[36msub_channel0: [39mUser defined outlet pressure is : 1.57e+07 Pa
[36msub_channel0: [39m ======================================= 
[36msub_channel0: [39m
[36msub_channel0: [39m[33m
[36msub_channel0: [33m*** Warning ***
[36msub_channel0: [33m/home/ebny-walid-ahammed/Documents/github/research/amr_test_cases_input_files/multi_physics_amr/3x3/0th/../../sub_channel.i:86.1:
[36msub_channel0: [33mThe following occurred in the Problem 'SubChannel Problem' of type QuadSubChannel1PhaseProblem.
[36msub_channel0: [33m
[36msub_channel0: [33mEnergy conservation equation might not be solved correctly, Power added to coolant:  -66.739353 Watt [39m
[36msub_channel0: [39m[32m Solve Converged![39m
[36msub_channel0: [39m
[36msub_channel0_viz0: [39m
[36msub_channel0_viz0: [39mPostprocessor Values:
[36msub_channel0_viz0: [39m+----------------+----------------+----------------+----------------+
[36msub_channel0_viz0: [39m| time           | avg_coolant_T  | max_T_fluid    | min_T_fluid    |
[36msub_channel0_viz0: [39m+----------------+----------------+----------------+----------------+
[36msub_channel0_viz0: [39m|   0.000000e+00 |   0.000000e+00 |   0.000000e+00 |   0.000000e+00 |
[36msub_channel0_viz0: [39m+----------------+----------------+----------------+----------------+
[36msub_channel0_viz0: [39m
[36msub_channel0_viz0: [39m[32m Solve Converged![39m
[36msub_channel0_viz0: [39m
[36msub_channel0_viz0: [39m
[36msub_channel0_viz0: [39mPostprocessor Values:
[36msub_channel0_viz0: [39m+----------------+----------------+----------------+----------------+
[36msub_channel0_viz0: [39m| time           | avg_coolant_T  | max_T_fluid    | min_T_fluid    |
[36msub_channel0_viz0: [39m+----------------+----------------+----------------+----------------+
[36msub_channel0_viz0: [39m|   0.000000e+00 |   0.000000e+00 |   0.000000e+00 |   0.000000e+00 |
[36msub_channel0_viz0: [39m|   1.000000e+00 |   5.599965e+02 |   5.599988e+02 |   5.599956e+02 |
[36msub_channel0_viz0: [39m+----------------+----------------+----------------+----------------+
[36msub_channel0_viz0: [39m
Skipping temperature and density transfer into OpenMC because 'initial_properties = xml'
 Running OpenMC with 2000 particles per batch...
 Maximum neutron transport energy: 20000000 eV for O17
 Initializing source particles...

 ====================>     K EIGENVALUE SIMULATION     <====================

  Bat./Gen.      k            Average k
  =========   ========   ====================
        1/1    1.32840
        2/1    1.32535
        3/1    1.34439
        4/1    1.41429
        5/1    1.40922
        6/1    1.28907
        7/1    1.27053
        8/1    1.32047
        9/1    1.30904
       10/1    1.29965
       11/1    1.37326
       12/1    1.32303
       13/1    1.29166
       14/1    1.38204
       15/1    1.36675
       16/1    1.34470
       17/1    1.38478
       18/1    1.32941
       19/1    1.23409
       20/1    1.36980
       21/1    1.37983
       22/1    1.32310
       23/1    1.30919
       24/1    1.40779
       25/1    1.36308
       26/1    1.36631
       27/1    1.35282
       28/1    1.39738
       29/1    1.27095
       30/1    1.35105
       31/1    1.41133
       32/1    1.32899
       33/1    1.38714
       34/1    1.34270
       35/1    1.37309
       36/1    1.38386
       37/1    1.40334
       38/1    1.30467
       39/1    1.35648
       40/1    1.31675
       41/1    1.30288
       42/1    1.33429
       43/1    1.35084
       44/1    1.35073
       45/1    1.38214
       46/1    1.41440
       47/1    1.36362
       48/1    1.35940
       49/1    1.32400
       50/1    1.38987
       51/1    1.43448
       52/1    1.33378    1.38413 +/- 0.05035
       53/1    1.35302    1.37376 +/- 0.03086
       54/1    1.38558    1.37672 +/- 0.02202
       55/1    1.41745    1.38486 +/- 0.01890
       56/1    1.31780    1.37369 +/- 0.01906
       57/1    1.33237    1.36778 +/- 0.01715
       58/1    1.36116    1.36696 +/- 0.01488
       59/1    1.38553    1.36902 +/- 0.01328
       60/1    1.37969    1.37009 +/- 0.01193
       61/1    1.42129    1.37474 +/- 0.01175
       62/1    1.31847    1.37005 +/- 0.01171
       63/1    1.36959    1.37002 +/- 0.01077
       64/1    1.32342    1.36669 +/- 0.01051
       65/1    1.39680    1.36870 +/- 0.00999
       66/1    1.31778    1.36551 +/- 0.00987
       67/1    1.36512    1.36549 +/- 0.00927
       68/1    1.34735    1.36448 +/- 0.00880
       69/1    1.38311    1.36546 +/- 0.00838
       70/1    1.32641    1.36351 +/- 0.00819
       71/1    1.36534    1.36360 +/- 0.00779
       72/1    1.32737    1.36195 +/- 0.00761
       73/1    1.34074    1.36103 +/- 0.00733
       74/1    1.37828    1.36175 +/- 0.00705
       75/1    1.33456    1.36066 +/- 0.00685
       76/1    1.34382    1.36001 +/- 0.00661
       77/1    1.34136    1.35932 +/- 0.00640
       78/1    1.38613    1.36028 +/- 0.00624
       79/1    1.32950    1.35922 +/- 0.00612
       80/1    1.34085    1.35861 +/- 0.00594
       81/1    1.36146    1.35870 +/- 0.00575
       82/1    1.32591    1.35767 +/- 0.00566
       83/1    1.36514    1.35790 +/- 0.00549
       84/1    1.38437    1.35868 +/- 0.00538
       85/1    1.36189    1.35877 +/- 0.00523
       86/1    1.31971    1.35768 +/- 0.00519
       87/1    1.31498    1.35653 +/- 0.00518
       88/1    1.36084    1.35664 +/- 0.00504
       89/1    1.38067    1.35726 +/- 0.00495
       90/1    1.33199    1.35663 +/- 0.00487
       91/1    1.43991    1.35866 +/- 0.00516
       92/1    1.34614    1.35836 +/- 0.00505
       93/1    1.31490    1.35735 +/- 0.00503
       94/1    1.34942    1.35717 +/- 0.00492
       95/1    1.35043    1.35702 +/- 0.00481
       96/1    1.33879    1.35662 +/- 0.00472
       97/1    1.31534    1.35575 +/- 0.00470
       98/1    1.37209    1.35609 +/- 0.00462
       99/1    1.28024    1.35454 +/- 0.00478
      100/1    1.36945    1.35484 +/- 0.00469
      101/1    1.37226    1.35518 +/- 0.00461
      102/1    1.37399    1.35554 +/- 0.00454
      103/1    1.29841    1.35446 +/- 0.00458
      104/1    1.32827    1.35398 +/- 0.00452
      105/1    1.38164    1.35448 +/- 0.00446
      106/1    1.34479    1.35431 +/- 0.00439
      107/1    1.36498    1.35449 +/- 0.00431
      108/1    1.31145    1.35375 +/- 0.00430
      109/1    1.36398    1.35393 +/- 0.00423
      110/1    1.38667    1.35447 +/- 0.00420
      111/1    1.32794    1.35404 +/- 0.00415
      112/1    1.42234    1.35514 +/- 0.00423
      113/1    1.37564    1.35546 +/- 0.00417
      114/1    1.30896    1.35474 +/- 0.00417
      115/1    1.38105    1.35514 +/- 0.00413
      116/1    1.30870    1.35444 +/- 0.00413
      117/1    1.35129    1.35439 +/- 0.00406
      118/1    1.32955    1.35403 +/- 0.00402
      119/1    1.33940    1.35381 +/- 0.00397
      120/1    1.33109    1.35349 +/- 0.00392
      121/1    1.33380    1.35321 +/- 0.00388
      122/1    1.39486    1.35379 +/- 0.00387
      123/1    1.39203    1.35431 +/- 0.00385
      124/1    1.45496    1.35567 +/- 0.00403
      125/1    1.38699    1.35609 +/- 0.00400
      126/1    1.33821    1.35586 +/- 0.00396
      127/1    1.36732    1.35601 +/- 0.00391
      128/1    1.39115    1.35646 +/- 0.00388
      129/1    1.38971    1.35688 +/- 0.00386
      130/1    1.35362    1.35684 +/- 0.00381
      131/1    1.30596    1.35621 +/- 0.00381
      132/1    1.32279    1.35580 +/- 0.00379
      133/1    1.31756    1.35534 +/- 0.00377
      134/1    1.35031    1.35528 +/- 0.00373
      135/1    1.35344    1.35526 +/- 0.00368
      136/1    1.36116    1.35533 +/- 0.00364
      137/1    1.36853    1.35548 +/- 0.00360
      138/1    1.34498    1.35536 +/- 0.00356
      139/1    1.39460    1.35580 +/- 0.00355
      140/1    1.37899    1.35606 +/- 0.00352
      141/1    1.32123    1.35567 +/- 0.00350
      142/1    1.35249    1.35564 +/- 0.00346
      143/1    1.35528    1.35564 +/- 0.00342
      144/1    1.35063    1.35558 +/- 0.00339
      145/1    1.38718    1.35592 +/- 0.00337
      146/1    1.35614    1.35592 +/- 0.00333
      147/1    1.41168    1.35649 +/- 0.00335
      148/1    1.39163    1.35685 +/- 0.00333
      149/1    1.27213    1.35600 +/- 0.00341
      150/1    1.32765    1.35571 +/- 0.00339
 Creating state point statepoint.150.h5...

 =======================>     TIMING STATISTICS     <=======================

 Total time for initialization     = 1.2762e+00 seconds
   Reading cross sections          = 1.2682e+00 seconds
 Total time in simulation          = 5.1415e+00 seconds
   Time in transport only          = 5.0755e+00 seconds
   Time in inactive batches        = 6.9881e-01 seconds
   Time in active batches          = 4.4427e+00 seconds
   Time synchronizing fission bank = 1.8286e-02 seconds
     Sampling source sites         = 1.5174e-02 seconds
     SEND/RECV source sites        = 2.8173e-03 seconds
   Time accumulating tallies       = 2.8037e-02 seconds
   Time writing statepoints        = 6.5096e-03 seconds
 Total time for finalization       = 1.6776e-02 seconds
 Total time elapsed                = 6.4465e+00 seconds
 Calculation Rate (inactive)       = 143100 particles/second
 Calculation Rate (active)         = 45017.8 particles/second

 ============================>     RESULTS     <============================

 k-effective (Collision)     = 1.35558 +/- 0.00268
 k-effective (Track-length)  = 1.35571 +/- 0.00339
 k-effective (Absorption)    = 1.35528 +/- 0.00230
 Combined k-effective        = 1.35543 +/- 0.00188
 Leakage Fraction            = 0.00010 +/- 0.00002

Currently Executing    Finished Solving OpenMC                                                              [[33m  5.17 s[39m] [[33m 1232 MB[39m]
Extracting OpenMC tallies...
[32m Solve Converged![39m

  Finished Solving                                                                       [[33m  5.21 s[39m] [[33m 1232 MB[39m]
[36msolid0: [39m
[36msolid0: [39mTime Step 1, time = 1, dt = 1
[36msolid0: [39m 0 Nonlinear |R| = [32m5.267254e+04[39m
[36msolid0: [39m      0 Linear |R| = [32m5.267254e+04[39m
[36msolid0: [39m      1 Linear |R| = [32m2.138368e+03[39m
[36msolid0: [39m      2 Linear |R| = [32m5.509087e+02[39m
[36msolid0: [39m      3 Linear |R| = [32m2.624143e+02[39m
[36msolid0: [39m      4 Linear |R| = [32m5.657276e+01[39m
[36msolid0: [39m      5 Linear |R| = [32m8.699482e+00[39m
[36msolid0: [39m      6 Linear |R| = [32m1.799946e+00[39m
[36msolid0: [39m      7 Linear |R| = [32m3.853888e-01[39m
[36msolid0: [39m 1 Nonlinear |R| = [32m3.786208e+01[39m
[36msolid0: [39m      0 Linear |R| = [32m3.786208e+01[39m
[36msolid0: [39m      1 Linear |R| = [32m1.231715e+00[39m
[36msolid0: [39m      2 Linear |R| = [32m1.237203e-01[39m
[36msolid0: [39m      3 Linear |R| = [32m4.125395e-02[39m
[36msolid0: [39m      4 Linear |R| = [32m2.046290e-02[39m
[36msolid0: [39m      5 Linear |R| = [32m6.616113e-03[39m
[36msolid0: [39m      6 Linear |R| = [32m1.133128e-03[39m
[36msolid0: [39m      7 Linear |R| = [32m2.181601e-04[39m
[36msolid0: [39m 2 Nonlinear |R| = [32m2.612163e-04[39m
[36msolid0: [39m[32m Solve Converged![39m
[36msolid0: [39m
[36msolid0: [39mFinished Solving                                                                 [[33m  7.37 s[39m] [[33m 1262 MB[39m]
[36msolid0: [39m
[36msolid0: [39mPostprocessor Values:
[36msolid0: [39m+----------------+----------------+---------------------------+----------------+----------------+----------------+----------------+
[36msolid0: [39m| time           | avg_fuel_T     | conduction_power_integral | max_T_wall_send| max_clad_T     | max_fuel_T     | min_T_wall_send|
[36msolid0: [39m+----------------+----------------+---------------------------+----------------+----------------+----------------+----------------+
[36msolid0: [39m|   0.000000e+00 |   0.000000e+00 |              0.000000e+00 |   0.000000e+00 |   0.000000e+00 |   0.000000e+00 |   0.000000e+00 |
[36msolid0: [39m|   1.000000e+00 |   3.883513e+02 |              8.549444e+05 |   5.599995e+02 |   5.580360e+02 |   5.631977e+02 |   5.599956e+02 |
[36msolid0: [39m+----------------+----------------+---------------------------+----------------+----------------+----------------+----------------+
[36msolid0: [39m
[36msolid0: [39m
[36msolid0: [39mPostprocessor Values:
[36msolid0: [39m+----------------+----------------+---------------------------+----------------+----------------+----------------+----------------+
[36msolid0: [39m| time           | avg_fuel_T     | conduction_power_integral | max_T_wall_send| max_clad_T     | max_fuel_T     | min_T_wall_send|
[36msolid0: [39m+----------------+----------------+---------------------------+----------------+----------------+----------------+----------------+
[36msolid0: [39m|   0.000000e+00 |   0.000000e+00 |              0.000000e+00 |   0.000000e+00 |   0.000000e+00 |   0.000000e+00 |   0.000000e+00 |
[36msolid0: [39m|   1.000000e+00 |   3.883513e+02 |              8.549444e+05 |   5.599995e+02 |   5.580360e+02 |   5.631977e+02 |   5.599956e+02 |
[36msolid0: [39m+----------------+----------------+---------------------------+----------------+----------------+----------------+----------------+
[36msolid0: [39m
    Finished Executing MultiApps                                                         [[33m  7.93 s[39m] [[33m 1262 MB[39m]
  Finished Executing MultiApps                                                           [[33m  7.93 s[39m] [[33m 1262 MB[39m]

Postprocessor Values:
+----------------+----------------+----------------+----------------+----------------+----------------+----------------+
| time           | avg_coolant_T  | avg_coolant_rho| k              | k_std_dev      | max_coolant_T  | max_coolant_rho|
+----------------+----------------+----------------+----------------+----------------+----------------+----------------+
|   0.000000e+00 |   0.000000e+00 |   0.000000e+00 |   0.000000e+00 |   0.000000e+00 |   0.000000e+00 |   0.000000e+00 |
|   1.000000e+00 |   5.599964e+02 |   7.524099e+02 |   1.355427e+00 |   1.883971e-03 |   5.599976e+02 |   7.524436e+02 |
+----------------+----------------+----------------+----------------+----------------+----------------+----------------+
+----------------+----------------+----------------+-----------------------+
| time           | min_coolant_T  | min_coolant_rho| openmc_power_integral |
+----------------+----------------+----------------+-----------------------+
|   0.000000e+00 |   0.000000e+00 |   0.000000e+00 |          0.000000e+00 |
|   1.000000e+00 |   5.599956e+02 |   7.523759e+02 |          8.549444e+05 |
+----------------+----------------+----------------+-----------------------+


Time Step 2, time = 2, dt = 1
[36msub_channel0: [39m
[36msub_channel0: [39mTime Step 0, time = 0
[36msub_channel0: [39m
[36msub_channel0: [39mTime Step 1, time = 1, dt = 1
[36msub_channel0: [39mExecuting subchannel solver
[36msub_channel0: [39mSolution initialized
[36msub_channel0: [39mSolving Outer Iteration : 1
[36msub_channel0: [39mSolving Block: 0 From first level: 1 to last level: 60
[36msub_channel0: [39mBlock: 0 - Enthalpy conservation matrix assembled
[36msub_channel0: [39mStart updating thermophysical properties.
[36msub_channel0: [39mDone updating thermophysical properties.
[36msub_channel0: [39mT_block_error: 0.0386477
[36msub_channel0: [39mBlock: 0 - Enthalpy conservation matrix assembled
[36msub_channel0: [39mStart updating thermophysical properties.
[36msub_channel0: [39mDone updating thermophysical properties.
[36msub_channel0: [39mT_block_error: 0.000156693
[36msub_channel0: [39mBlock: 0 - Enthalpy conservation matrix assembled
[36msub_channel0: [39mStart updating thermophysical properties.
[36msub_channel0: [39mDone updating thermophysical properties.
[36msub_channel0: [39mT_block_error: 6.51173e-07
[36msub_channel0: [39mP_error :0.00416674
[36msub_channel0: [39mIteration:  1
[36msub_channel0: [39mMaximum iterations: 5
[36msub_channel0: [39mSolving Outer Iteration : 2
[36msub_channel0: [39mSolving Block: 0 From first level: 1 to last level: 60
[36msub_channel0: [39mBlock: 0 - Enthalpy conservation matrix assembled
[36msub_channel0: [39mStart updating thermophysical properties.
[36msub_channel0: [39mDone updating thermophysical properties.
[36msub_channel0: [39mT_block_error: 2.50789e-09
[36msub_channel0: [39mP_error :1.16444e-07
[36msub_channel0: [39mIteration:  2
[36msub_channel0: [39mMaximum iterations: 5
[36msub_channel0: [39mFinished executing subchannel solver
[36msub_channel0: [39mCommencing calculation of Pin surface temperature 
[36msub_channel0: [39m ======================================= 
[36msub_channel0: [39m ======== Subchannel Print Outs ======== 
[36msub_channel0: [39m ======================================= 
[36msub_channel0: [39mTotal flow area :0.000984685 m^2
[36msub_channel0: [39mAssembly hydraulic diameter :0.00943815 m
[36msub_channel0: [39mAssembly Re number :382269 [-]
[36msub_channel0: [39mBulk coolant temperature at outlet :592.231 K
[36msub_channel0: [39mPower added to coolant is : 798298 Watt
[36msub_channel0: [39mMass flow rate in is : 3.7418 kg/sec
[36msub_channel0: [39mMass balance is : 0.0884063 kg/sec
[36msub_channel0: [39mUser defined outlet pressure is : 1.57e+07 Pa
[36msub_channel0: [39m ======================================= 
[36msub_channel0: [39m[32m Solve Converged![39m
[36msub_channel0: [39m
[36msub_channel0_viz0: [39m
[36msub_channel0_viz0: [39mPostprocessor Values:
[36msub_channel0_viz0: [39m+----------------+----------------+----------------+----------------+
[36msub_channel0_viz0: [39m| time           | avg_coolant_T  | max_T_fluid    | min_T_fluid    |
[36msub_channel0_viz0: [39m+----------------+----------------+----------------+----------------+
[36msub_channel0_viz0: [39m|   0.000000e+00 |   5.599965e+02 |   5.599988e+02 |   5.599956e+02 |
[36msub_channel0_viz0: [39m+----------------+----------------+----------------+----------------+
[36msub_channel0_viz0: [39m
[36msub_channel0_viz0: [39m[32m Solve Converged![39m
[36msub_channel0_viz0: [39m
[36msub_channel0_viz0: [39m
[36msub_channel0_viz0: [39mPostprocessor Values:
[36msub_channel0_viz0: [39m+----------------+----------------+----------------+----------------+
[36msub_channel0_viz0: [39m| time           | avg_coolant_T  | max_T_fluid    | min_T_fluid    |
[36msub_channel0_viz0: [39m+----------------+----------------+----------------+----------------+
[36msub_channel0_viz0: [39m|   0.000000e+00 |   5.599965e+02 |   5.599988e+02 |   5.599956e+02 |
[36msub_channel0_viz0: [39m|   1.000000e+00 |   5.819317e+02 |   5.945823e+02 |   5.603822e+02 |
[36msub_channel0_viz0: [39m+----------------+----------------+----------------+----------------+
[36msub_channel0_viz0: [39m
Sending temperature to OpenMC cells... 
Setting cell id 13, instance 0 (of 9) [1 contained cells] to temperature (K): 370.471
Setting cell id 13, instance 1 (of 9) [1 contained cells] to temperature (K): 370.291
Setting cell id 13, instance 2 (of 9) [1 contained cells] to temperature (K): 368.398
Setting cell id 13, instance 3 (of 9) [1 contained cells] to temperature (K): 369.242
Setting cell id 13, instance 4 (of 9) [1 contained cells] to temperature (K): 373.248
Setting cell id 13, instance 5 (of 9) [1 contained cells] to temperature (K): 371.422
Setting cell id 13, instance 6 (of 9) [1 contained cells] to temperature (K): 366.251
Setting cell id 13, instance 7 (of 9) [1 contained cells] to temperature (K): 369.834
Setting cell id 13, instance 8 (of 9) [1 contained cells] to temperature (K): 369.004
Setting cell id 14, instance 0 (of 9) [1 contained cells] to temperature (K): 516.021
Setting cell id 14, instance 1 (of 9) [1 contained cells] to temperature (K): 515.697
Setting cell id 14, instance 2 (of 9) [1 contained cells] to temperature (K): 515.582
Setting cell id 14, instance 3 (of 9) [1 contained cells] to temperature (K): 515.066
Setting cell id 14, instance 4 (of 9) [1 contained cells] to temperature (K): 516.241
Setting cell id 14, instance 5 (of 9) [1 contained cells] to temperature (K): 516.257
Setting cell id 14, instance 6 (of 9) [1 contained cells] to temperature (K): 514.562
Setting cell id 14, instance 7 (of 9) [1 contained cells] to temperature (K): 515.038
Setting cell id 14, instance 8 (of 9) [1 contained cells] to temperature (K): 514.649
Setting cell id 16, instance 0 (of 9) [1 contained cells] to temperature (K): 581.848
Setting cell id 16, instance 1 (of 9) [1 contained cells] to temperature (K): 582.979
Setting cell id 16, instance 2 (of 9) [1 contained cells] to temperature (K): 581.836
Setting cell id 16, instance 3 (of 9) [1 contained cells] to temperature (K): 582.825
Setting cell id 16, instance 4 (of 9) [1 contained cells] to temperature (K): 584.182
Setting cell id 16, instance 5 (of 9) [1 contained cells] to temperature (K): 582.962
Setting cell id 16, instance 6 (of 9) [1 contained cells] to temperature (K): 581.571
Setting cell id 16, instance 7 (of 9) [1 contained cells] to temperature (K): 582.801
Setting cell id 16, instance 8 (of 9) [1 contained cells] to temperature (K): 581.747
Sending density to OpenMC cells... 
Setting cell id 16, instance 0 (of 9) to density (kg/m3): 707.02
Setting cell id 16, instance 1 (of 9) to density (kg/m3): 704.349
Setting cell id 16, instance 2 (of 9) to density (kg/m3): 707.038
Setting cell id 16, instance 3 (of 9) to density (kg/m3): 704.714
Setting cell id 16, instance 4 (of 9) to density (kg/m3): 701.484
Setting cell id 16, instance 5 (of 9) to density (kg/m3): 704.402
Setting cell id 16, instance 6 (of 9) to density (kg/m3): 707.674
Setting cell id 16, instance 7 (of 9) to density (kg/m3): 704.788
Setting cell id 16, instance 8 (of 9) to density (kg/m3): 707.273
 Running OpenMC with 2000 particles per batch...
 Maximum neutron transport energy: 20000000 eV for O17
 Initializing source particles...

 ====================>     K EIGENVALUE SIMULATION     <====================

  Bat./Gen.      k            Average k
  =========   ========   ====================
        1/1    1.31396
        2/1    1.27307
        3/1    1.35954
        4/1    1.31502
        5/1    1.29786
        6/1    1.33719
        7/1    1.26869
        8/1    1.33713
        9/1    1.31603
       10/1    1.31875
       11/1    1.32043
       12/1    1.26683
       13/1    1.34935
       14/1    1.36531
       15/1    1.28980
       16/1    1.28893
       17/1    1.28296
       18/1    1.30041
       19/1    1.35177
       20/1    1.30876
       21/1    1.27851
       22/1    1.31675
       23/1    1.31496
       24/1    1.32238
       25/1    1.28478
       26/1    1.24552
       27/1    1.22932
       28/1    1.29731
       29/1    1.28832
       30/1    1.34665
       31/1    1.29080
       32/1    1.29973
       33/1    1.29480
       34/1    1.29513
       35/1    1.27982
       36/1    1.34532
       37/1    1.32868
       38/1    1.31568
       39/1    1.32380
       40/1    1.32551
       41/1    1.30525
       42/1    1.31445
       43/1    1.30759
       44/1    1.34085
       45/1    1.32845
       46/1    1.31409
       47/1    1.33992
       48/1    1.35674
       49/1    1.38523
       50/1    1.33093
       51/1    1.33712
       52/1    1.28029    1.30870 +/- 0.02841
       53/1    1.33708    1.31816 +/- 0.01894
       54/1    1.27735    1.30796 +/- 0.01683
       55/1    1.37088    1.32054 +/- 0.01812
       56/1    1.29449    1.31620 +/- 0.01542
       57/1    1.33359    1.31868 +/- 0.01327
       58/1    1.29039    1.31515 +/- 0.01202
       59/1    1.33643    1.31751 +/- 0.01086
       60/1    1.27524    1.31329 +/- 0.01060
       61/1    1.28890    1.31107 +/- 0.00984
       62/1    1.33184    1.31280 +/- 0.00915
       63/1    1.29542    1.31146 +/- 0.00852
       64/1    1.29070    1.30998 +/- 0.00802
       65/1    1.28505    1.30832 +/- 0.00765
       66/1    1.27964    1.30652 +/- 0.00738
       67/1    1.33025    1.30792 +/- 0.00707
       68/1    1.25434    1.30494 +/- 0.00730
       69/1    1.28399    1.30384 +/- 0.00699
       70/1    1.32218    1.30476 +/- 0.00670
       71/1    1.35420    1.30711 +/- 0.00679
       72/1    1.36338    1.30967 +/- 0.00696
       73/1    1.32196    1.31020 +/- 0.00667
       74/1    1.34705    1.31174 +/- 0.00657
       75/1    1.30324    1.31140 +/- 0.00631
       76/1    1.32600    1.31196 +/- 0.00609
       77/1    1.28101    1.31081 +/- 0.00597
       78/1    1.38194    1.31335 +/- 0.00629
       79/1    1.29416    1.31269 +/- 0.00611
       80/1    1.33353    1.31339 +/- 0.00594
       81/1    1.32498    1.31376 +/- 0.00576
       82/1    1.32442    1.31409 +/- 0.00558
       83/1    1.28282    1.31315 +/- 0.00549
       84/1    1.27248    1.31195 +/- 0.00546
       85/1    1.35623    1.31322 +/- 0.00545
       86/1    1.37841    1.31503 +/- 0.00560
       87/1    1.26156    1.31358 +/- 0.00564
       88/1    1.36074    1.31482 +/- 0.00562
       89/1    1.27936    1.31391 +/- 0.00555
       90/1    1.31730    1.31400 +/- 0.00541
       91/1    1.30863    1.31387 +/- 0.00528
       92/1    1.39885    1.31589 +/- 0.00554
       93/1    1.25243    1.31441 +/- 0.00560
       94/1    1.36695    1.31561 +/- 0.00560
       95/1    1.29156    1.31507 +/- 0.00550
       96/1    1.34928    1.31582 +/- 0.00543
       97/1    1.35577    1.31667 +/- 0.00538
       98/1    1.26522    1.31560 +/- 0.00538
       99/1    1.35016    1.31630 +/- 0.00532
      100/1    1.33548    1.31668 +/- 0.00522
      101/1    1.33121    1.31697 +/- 0.00513
      102/1    1.28629    1.31638 +/- 0.00506
      103/1    1.32025    1.31645 +/- 0.00497
      104/1    1.33491    1.31679 +/- 0.00488
      105/1    1.35259    1.31745 +/- 0.00484
      106/1    1.31584    1.31742 +/- 0.00475
      107/1    1.31848    1.31744 +/- 0.00467
      108/1    1.32978    1.31765 +/- 0.00459
      109/1    1.39703    1.31899 +/- 0.00471
      110/1    1.37036    1.31985 +/- 0.00471
      111/1    1.33506    1.32010 +/- 0.00464
      112/1    1.32745    1.32022 +/- 0.00456
      113/1    1.28298    1.31963 +/- 0.00453
      114/1    1.27361    1.31891 +/- 0.00452
      115/1    1.28262    1.31835 +/- 0.00448
      116/1    1.35271    1.31887 +/- 0.00444
      117/1    1.29364    1.31849 +/- 0.00439
      118/1    1.32747    1.31863 +/- 0.00433
      119/1    1.28576    1.31815 +/- 0.00429
      120/1    1.32375    1.31823 +/- 0.00423
      121/1    1.30895    1.31810 +/- 0.00417
      122/1    1.39056    1.31910 +/- 0.00424
      123/1    1.30794    1.31895 +/- 0.00418
      124/1    1.28774    1.31853 +/- 0.00415
      125/1    1.23374    1.31740 +/- 0.00424
      126/1    1.38719    1.31832 +/- 0.00429
      127/1    1.32724    1.31843 +/- 0.00423
      128/1    1.39007    1.31935 +/- 0.00428
      129/1    1.36359    1.31991 +/- 0.00426
      130/1    1.36697    1.32050 +/- 0.00425
      131/1    1.34469    1.32080 +/- 0.00420
      132/1    1.30686    1.32063 +/- 0.00416
      133/1    1.35784    1.32108 +/- 0.00413
      134/1    1.36870    1.32164 +/- 0.00412
      135/1    1.26577    1.32099 +/- 0.00412
      136/1    1.35847    1.32142 +/- 0.00410
      137/1    1.31547    1.32135 +/- 0.00405
      138/1    1.33546    1.32151 +/- 0.00401
      139/1    1.22810    1.32046 +/- 0.00410
      140/1    1.38153    1.32114 +/- 0.00411
      141/1    1.28806    1.32078 +/- 0.00408
      142/1    1.38748    1.32150 +/- 0.00410
      143/1    1.36444    1.32197 +/- 0.00408
      144/1    1.38454    1.32263 +/- 0.00409
      145/1    1.27092    1.32209 +/- 0.00409
      146/1    1.32703    1.32214 +/- 0.00405
      147/1    1.25571    1.32145 +/- 0.00406
      148/1    1.27400    1.32097 +/- 0.00405
      149/1    1.26016    1.32036 +/- 0.00405
      150/1    1.32549    1.32041 +/- 0.00401
 Creating state point statepoint.150.h5...

 =======================>     TIMING STATISTICS     <=======================

 Total time for initialization     = 0.0000e+00 seconds
   Reading cross sections          = 0.0000e+00 seconds
 Total time in simulation          = 5.4429e+00 seconds
   Time in transport only          = 5.3746e+00 seconds
   Time in inactive batches        = 8.2187e-01 seconds
   Time in active batches          = 4.6210e+00 seconds
   Time synchronizing fission bank = 1.7809e-02 seconds
     Sampling source sites         = 1.5098e-02 seconds
     SEND/RECV source sites        = 2.3511e-03 seconds
   Time accumulating tallies       = 3.1594e-02 seconds
   Time writing statepoints        = 6.4609e-03 seconds
 Total time for finalization       = 1.0163e-01 seconds
 Total time elapsed                = 5.5563e+00 seconds
 Calculation Rate (inactive)       = 121674 particles/second
 Calculation Rate (active)         = 43280.7 particles/second

 ============================>     RESULTS     <============================

 k-effective (Collision)     = 1.32003 +/- 0.00327
 k-effective (Track-length)  = 1.32041 +/- 0.00401
 k-effective (Absorption)    = 1.32279 +/- 0.00234
 Combined k-effective        = 1.32214 +/- 0.00226
 Leakage Fraction            = 0.00020 +/- 0.00004

    Finished Solving OpenMC                                                              [[33m  5.56 s[39m] [[33m 1270 MB[39m]
Extracting OpenMC tallies...
[32m Solve Converged![39m

  Finished Solving                                                                       [[33m  5.61 s[39m] [[33m 1270 MB[39m]
[36msolid0: [39m
[36msolid0: [39mTime Step 2, time = 2, dt = 1
[36msolid0: [39m 0 Nonlinear |R| = [32m8.389198e+03[39m
[36msolid0: [39m      0 Linear |R| = [32m8.389198e+03[39m
[36msolid0: [39m      1 Linear |R| = [32m1.119884e+03[39m
[36msolid0: [39m      2 Linear |R| = [32m4.553950e+02[39m
[36msolid0: [39m      3 Linear |R| = [32m1.605347e+02[39m
[36msolid0: [39m      4 Linear |R| = [32m3.034986e+01[39m
[36msolid0: [39m      5 Linear |R| = [32m5.040866e+00[39m
[36msolid0: [39m      6 Linear |R| = [32m1.206088e+00[39m
[36msolid0: [39m      7 Linear |R| = [32m2.065634e-01[39m
[36msolid0: [39m      8 Linear |R| = [32m2.915444e-02[39m
[36msolid0: [39m 1 Nonlinear |R| = [32m1.242905e-01[39m
[36msolid0: [39m      0 Linear |R| = [32m1.242905e-01[39m
[36msolid0: [39m      1 Linear |R| = [32m6.378360e-03[39m
[36msolid0: [39m      2 Linear |R| = [32m1.064740e-03[39m
[36msolid0: [39m      3 Linear |R| = [32m4.784370e-04[39m
[36msolid0: [39m      4 Linear |R| = [32m1.944267e-04[39m
[36msolid0: [39m      5 Linear |R| = [32m3.563554e-05[39m
[36msolid0: [39m      6 Linear |R| = [32m5.794258e-06[39m
[36msolid0: [39m      7 Linear |R| = [32m9.602028e-07[39m
[36msolid0: [39m 2 Nonlinear |R| = [32m1.020544e-06[39m
[36msolid0: [39m[32m Solve Converged![39m
[36msolid0: [39m
[36msolid0: [39mFinished Solving                                                                 [[33m  7.56 s[39m] [[33m 1270 MB[39m]
[36msolid0: [39m
[36msolid0: [39mPostprocessor Values:
[36msolid0: [39m+----------------+----------------+---------------------------+----------------+----------------+----------------+----------------+
[36msolid0: [39m| time           | avg_fuel_T     | conduction_power_integral | max_T_wall_send| max_clad_T     | max_fuel_T     | min_T_wall_send|
[36msolid0: [39m+----------------+----------------+---------------------------+----------------+----------------+----------------+----------------+
[36msolid0: [39m|   0.000000e+00 |   0.000000e+00 |              0.000000e+00 |   0.000000e+00 |   0.000000e+00 |   0.000000e+00 |   0.000000e+00 |
[36msolid0: [39m|   1.000000e+00 |   3.883513e+02 |              8.549444e+05 |   5.599995e+02 |   5.580360e+02 |   5.631977e+02 |   5.599956e+02 |
[36msolid0: [39m|   2.000000e+00 |   6.636712e+02 |              8.549444e+05 |   6.409837e+02 |   6.746879e+02 |   9.544290e+02 |   5.986320e+02 |
[36msolid0: [39m+----------------+----------------+---------------------------+----------------+----------------+----------------+----------------+
[36msolid0: [39m
[36msolid0: [39m
[36msolid0: [39mPostprocessor Values:
[36msolid0: [39m+----------------+----------------+---------------------------+----------------+----------------+----------------+----------------+
[36msolid0: [39m| time           | avg_fuel_T     | conduction_power_integral | max_T_wall_send| max_clad_T     | max_fuel_T     | min_T_wall_send|
[36msolid0: [39m+----------------+----------------+---------------------------+----------------+----------------+----------------+----------------+
[36msolid0: [39m|   0.000000e+00 |   0.000000e+00 |              0.000000e+00 |   0.000000e+00 |   0.000000e+00 |   0.000000e+00 |   0.000000e+00 |
[36msolid0: [39m|   1.000000e+00 |   3.883513e+02 |              8.549444e+05 |   5.599995e+02 |   5.580360e+02 |   5.631977e+02 |   5.599956e+02 |
[36msolid0: [39m|   2.000000e+00 |   6.636712e+02 |              8.549444e+05 |   6.409837e+02 |   6.746879e+02 |   9.544290e+02 |   5.986320e+02 |
[36msolid0: [39m+----------------+----------------+---------------------------+----------------+----------------+----------------+----------------+
[36msolid0: [39m
    Finished Executing MultiApps                                                         [[33m  8.10 s[39m] [[33m 1270 MB[39m]
  Finished Executing MultiApps                                                           [[33m  8.10 s[39m] [[33m 1270 MB[39m]

Postprocessor Values:
+----------------+----------------+----------------+----------------+----------------+----------------+----------------+
| time           | avg_coolant_T  | avg_coolant_rho| k              | k_std_dev      | max_coolant_T  | max_coolant_rho|
+----------------+----------------+----------------+----------------+----------------+----------------+----------------+
|   0.000000e+00 |   0.000000e+00 |   0.000000e+00 |   0.000000e+00 |   0.000000e+00 |   0.000000e+00 |   0.000000e+00 |
|   1.000000e+00 |   5.599964e+02 |   7.524099e+02 |   1.355427e+00 |   1.883971e-03 |   5.599976e+02 |   7.524436e+02 |
|   2.000000e+00 |   5.825279e+02 |   7.054159e+02 |   1.322142e+00 |   2.256852e-03 |   5.945761e+02 |   7.496028e+02 |
+----------------+----------------+----------------+----------------+----------------+----------------+----------------+
+----------------+----------------+----------------+-----------------------+
| time           | min_coolant_T  | min_coolant_rho| openmc_power_integral |
+----------------+----------------+----------------+-----------------------+
|   0.000000e+00 |   0.000000e+00 |   0.000000e+00 |          0.000000e+00 |
|   1.000000e+00 |   5.599956e+02 |   7.523759e+02 |          8.549444e+05 |
|   2.000000e+00 |   5.615372e+02 |   6.770036e+02 |          8.549444e+05 |
+----------------+----------------+----------------+-----------------------+


Time Step 3, time = 3, dt = 1
[36msub_channel0: [39m
[36msub_channel0: [39mTime Step 0, time = 0
[36msub_channel0: [39m
[36msub_channel0: [39mTime Step 1, time = 1, dt = 1
[36msub_channel0: [39mExecuting subchannel solver
[36msub_channel0: [39mSolution initialized
[36msub_channel0: [39mSolving Outer Iteration : 1
[36msub_channel0: [39mSolving Block: 0 From first level: 1 to last level: 60
[36msub_channel0: [39mBlock: 0 - Enthalpy conservation matrix assembled
[36msub_channel0: [39mStart updating thermophysical properties.
[36msub_channel0: [39mDone updating thermophysical properties.
[36msub_channel0: [39mT_block_error: 0.00451948
[36msub_channel0: [39mBlock: 0 - Enthalpy conservation matrix assembled
[36msub_channel0: [39mStart updating thermophysical properties.
[36msub_channel0: [39mDone updating thermophysical properties.
[36msub_channel0: [39mT_block_error: 1.858e-05
[36msub_channel0: [39mBlock: 0 - Enthalpy conservation matrix assembled
[36msub_channel0: [39mStart updating thermophysical properties.
[36msub_channel0: [39mDone updating thermophysical properties.
[36msub_channel0: [39mT_block_error: 7.91878e-08
[36msub_channel0: [39mP_error :0.000972511
[36msub_channel0: [39mIteration:  1
[36msub_channel0: [39mMaximum iterations: 5
[36msub_channel0: [39mSolving Outer Iteration : 2
[36msub_channel0: [39mSolving Block: 0 From first level: 1 to last level: 60
[36msub_channel0: [39mBlock: 0 - Enthalpy conservation matrix assembled
[36msub_channel0: [39mStart updating thermophysical properties.
[36msub_channel0: [39mDone updating thermophysical properties.
[36msub_channel0: [39mT_block_error: 3.23696e-10
[36msub_channel0: [39mP_error :2.41779e-08
[36msub_channel0: [39mIteration:  2
[36msub_channel0: [39mMaximum iterations: 5
[36msub_channel0: [39mFinished executing subchannel solver
[36msub_channel0: [39mCommencing calculation of Pin surface temperature 
[36msub_channel0: [39m ======================================= 
[36msub_channel0: [39m ======== Subchannel Print Outs ======== 
[36msub_channel0: [39m ======================================= 
[36msub_channel0: [39mTotal flow area :0.000984685 m^2
[36msub_channel0: [39mAssembly hydraulic diameter :0.00943815 m
[36msub_channel0: [39mAssembly Re number :382270 [-]
[36msub_channel0: [39mBulk coolant temperature at outlet :598.899 K
[36msub_channel0: [39mPower added to coolant is : 845537 Watt
[36msub_channel0: [39mMass flow rate in is : 3.7418 kg/sec
[36msub_channel0: [39mMass balance is : 0.0128146 kg/sec
[36msub_channel0: [39mUser defined outlet pressure is : 1.57e+07 Pa
[36msub_channel0: [39m ======================================= 
[36msub_channel0: [39m[32m Solve Converged![39m
[36msub_channel0: [39m
[36msub_channel0_viz0: [39m
[36msub_channel0_viz0: [39mPostprocessor Values:
[36msub_channel0_viz0: [39m+----------------+----------------+----------------+----------------+
[36msub_channel0_viz0: [39m| time           | avg_coolant_T  | max_T_fluid    | min_T_fluid    |
[36msub_channel0_viz0: [39m+----------------+----------------+----------------+----------------+
[36msub_channel0_viz0: [39m|   0.000000e+00 |   5.819317e+02 |   5.945823e+02 |   5.603822e+02 |
[36msub_channel0_viz0: [39m+----------------+----------------+----------------+----------------+
[36msub_channel0_viz0: [39m
[36msub_channel0_viz0: [39m[32m Solve Converged![39m
[36msub_channel0_viz0: [39m
[36msub_channel0_viz0: [39m
[36msub_channel0_viz0: [39mPostprocessor Values:
[36msub_channel0_viz0: [39m+----------------+----------------+----------------+----------------+
[36msub_channel0_viz0: [39m| time           | avg_coolant_T  | max_T_fluid    | min_T_fluid    |
[36msub_channel0_viz0: [39m+----------------+----------------+----------------+----------------+
[36msub_channel0_viz0: [39m|   0.000000e+00 |   5.819317e+02 |   5.945823e+02 |   5.603822e+02 |
[36msub_channel0_viz0: [39m|   1.000000e+00 |   5.844996e+02 |   6.007371e+02 |   5.603963e+02 |
[36msub_channel0_viz0: [39m+----------------+----------------+----------------+----------------+
[36msub_channel0_viz0: [39m
Sending temperature to OpenMC cells... 
Setting cell id 13, instance 0 (of 9) [1 contained cells] to temperature (K): 673.709
Setting cell id 13, instance 1 (of 9) [1 contained cells] to temperature (K): 674.038
Setting cell id 13, instance 2 (of 9) [1 contained cells] to temperature (K): 671.531
Setting cell id 13, instance 3 (of 9) [1 contained cells] to temperature (K): 673.426
Setting cell id 13, instance 4 (of 9) [1 contained cells] to temperature (K): 678.38
Setting cell id 13, instance 5 (of 9) [1 contained cells] to temperature (K): 675.763
Setting cell id 13, instance 6 (of 9) [1 contained cells] to temperature (K): 670.604
Setting cell id 13, instance 7 (of 9) [1 contained cells] to temperature (K): 672.844
Setting cell id 13, instance 8 (of 9) [1 contained cells] to temperature (K): 672.301
Setting cell id 14, instance 0 (of 9) [1 contained cells] to temperature (K): 633.683
Setting cell id 14, instance 1 (of 9) [1 contained cells] to temperature (K): 634.608
Setting cell id 14, instance 2 (of 9) [1 contained cells] to temperature (K): 633.53
Setting cell id 14, instance 3 (of 9) [1 contained cells] to temperature (K): 633.735
Setting cell id 14, instance 4 (of 9) [1 contained cells] to temperature (K): 636.973
Setting cell id 14, instance 5 (of 9) [1 contained cells] to temperature (K): 635.399
Setting cell id 14, instance 6 (of 9) [1 contained cells] to temperature (K): 632.265
Setting cell id 14, instance 7 (of 9) [1 contained cells] to temperature (K): 633.933
Setting cell id 14, instance 8 (of 9) [1 contained cells] to temperature (K): 632.514
Setting cell id 16, instance 0 (of 9) [1 contained cells] to temperature (K): 584.311
Setting cell id 16, instance 1 (of 9) [1 contained cells] to temperature (K): 585.484
Setting cell id 16, instance 2 (of 9) [1 contained cells] to temperature (K): 584.381
Setting cell id 16, instance 3 (of 9) [1 contained cells] to temperature (K): 585.444
Setting cell id 16, instance 4 (of 9) [1 contained cells] to temperature (K): 586.759
Setting cell id 16, instance 5 (of 9) [1 contained cells] to temperature (K): 585.518
Setting cell id 16, instance 6 (of 9) [1 contained cells] to temperature (K): 584.325
Setting cell id 16, instance 7 (of 9) [1 contained cells] to temperature (K): 585.469
Setting cell id 16, instance 8 (of 9) [1 contained cells] to temperature (K): 584.352
Sending density to OpenMC cells... 
Setting cell id 16, instance 0 (of 9) to density (kg/m3): 700.708
Setting cell id 16, instance 1 (of 9) to density (kg/m3): 697.818
Setting cell id 16, instance 2 (of 9) to density (kg/m3): 700.534
Setting cell id 16, instance 3 (of 9) to density (kg/m3): 697.919
Setting cell id 16, instance 4 (of 9) to density (kg/m3): 694.637
Setting cell id 16, instance 5 (of 9) to density (kg/m3): 697.742
Setting cell id 16, instance 6 (of 9) to density (kg/m3): 700.689
Setting cell id 16, instance 7 (of 9) to density (kg/m3): 697.874
Setting cell id 16, instance 8 (of 9) to density (kg/m3): 700.623
 Running OpenMC with 2000 particles per batch...
 Maximum neutron transport energy: 20000000 eV for O17
 Initializing source particles...

 ====================>     K EIGENVALUE SIMULATION     <====================

  Bat./Gen.      k            Average k
  =========   ========   ====================
        1/1    1.30396
        2/1    1.24592
        3/1    1.34140
        4/1    1.26825
        5/1    1.26503
        6/1    1.31034
        7/1    1.27351
        8/1    1.36338
        9/1    1.26501
       10/1    1.31382
       11/1    1.31384
       12/1    1.25607
       13/1    1.30611
       14/1    1.25354
       15/1    1.30282
       16/1    1.33525
       17/1    1.32792
       18/1    1.33409
       19/1    1.24385
       20/1    1.25902
       21/1    1.28557
       22/1    1.34519
       23/1    1.27679
       24/1    1.26391
       25/1    1.30578
       26/1    1.24894
       27/1    1.34053
       28/1    1.35815
       29/1    1.37873
       30/1    1.32585
       31/1    1.28464
       32/1    1.32687
       33/1    1.34252
       34/1    1.30721
       35/1    1.31872
       36/1    1.28550
       37/1    1.36799
       38/1    1.31734
       39/1    1.29339
       40/1    1.27262
       41/1    1.37339
       42/1    1.32052
       43/1    1.29237
       44/1    1.33842
       45/1    1.25966
       46/1    1.29075
       47/1    1.27042
       48/1    1.26692
       49/1    1.35122
       50/1    1.31751
       51/1    1.28648
       52/1    1.33987    1.31318 +/- 0.02669
       53/1    1.25964    1.29533 +/- 0.02358
       54/1    1.36548    1.31287 +/- 0.02420
       55/1    1.30745    1.31178 +/- 0.01878
       56/1    1.26053    1.30324 +/- 0.01755
       57/1    1.32192    1.30591 +/- 0.01507
       58/1    1.30373    1.30564 +/- 0.01305
       59/1    1.33078    1.30843 +/- 0.01185
       60/1    1.25276    1.30286 +/- 0.01197
       61/1    1.29024    1.30172 +/- 0.01089
       62/1    1.34941    1.30569 +/- 0.01070
       63/1    1.29012    1.30449 +/- 0.00992
       64/1    1.28454    1.30307 +/- 0.00929
       65/1    1.27281    1.30105 +/- 0.00888
       66/1    1.31533    1.30194 +/- 0.00836
       67/1    1.36251    1.30550 +/- 0.00862
       68/1    1.30531    1.30549 +/- 0.00813
       69/1    1.31621    1.30606 +/- 0.00771
       70/1    1.27320    1.30442 +/- 0.00750
       71/1    1.34922    1.30655 +/- 0.00744
       72/1    1.25530    1.30422 +/- 0.00747
       73/1    1.30023    1.30405 +/- 0.00714
       74/1    1.24072    1.30141 +/- 0.00733
       75/1    1.27693    1.30043 +/- 0.00709
       76/1    1.26531    1.29908 +/- 0.00695
       77/1    1.29859    1.29906 +/- 0.00669
       78/1    1.27794    1.29831 +/- 0.00649
       79/1    1.29369    1.29815 +/- 0.00626
       80/1    1.31180    1.29860 +/- 0.00607
       81/1    1.30381    1.29877 +/- 0.00587
       82/1    1.30822    1.29906 +/- 0.00569
       83/1    1.26993    1.29818 +/- 0.00559
       84/1    1.31446    1.29866 +/- 0.00544
       85/1    1.32041    1.29928 +/- 0.00532
       86/1    1.33565    1.30029 +/- 0.00527
       87/1    1.28525    1.29989 +/- 0.00514
       88/1    1.27429    1.29921 +/- 0.00505
       89/1    1.28410    1.29882 +/- 0.00493
       90/1    1.26833    1.29806 +/- 0.00487
       91/1    1.28027    1.29763 +/- 0.00477
       92/1    1.33224    1.29845 +/- 0.00472
       93/1    1.32440    1.29906 +/- 0.00465
       94/1    1.35971    1.30043 +/- 0.00475
       95/1    1.35283    1.30160 +/- 0.00479
       96/1    1.32511    1.30211 +/- 0.00471
       97/1    1.29922    1.30205 +/- 0.00461
       98/1    1.39538    1.30399 +/- 0.00491
       99/1    1.33769    1.30468 +/- 0.00486
      100/1    1.31687    1.30492 +/- 0.00477
      101/1    1.24383    1.30373 +/- 0.00482
      102/1    1.35379    1.30469 +/- 0.00483
      103/1    1.30811    1.30475 +/- 0.00474
      104/1    1.27360    1.30418 +/- 0.00468
      105/1    1.27392    1.30363 +/- 0.00463
      106/1    1.30736    1.30369 +/- 0.00455
      107/1    1.30048    1.30364 +/- 0.00447
      108/1    1.32709    1.30404 +/- 0.00441
      109/1    1.28245    1.30368 +/- 0.00435
      110/1    1.31889    1.30393 +/- 0.00428
      111/1    1.26197    1.30324 +/- 0.00427
      112/1    1.29674    1.30314 +/- 0.00420
      113/1    1.33445    1.30363 +/- 0.00416
      114/1    1.28495    1.30334 +/- 0.00411
      115/1    1.27960    1.30298 +/- 0.00406
      116/1    1.32241    1.30327 +/- 0.00401
      117/1    1.36288    1.30416 +/- 0.00405
      118/1    1.30578    1.30418 +/- 0.00399
      119/1    1.31223    1.30430 +/- 0.00393
      120/1    1.26271    1.30371 +/- 0.00392
      121/1    1.33991    1.30422 +/- 0.00390
      122/1    1.30598    1.30424 +/- 0.00384
      123/1    1.26867    1.30375 +/- 0.00382
      124/1    1.26806    1.30327 +/- 0.00380
      125/1    1.33824    1.30374 +/- 0.00378
      126/1    1.25639    1.30311 +/- 0.00378
      127/1    1.29955    1.30307 +/- 0.00373
      128/1    1.28311    1.30281 +/- 0.00369
      129/1    1.29211    1.30268 +/- 0.00365
      130/1    1.29143    1.30254 +/- 0.00360
      131/1    1.23695    1.30173 +/- 0.00365
      132/1    1.35400    1.30236 +/- 0.00366
      133/1    1.22072    1.30138 +/- 0.00375
      134/1    1.36629    1.30215 +/- 0.00378
      135/1    1.29689    1.30209 +/- 0.00374
      136/1    1.27063    1.30173 +/- 0.00371
      137/1    1.30456    1.30176 +/- 0.00367
      138/1    1.27095    1.30141 +/- 0.00364
      139/1    1.29231    1.30131 +/- 0.00361
      140/1    1.33974    1.30173 +/- 0.00359
      141/1    1.24728    1.30113 +/- 0.00360
      142/1    1.33657    1.30152 +/- 0.00358
      143/1    1.30061    1.30151 +/- 0.00354
      144/1    1.33911    1.30191 +/- 0.00353
      145/1    1.30369    1.30193 +/- 0.00349
      146/1    1.30460    1.30196 +/- 0.00345
      147/1    1.24723    1.30139 +/- 0.00347
      148/1    1.34473    1.30183 +/- 0.00346
      149/1    1.27939    1.30161 +/- 0.00343
      150/1    1.32333    1.30182 +/- 0.00340
 Creating state point statepoint.150.h5...

 =======================>     TIMING STATISTICS     <=======================

 Total time for initialization     = 0.0000e+00 seconds
   Reading cross sections          = 0.0000e+00 seconds
 Total time in simulation          = 5.6932e+00 seconds
   Time in transport only          = 5.6254e+00 seconds
   Time in inactive batches        = 9.2439e-01 seconds
   Time in active batches          = 4.7688e+00 seconds
   Time synchronizing fission bank = 1.7385e-02 seconds
     Sampling source sites         = 1.4755e-02 seconds
     SEND/RECV source sites        = 2.3634e-03 seconds
   Time accumulating tallies       = 3.1559e-02 seconds
   Time writing statepoints        = 7.0734e-03 seconds
 Total time for finalization       = 1.7368e-02 seconds
 Total time elapsed                = 5.7225e+00 seconds
 Calculation Rate (inactive)       = 108179 particles/second
 Calculation Rate (active)         = 41939 particles/second

 ============================>     RESULTS     <============================

 k-effective (Collision)     = 1.30027 +/- 0.00299
 k-effective (Track-length)  = 1.30182 +/- 0.00340
 k-effective (Absorption)    = 1.29968 +/- 0.00242
 Combined k-effective        = 1.30005 +/- 0.00227
 Leakage Fraction            = 0.00015 +/- 0.00003

    Finished Solving OpenMC                                                              [[33m  5.72 s[39m] [[33m 1283 MB[39m]
Extracting OpenMC tallies...
[32m Solve Converged![39m

  Finished Solving                                                                       [[33m  5.77 s[39m] [[33m 1283 MB[39m]
[36msolid0: [39m
[36msolid0: [39mTime Step 3, time = 3, dt = 1
[36msolid0: [39m 0 Nonlinear |R| = [32m3.706666e+03[39m
[36msolid0: [39m      0 Linear |R| = [32m3.706666e+03[39m
[36msolid0: [39m      1 Linear |R| = [32m8.170692e+02[39m
[36msolid0: [39m      2 Linear |R| = [32m3.826629e+02[39m
[36msolid0: [39m      3 Linear |R| = [32m1.169777e+02[39m
[36msolid0: [39m      4 Linear |R| = [32m1.951827e+01[39m
[36msolid0: [39m      5 Linear |R| = [32m3.596621e+00[39m
[36msolid0: [39m      6 Linear |R| = [32m8.595326e-01[39m
[36msolid0: [39m      7 Linear |R| = [32m1.287324e-01[39m
[36msolid0: [39m      8 Linear |R| = [32m1.486885e-02[39m
[36msolid0: [39m 1 Nonlinear |R| = [32m8.667268e-02[39m
[36msolid0: [39m      0 Linear |R| = [32m8.667268e-02[39m
[36msolid0: [39m      1 Linear |R| = [32m3.566030e-03[39m
[36msolid0: [39m      2 Linear |R| = [32m6.793046e-04[39m
[36msolid0: [39m      3 Linear |R| = [32m3.491900e-04[39m
[36msolid0: [39m      4 Linear |R| = [32m1.160431e-04[39m
[36msolid0: [39m      5 Linear |R| = [32m2.318333e-05[39m
[36msolid0: [39m      6 Linear |R| = [32m4.370139e-06[39m
[36msolid0: [39m      7 Linear |R| = [32m6.670836e-07[39m
[36msolid0: [39m 2 Nonlinear |R| = [32m6.980259e-07[39m
[36msolid0: [39m[32m Solve Converged![39m
[36msolid0: [39m
[36msolid0: [39mFinished Solving                                                                 [[33m  7.55 s[39m] [[33m 1283 MB[39m]
[36msolid0: [39m
[36msolid0: [39mPostprocessor Values:
[36msolid0: [39m+----------------+----------------+---------------------------+----------------+----------------+----------------+----------------+
[36msolid0: [39m| time           | avg_fuel_T     | conduction_power_integral | max_T_wall_send| max_clad_T     | max_fuel_T     | min_T_wall_send|
[36msolid0: [39m+----------------+----------------+---------------------------+----------------+----------------+----------------+----------------+
[36msolid0: [39m|   0.000000e+00 |   0.000000e+00 |              0.000000e+00 |   0.000000e+00 |   0.000000e+00 |   0.000000e+00 |   0.000000e+00 |
[36msolid0: [39m|   1.000000e+00 |   3.883513e+02 |              8.549444e+05 |   5.599995e+02 |   5.580360e+02 |   5.631977e+02 |   5.599956e+02 |
[36msolid0: [39m|   2.000000e+00 |   6.636712e+02 |              8.549444e+05 |   6.409837e+02 |   6.746879e+02 |   9.544290e+02 |   5.986320e+02 |
[36msolid0: [39m|   3.000000e+00 |   8.596146e+02 |              8.549444e+05 |   6.399973e+02 |   7.036338e+02 |   1.336825e+03 |   6.056526e+02 |
[36msolid0: [39m+----------------+----------------+---------------------------+----------------+----------------+----------------+----------------+
[36msolid0: [39m
[36msolid0: [39m
[36msolid0: [39mPostprocessor Values:
[36msolid0: [39m+----------------+----------------+---------------------------+----------------+----------------+----------------+----------------+
[36msolid0: [39m| time           | avg_fuel_T     | conduction_power_integral | max_T_wall_send| max_clad_T     | max_fuel_T     | min_T_wall_send|
[36msolid0: [39m+----------------+----------------+---------------------------+----------------+----------------+----------------+----------------+
[36msolid0: [39m|   0.000000e+00 |   0.000000e+00 |              0.000000e+00 |   0.000000e+00 |   0.000000e+00 |   0.000000e+00 |   0.000000e+00 |
[36msolid0: [39m|   1.000000e+00 |   3.883513e+02 |              8.549444e+05 |   5.599995e+02 |   5.580360e+02 |   5.631977e+02 |   5.599956e+02 |
[36msolid0: [39m|   2.000000e+00 |   6.636712e+02 |              8.549444e+05 |   6.409837e+02 |   6.746879e+02 |   9.544290e+02 |   5.986320e+02 |
[36msolid0: [39m|   3.000000e+00 |   8.596146e+02 |              8.549444e+05 |   6.399973e+02 |   7.036338e+02 |   1.336825e+03 |   6.056526e+02 |
[36msolid0: [39m+----------------+----------------+---------------------------+----------------+----------------+----------------+----------------+
[36msolid0: [39m
    Finished Executing MultiApps                                                         [[33m  8.08 s[39m] [[33m 1283 MB[39m]
  Finished Executing MultiApps                                                           [[33m  8.08 s[39m] [[33m 1283 MB[39m]

Postprocessor Values:
+----------------+----------------+----------------+----------------+----------------+----------------+----------------+
| time           | avg_coolant_T  | avg_coolant_rho| k              | k_std_dev      | max_coolant_T  | max_coolant_rho|
+----------------+----------------+----------------+----------------+----------------+----------------+----------------+
|   0.000000e+00 |   0.000000e+00 |   0.000000e+00 |   0.000000e+00 |   0.000000e+00 |   0.000000e+00 |   0.000000e+00 |
|   1.000000e+00 |   5.599964e+02 |   7.524099e+02 |   1.355427e+00 |   1.883971e-03 |   5.599976e+02 |   7.524436e+02 |
|   2.000000e+00 |   5.825279e+02 |   7.054159e+02 |   1.322142e+00 |   2.256852e-03 |   5.945761e+02 |   7.496028e+02 |
|   3.000000e+00 |   5.851160e+02 |   6.987270e+02 |   1.300051e+00 |   2.274927e-03 |   6.006535e+02 |   7.494878e+02 |
+----------------+----------------+----------------+----------------+----------------+----------------+----------------+
+----------------+----------------+----------------+-----------------------+
| time           | min_coolant_T  | min_coolant_rho| openmc_power_integral |
+----------------+----------------+----------------+-----------------------+
|   0.000000e+00 |   0.000000e+00 |   0.000000e+00 |          0.000000e+00 |
|   1.000000e+00 |   5.599956e+02 |   7.523759e+02 |          8.549444e+05 |
|   2.000000e+00 |   5.615372e+02 |   6.770036e+02 |          8.549444e+05 |
|   3.000000e+00 |   5.615988e+02 |   6.598771e+02 |          8.549444e+05 |
+----------------+----------------+----------------+-----------------------+


Time Step 4, time = 4, dt = 1
[36msub_channel0: [39m
[36msub_channel0: [39mTime Step 0, time = 0
[36msub_channel0: [39m
[36msub_channel0: [39mTime Step 1, time = 1, dt = 1
[36msub_channel0: [39mExecuting subchannel solver
[36msub_channel0: [39mSolution initialized
[36msub_channel0: [39mSolving Outer Iteration : 1
[36msub_channel0: [39mSolving Block: 0 From first level: 1 to last level: 60
[36msub_channel0: [39mBlock: 0 - Enthalpy conservation matrix assembled
[36msub_channel0: [39mStart updating thermophysical properties.
[36msub_channel0: [39mDone updating thermophysical properties.
[36msub_channel0: [39mT_block_error: 0.000292667
[36msub_channel0: [39mBlock: 0 - Enthalpy conservation matrix assembled
[36msub_channel0: [39mStart updating thermophysical properties.
[36msub_channel0: [39mDone updating thermophysical properties.
[36msub_channel0: [39mT_block_error: 1.4846e-07
[36msub_channel0: [39mP_error :5.69107e-05
[36msub_channel0: [39mIteration:  1
[36msub_channel0: [39mMaximum iterations: 5
[36msub_channel0: [39mSolving Outer Iteration : 2
[36msub_channel0: [39mSolving Block: 0 From first level: 1 to last level: 60
[36msub_channel0: [39mBlock: 0 - Enthalpy conservation matrix assembled
[36msub_channel0: [39mStart updating thermophysical properties.
[36msub_channel0: [39mDone updating thermophysical properties.
[36msub_channel0: [39mT_block_error: 3.05472e-09
[36msub_channel0: [39mP_error :3.07917e-07
[36msub_channel0: [39mIteration:  2
[36msub_channel0: [39mMaximum iterations: 5
[36msub_channel0: [39mFinished executing subchannel solver
[36msub_channel0: [39mCommencing calculation of Pin surface temperature 
[36msub_channel0: [39m ======================================= 
[36msub_channel0: [39m ======== Subchannel Print Outs ======== 
[36msub_channel0: [39m ======================================= 
[36msub_channel0: [39mTotal flow area :0.000984685 m^2
[36msub_channel0: [39mAssembly hydraulic diameter :0.00943815 m
[36msub_channel0: [39mAssembly Re number :382270 [-]
[36msub_channel0: [39mBulk coolant temperature at outlet :599.733 K
[36msub_channel0: [39mPower added to coolant is : 848012 Watt
[36msub_channel0: [39mMass flow rate in is : 3.7418 kg/sec
[36msub_channel0: [39mMass balance is : 0.00090472 kg/sec
[36msub_channel0: [39mUser defined outlet pressure is : 1.57e+07 Pa
[36msub_channel0: [39m ======================================= 
[36msub_channel0: [39m[32m Solve Converged![39m
[36msub_channel0: [39m
[36msub_channel0_viz0: [39m
[36msub_channel0_viz0: [39mPostprocessor Values:
[36msub_channel0_viz0: [39m+----------------+----------------+----------------+----------------+
[36msub_channel0_viz0: [39m| time           | avg_coolant_T  | max_T_fluid    | min_T_fluid    |
[36msub_channel0_viz0: [39m+----------------+----------------+----------------+----------------+
[36msub_channel0_viz0: [39m|   0.000000e+00 |   5.844996e+02 |   6.007371e+02 |   5.603963e+02 |
[36msub_channel0_viz0: [39m+----------------+----------------+----------------+----------------+
[36msub_channel0_viz0: [39m
[36msub_channel0_viz0: [39m[32m Solve Converged![39m
[36msub_channel0_viz0: [39m
[36msub_channel0_viz0: [39m
[36msub_channel0_viz0: [39mPostprocessor Values:
[36msub_channel0_viz0: [39m+----------------+----------------+----------------+----------------+
[36msub_channel0_viz0: [39m| time           | avg_coolant_T  | max_T_fluid    | min_T_fluid    |
[36msub_channel0_viz0: [39m+----------------+----------------+----------------+----------------+
[36msub_channel0_viz0: [39m|   0.000000e+00 |   5.844996e+02 |   6.007371e+02 |   5.603963e+02 |
[36msub_channel0_viz0: [39m|   1.000000e+00 |   5.846532e+02 |   6.014921e+02 |   5.603896e+02 |
[36msub_channel0_viz0: [39m+----------------+----------------+----------------+----------------+
[36msub_channel0_viz0: [39m
Sending temperature to OpenMC cells... 
Setting cell id 13, instance 0 (of 9) [1 contained cells] to temperature (K): 899.627
Setting cell id 13, instance 1 (of 9) [1 contained cells] to temperature (K): 900.14
Setting cell id 13, instance 2 (of 9) [1 contained cells] to temperature (K): 898.71
Setting cell id 13, instance 3 (of 9) [1 contained cells] to temperature (K): 900.166
Setting cell id 13, instance 4 (of 9) [1 contained cells] to temperature (K): 906.381
Setting cell id 13, instance 5 (of 9) [1 contained cells] to temperature (K): 902.517
Setting cell id 13, instance 6 (of 9) [1 contained cells] to temperature (K): 898.247
Setting cell id 13, instance 7 (of 9) [1 contained cells] to temperature (K): 900.386
Setting cell id 13, instance 8 (of 9) [1 contained cells] to temperature (K): 899.414
Setting cell id 14, instance 0 (of 9) [1 contained cells] to temperature (K): 664.903
Setting cell id 14, instance 1 (of 9) [1 contained cells] to temperature (K): 666.217
Setting cell id 14, instance 2 (of 9) [1 contained cells] to temperature (K): 665.554
Setting cell id 14, instance 3 (of 9) [1 contained cells] to temperature (K): 665.758
Setting cell id 14, instance 4 (of 9) [1 contained cells] to temperature (K): 668.771
Setting cell id 14, instance 5 (of 9) [1 contained cells] to temperature (K): 666.856
Setting cell id 14, instance 6 (of 9) [1 contained cells] to temperature (K): 665.291
Setting cell id 14, instance 7 (of 9) [1 contained cells] to temperature (K): 666.165
Setting cell id 14, instance 8 (of 9) [1 contained cells] to temperature (K): 665.273
Setting cell id 16, instance 0 (of 9) [1 contained cells] to temperature (K): 584.416
Setting cell id 16, instance 1 (of 9) [1 contained cells] to temperature (K): 585.58
Setting cell id 16, instance 2 (of 9) [1 contained cells] to temperature (K): 584.516
Setting cell id 16, instance 3 (of 9) [1 contained cells] to temperature (K): 585.566
Setting cell id 16, instance 4 (of 9) [1 contained cells] to temperature (K): 586.875
Setting cell id 16, instance 5 (of 9) [1 contained cells] to temperature (K): 585.663
Setting cell id 16, instance 6 (of 9) [1 contained cells] to temperature (K): 584.507
Setting cell id 16, instance 7 (of 9) [1 contained cells] to temperature (K): 585.664
Setting cell id 16, instance 8 (of 9) [1 contained cells] to temperature (K): 584.58
Sending density to OpenMC cells... 
Setting cell id 16, instance 0 (of 9) to density (kg/m3): 700.371
Setting cell id 16, instance 1 (of 9) to density (kg/m3): 697.49
Setting cell id 16, instance 2 (of 9) to density (kg/m3): 700.117
Setting cell id 16, instance 3 (of 9) to density (kg/m3): 697.526
Setting cell id 16, instance 4 (of 9) to density (kg/m3): 694.243
Setting cell id 16, instance 5 (of 9) to density (kg/m3): 697.282
Setting cell id 16, instance 6 (of 9) to density (kg/m3): 700.151
Setting cell id 16, instance 7 (of 9) to density (kg/m3): 697.289
Setting cell id 16, instance 8 (of 9) to density (kg/m3): 699.97
 Running OpenMC with 2000 particles per batch...
 Maximum neutron transport energy: 20000000 eV for O17
 Initializing source particles...

 ====================>     K EIGENVALUE SIMULATION     <====================

  Bat./Gen.      k            Average k
  =========   ========   ====================
        1/1    1.26079
        2/1    1.26509
        3/1    1.26075
        4/1    1.27201
        5/1    1.28051
        6/1    1.29285
        7/1    1.28943
        8/1    1.23618
        9/1    1.27054
       10/1    1.34537
       11/1    1.30218
       12/1    1.31474
       13/1    1.21614
       14/1    1.29512
       15/1    1.29691
       16/1    1.26636
       17/1    1.26678
       18/1    1.25786
       19/1    1.33771
       20/1    1.28536
       21/1    1.25164
       22/1    1.27155
       23/1    1.30526
       24/1    1.21937
       25/1    1.29693
       26/1    1.31481
       27/1    1.30352
       28/1    1.27138
       29/1    1.27893
       30/1    1.31297
       31/1    1.29931
       32/1    1.32435
       33/1    1.31037
       34/1    1.25658
       35/1    1.22533
       36/1    1.27422
       37/1    1.26312
       38/1    1.23261
       39/1    1.28179
       40/1    1.30581
       41/1    1.28680
       42/1    1.29652
       43/1    1.33570
       44/1    1.27480
       45/1    1.33877
       46/1    1.31098
       47/1    1.32858
       48/1    1.25509
       49/1    1.29660
       50/1    1.32245
       51/1    1.28739
       52/1    1.29722    1.29230 +/- 0.00492
       53/1    1.32852    1.30438 +/- 0.01240
       54/1    1.34194    1.31377 +/- 0.01285
       55/1    1.33552    1.31812 +/- 0.01086
       56/1    1.27199    1.31043 +/- 0.01174
       57/1    1.30169    1.30918 +/- 0.01000
       58/1    1.29006    1.30679 +/- 0.00898
       59/1    1.29126    1.30506 +/- 0.00811
       60/1    1.27943    1.30250 +/- 0.00769
       61/1    1.26540    1.29913 +/- 0.00773
       62/1    1.34389    1.30286 +/- 0.00798
       63/1    1.35810    1.30711 +/- 0.00848
       64/1    1.28101    1.30524 +/- 0.00807
       65/1    1.23059    1.30027 +/- 0.00901
       66/1    1.31109    1.30094 +/- 0.00846
       67/1    1.31034    1.30150 +/- 0.00797
       68/1    1.30663    1.30178 +/- 0.00751
       69/1    1.28339    1.30081 +/- 0.00717
       70/1    1.24954    1.29825 +/- 0.00727
       71/1    1.28105    1.29743 +/- 0.00697
       72/1    1.25467    1.29549 +/- 0.00692
       73/1    1.30309    1.29582 +/- 0.00662
       74/1    1.37044    1.29893 +/- 0.00706
       75/1    1.27944    1.29815 +/- 0.00682
       76/1    1.25746    1.29658 +/- 0.00673
       77/1    1.30367    1.29684 +/- 0.00649
       78/1    1.30715    1.29721 +/- 0.00626
       79/1    1.23937    1.29522 +/- 0.00636
       80/1    1.30202    1.29544 +/- 0.00615
       81/1    1.34755    1.29713 +/- 0.00618
       82/1    1.24717    1.29556 +/- 0.00618
       83/1    1.31582    1.29618 +/- 0.00603
       84/1    1.25817    1.29506 +/- 0.00595
       85/1    1.31956    1.29576 +/- 0.00582
       86/1    1.27630    1.29522 +/- 0.00568
       87/1    1.30601    1.29551 +/- 0.00554
       88/1    1.32160    1.29620 +/- 0.00543
       89/1    1.27937    1.29577 +/- 0.00531
       90/1    1.27982    1.29537 +/- 0.00519
       91/1    1.29390    1.29533 +/- 0.00506
       92/1    1.33442    1.29626 +/- 0.00503
       93/1    1.26169    1.29546 +/- 0.00497
       94/1    1.29310    1.29540 +/- 0.00486
       95/1    1.24820    1.29436 +/- 0.00486
       96/1    1.28681    1.29419 +/- 0.00476
       97/1    1.31654    1.29467 +/- 0.00468
       98/1    1.28859    1.29454 +/- 0.00458
       99/1    1.31905    1.29504 +/- 0.00452
      100/1    1.34728    1.29609 +/- 0.00455
      101/1    1.28945    1.29596 +/- 0.00446
      102/1    1.31753    1.29637 +/- 0.00439
      103/1    1.33812    1.29716 +/- 0.00438
      104/1    1.25005    1.29629 +/- 0.00439
      105/1    1.25463    1.29553 +/- 0.00437
      106/1    1.32311    1.29602 +/- 0.00432
      107/1    1.31826    1.29641 +/- 0.00426
      108/1    1.27494    1.29604 +/- 0.00421
      109/1    1.30135    1.29613 +/- 0.00413
      110/1    1.26209    1.29556 +/- 0.00410
      111/1    1.26870    1.29512 +/- 0.00406
      112/1    1.33169    1.29571 +/- 0.00404
      113/1    1.29075    1.29563 +/- 0.00397
      114/1    1.30497    1.29578 +/- 0.00391
      115/1    1.28176    1.29556 +/- 0.00386
      116/1    1.31617    1.29588 +/- 0.00381
      117/1    1.30621    1.29603 +/- 0.00376
      118/1    1.25586    1.29544 +/- 0.00375
      119/1    1.28599    1.29530 +/- 0.00370
      120/1    1.29513    1.29530 +/- 0.00364
      121/1    1.28162    1.29511 +/- 0.00360
      122/1    1.27928    1.29489 +/- 0.00355
      123/1    1.29373    1.29487 +/- 0.00351
      124/1    1.27499    1.29460 +/- 0.00347
      125/1    1.32565    1.29502 +/- 0.00345
      126/1    1.25153    1.29444 +/- 0.00345
      127/1    1.23498    1.29367 +/- 0.00349
      128/1    1.24645    1.29307 +/- 0.00350
      129/1    1.31758    1.29338 +/- 0.00347
      130/1    1.26899    1.29307 +/- 0.00344
      131/1    1.26506    1.29273 +/- 0.00341
      132/1    1.30412    1.29287 +/- 0.00337
      133/1    1.31312    1.29311 +/- 0.00334
      134/1    1.23199    1.29238 +/- 0.00338
      135/1    1.28913    1.29234 +/- 0.00334
      136/1    1.31886    1.29265 +/- 0.00332
      137/1    1.28826    1.29260 +/- 0.00328
      138/1    1.28956    1.29257 +/- 0.00324
      139/1    1.28939    1.29253 +/- 0.00320
      140/1    1.30916    1.29272 +/- 0.00317
      141/1    1.32162    1.29303 +/- 0.00315
      142/1    1.27913    1.29288 +/- 0.00312
      143/1    1.27772    1.29272 +/- 0.00309
      144/1    1.34246    1.29325 +/- 0.00311
      145/1    1.34894    1.29384 +/- 0.00313
      146/1    1.35194    1.29444 +/- 0.00316
      147/1    1.26210    1.29411 +/- 0.00314
      148/1    1.35582    1.29474 +/- 0.00317
      149/1    1.32476    1.29504 +/- 0.00315
      150/1    1.19892    1.29408 +/- 0.00327
 Creating state point statepoint.150.h5...

 =======================>     TIMING STATISTICS     <=======================

 Total time for initialization     = 0.0000e+00 seconds
   Reading cross sections          = 0.0000e+00 seconds
 Total time in simulation          = 5.5057e+00 seconds
   Time in transport only          = 5.4407e+00 seconds
   Time in inactive batches        = 8.5124e-01 seconds
   Time in active batches          = 4.6544e+00 seconds
   Time synchronizing fission bank = 1.7581e-02 seconds
     Sampling source sites         = 1.5177e-02 seconds
     SEND/RECV source sites        = 2.1513e-03 seconds
   Time accumulating tallies       = 3.0428e-02 seconds
   Time writing statepoints        = 5.3973e-03 seconds
 Total time for finalization       = 2.9381e-02 seconds
 Total time elapsed                = 5.5470e+00 seconds
 Calculation Rate (inactive)       = 117476 particles/second
 Calculation Rate (active)         = 42969.9 particles/second

 ============================>     RESULTS     <============================

 k-effective (Collision)     = 1.29307 +/- 0.00287
 k-effective (Track-length)  = 1.29408 +/- 0.00327
 k-effective (Absorption)    = 1.29261 +/- 0.00197
 Combined k-effective        = 1.29288 +/- 0.00189
 Leakage Fraction            = 0.00015 +/- 0.00003

    Finished Solving OpenMC                                                              [[33m  5.55 s[39m] [[33m 1283 MB[39m]
Extracting OpenMC tallies...
[32m Solve Converged![39m

  Finished Solving                                                                       [[33m  5.59 s[39m] [[33m 1283 MB[39m]
[36msolid0: [39m
[36msolid0: [39mTime Step 4, time = 4, dt = 1
[36msolid0: [39m 0 Nonlinear |R| = [32m2.597590e+03[39m
[36msolid0: [39m      0 Linear |R| = [32m2.597590e+03[39m
[36msolid0: [39m      1 Linear |R| = [32m6.466933e+02[39m
[36msolid0: [39m      2 Linear |R| = [32m3.109928e+02[39m
[36msolid0: [39m      3 Linear |R| = [32m8.671045e+01[39m
[36msolid0: [39m      4 Linear |R| = [32m1.389181e+01[39m
[36msolid0: [39m      5 Linear |R| = [32m2.704163e+00[39m
[36msolid0: [39m      6 Linear |R| = [32m6.220819e-01[39m
[36msolid0: [39m      7 Linear |R| = [32m9.062966e-02[39m
[36msolid0: [39m      8 Linear |R| = [32m9.929737e-03[39m
[36msolid0: [39m 1 Nonlinear |R| = [32m6.260639e-02[39m
[36msolid0: [39m      0 Linear |R| = [32m6.260639e-02[39m
[36msolid0: [39m      1 Linear |R| = [32m2.568940e-03[39m
[36msolid0: [39m      2 Linear |R| = [32m5.030537e-04[39m
[36msolid0: [39m      3 Linear |R| = [32m2.615051e-04[39m
[36msolid0: [39m      4 Linear |R| = [32m8.779032e-05[39m
[36msolid0: [39m      5 Linear |R| = [32m1.922778e-05[39m
[36msolid0: [39m      6 Linear |R| = [32m3.715382e-06[39m
[36msolid0: [39m      7 Linear |R| = [32m5.695591e-07[39m
[36msolid0: [39m 2 Nonlinear |R| = [32m5.905459e-07[39m
[36msolid0: [39m[32m Solve Converged![39m
[36msolid0: [39m
[36msolid0: [39mFinished Solving                                                                 [[33m  7.46 s[39m] [[33m 1270 MB[39m]
[36msolid0: [39m
[36msolid0: [39mPostprocessor Values:
[36msolid0: [39m+----------------+----------------+---------------------------+----------------+----------------+----------------+----------------+
[36msolid0: [39m| time           | avg_fuel_T     | conduction_power_integral | max_T_wall_send| max_clad_T     | max_fuel_T     | min_T_wall_send|
[36msolid0: [39m+----------------+----------------+---------------------------+----------------+----------------+----------------+----------------+
[36msolid0: [39m|   0.000000e+00 |   0.000000e+00 |              0.000000e+00 |   0.000000e+00 |   0.000000e+00 |   0.000000e+00 |   0.000000e+00 |
[36msolid0: [39m|   1.000000e+00 |   3.883513e+02 |              8.549444e+05 |   5.599995e+02 |   5.580360e+02 |   5.631977e+02 |   5.599956e+02 |
[36msolid0: [39m|   2.000000e+00 |   6.636712e+02 |              8.549444e+05 |   6.409837e+02 |   6.746879e+02 |   9.544290e+02 |   5.986320e+02 |
[36msolid0: [39m|   3.000000e+00 |   8.596146e+02 |              8.549444e+05 |   6.399973e+02 |   7.036338e+02 |   1.336825e+03 |   6.056526e+02 |
[36msolid0: [39m|   4.000000e+00 |   1.005370e+03 |              8.549444e+05 |   6.411135e+02 |   7.175352e+02 |   1.650408e+03 |   6.065568e+02 |
[36msolid0: [39m+----------------+----------------+---------------------------+----------------+----------------+----------------+----------------+
[36msolid0: [39m
[36msolid0: [39m
[36msolid0: [39mPostprocessor Values:
[36msolid0: [39m+----------------+----------------+---------------------------+----------------+----------------+----------------+----------------+
[36msolid0: [39m| time           | avg_fuel_T     | conduction_power_integral | max_T_wall_send| max_clad_T     | max_fuel_T     | min_T_wall_send|
[36msolid0: [39m+----------------+----------------+---------------------------+----------------+----------------+----------------+----------------+
[36msolid0: [39m|   0.000000e+00 |   0.000000e+00 |              0.000000e+00 |   0.000000e+00 |   0.000000e+00 |   0.000000e+00 |   0.000000e+00 |
[36msolid0: [39m|   1.000000e+00 |   3.883513e+02 |              8.549444e+05 |   5.599995e+02 |   5.580360e+02 |   5.631977e+02 |   5.599956e+02 |
[36msolid0: [39m|   2.000000e+00 |   6.636712e+02 |              8.549444e+05 |   6.409837e+02 |   6.746879e+02 |   9.544290e+02 |   5.986320e+02 |
[36msolid0: [39m|   3.000000e+00 |   8.596146e+02 |              8.549444e+05 |   6.399973e+02 |   7.036338e+02 |   1.336825e+03 |   6.056526e+02 |
[36msolid0: [39m|   4.000000e+00 |   1.005370e+03 |              8.549444e+05 |   6.411135e+02 |   7.175352e+02 |   1.650408e+03 |   6.065568e+02 |
[36msolid0: [39m+----------------+----------------+---------------------------+----------------+----------------+----------------+----------------+
[36msolid0: [39m
    Finished Executing MultiApps                                                         [[33m  8.00 s[39m] [[33m 1270 MB[39m]
  Finished Executing MultiApps                                                           [[33m  8.00 s[39m] [[33m 1270 MB[39m]

Postprocessor Values:
+----------------+----------------+----------------+----------------+----------------+----------------+----------------+
| time           | avg_coolant_T  | avg_coolant_rho| k              | k_std_dev      | max_coolant_T  | max_coolant_rho|
+----------------+----------------+----------------+----------------+----------------+----------------+----------------+
|   0.000000e+00 |   0.000000e+00 |   0.000000e+00 |   0.000000e+00 |   0.000000e+00 |   0.000000e+00 |   0.000000e+00 |
|   1.000000e+00 |   5.599964e+02 |   7.524099e+02 |   1.355427e+00 |   1.883971e-03 |   5.599976e+02 |   7.524436e+02 |
|   2.000000e+00 |   5.825279e+02 |   7.054159e+02 |   1.322142e+00 |   2.256852e-03 |   5.945761e+02 |   7.496028e+02 |
|   3.000000e+00 |   5.851160e+02 |   6.987270e+02 |   1.300051e+00 |   2.274927e-03 |   6.006535e+02 |   7.494878e+02 |
|   4.000000e+00 |   5.852629e+02 |   6.982710e+02 |   1.292876e+00 |   1.892578e-03 |   6.013537e+02 |   7.495374e+02 |
+----------------+----------------+----------------+----------------+----------------+----------------+----------------+
+----------------+----------------+----------------+-----------------------+
| time           | min_coolant_T  | min_coolant_rho| openmc_power_integral |
+----------------+----------------+----------------+-----------------------+
|   0.000000e+00 |   0.000000e+00 |   0.000000e+00 |          0.000000e+00 |
|   1.000000e+00 |   5.599956e+02 |   7.523759e+02 |          8.549444e+05 |
|   2.000000e+00 |   5.615372e+02 |   6.770036e+02 |          8.549444e+05 |
|   3.000000e+00 |   5.615988e+02 |   6.598771e+02 |          8.549444e+05 |
|   4.000000e+00 |   5.615719e+02 |   6.577837e+02 |          8.549444e+05 |
+----------------+----------------+----------------+-----------------------+


Time Step 5, time = 5, dt = 1
[36msub_channel0: [39m
[36msub_channel0: [39mTime Step 0, time = 0
[36msub_channel0: [39m
[36msub_channel0: [39mTime Step 1, time = 1, dt = 1
[36msub_channel0: [39mExecuting subchannel solver
[36msub_channel0: [39mSolution initialized
[36msub_channel0: [39mSolving Outer Iteration : 1
[36msub_channel0: [39mSolving Block: 0 From first level: 1 to last level: 60
[36msub_channel0: [39mBlock: 0 - Enthalpy conservation matrix assembled
[36msub_channel0: [39mStart updating thermophysical properties.
[36msub_channel0: [39mDone updating thermophysical properties.
[36msub_channel0: [39mT_block_error: 9.33084e-05
[36msub_channel0: [39mBlock: 0 - Enthalpy conservation matrix assembled
[36msub_channel0: [39mStart updating thermophysical properties.
[36msub_channel0: [39mDone updating thermophysical properties.
[36msub_channel0: [39mT_block_error: 1.44628e-06
[36msub_channel0: [39mP_error :6.21741e-06
[36msub_channel0: [39mIteration:  1
[36msub_channel0: [39mMaximum iterations: 5
[36msub_channel0: [39mFinished executing subchannel solver
[36msub_channel0: [39mCommencing calculation of Pin surface temperature 
[36msub_channel0: [39m ======================================= 
[36msub_channel0: [39m ======== Subchannel Print Outs ======== 
[36msub_channel0: [39m ======================================= 
[36msub_channel0: [39mTotal flow area :0.000984685 m^2
[36msub_channel0: [39mAssembly hydraulic diameter :0.00943815 m
[36msub_channel0: [39mAssembly Re number :382270 [-]
[36msub_channel0: [39mBulk coolant temperature at outlet :599.817 K
[36msub_channel0: [39mPower added to coolant is : 848353 Watt
[36msub_channel0: [39mMass flow rate in is : 3.7418 kg/sec
[36msub_channel0: [39mMass balance is : -0.000236534 kg/sec
[36msub_channel0: [39mUser defined outlet pressure is : 1.57e+07 Pa
[36msub_channel0: [39m ======================================= 
[36msub_channel0: [39m[32m Solve Converged![39m
[36msub_channel0: [39m
[36msub_channel0_viz0: [39m
[36msub_channel0_viz0: [39mPostprocessor Values:
[36msub_channel0_viz0: [39m+----------------+----------------+----------------+----------------+
[36msub_channel0_viz0: [39m| time           | avg_coolant_T  | max_T_fluid    | min_T_fluid    |
[36msub_channel0_viz0: [39m+----------------+----------------+----------------+----------------+
[36msub_channel0_viz0: [39m|   0.000000e+00 |   5.846532e+02 |   6.014921e+02 |   5.603896e+02 |
[36msub_channel0_viz0: [39m+----------------+----------------+----------------+----------------+
[36msub_channel0_viz0: [39m
[36msub_channel0_viz0: [39m[32m Solve Converged![39m
[36msub_channel0_viz0: [39m
[36msub_channel0_viz0: [39m
[36msub_channel0_viz0: [39mPostprocessor Values:
[36msub_channel0_viz0: [39m+----------------+----------------+----------------+----------------+
[36msub_channel0_viz0: [39m| time           | avg_coolant_T  | max_T_fluid    | min_T_fluid    |
[36msub_channel0_viz0: [39m+----------------+----------------+----------------+----------------+
[36msub_channel0_viz0: [39m|   0.000000e+00 |   5.846532e+02 |   6.014921e+02 |   5.603896e+02 |
[36msub_channel0_viz0: [39m|   1.000000e+00 |   5.845933e+02 |   6.015525e+02 |   5.603798e+02 |
[36msub_channel0_viz0: [39m+----------------+----------------+----------------+----------------+
[36msub_channel0_viz0: [39m
Sending temperature to OpenMC cells... 
Setting cell id 13, instance 0 (of 9) [1 contained cells] to temperature (K): 1068
Setting cell id 13, instance 1 (of 9) [1 contained cells] to temperature (K): 1068.4
Setting cell id 13, instance 2 (of 9) [1 contained cells] to temperature (K): 1068.46
Setting cell id 13, instance 3 (of 9) [1 contained cells] to temperature (K): 1068.35
Setting cell id 13, instance 4 (of 9) [1 contained cells] to temperature (K): 1075.39
Setting cell id 13, instance 5 (of 9) [1 contained cells] to temperature (K): 1071.72
Setting cell id 13, instance 6 (of 9) [1 contained cells] to temperature (K): 1067.86
Setting cell id 13, instance 7 (of 9) [1 contained cells] to temperature (K): 1069.44
Setting cell id 13, instance 8 (of 9) [1 contained cells] to temperature (K): 1068.09
Setting cell id 14, instance 0 (of 9) [1 contained cells] to temperature (K): 682.163
Setting cell id 14, instance 1 (of 9) [1 contained cells] to temperature (K): 683.409
Setting cell id 14, instance 2 (of 9) [1 contained cells] to temperature (K): 682.986
Setting cell id 14, instance 3 (of 9) [1 contained cells] to temperature (K): 682.87
Setting cell id 14, instance 4 (of 9) [1 contained cells] to temperature (K): 685.981
Setting cell id 14, instance 5 (of 9) [1 contained cells] to temperature (K): 683.895
Setting cell id 14, instance 6 (of 9) [1 contained cells] to temperature (K): 682.677
Setting cell id 14, instance 7 (of 9) [1 contained cells] to temperature (K): 683.85
Setting cell id 14, instance 8 (of 9) [1 contained cells] to temperature (K): 682.962
Setting cell id 16, instance 0 (of 9) [1 contained cells] to temperature (K): 584.372
Setting cell id 16, instance 1 (of 9) [1 contained cells] to temperature (K): 585.532
Setting cell id 16, instance 2 (of 9) [1 contained cells] to temperature (K): 584.48
Setting cell id 16, instance 3 (of 9) [1 contained cells] to temperature (K): 585.497
Setting cell id 16, instance 4 (of 9) [1 contained cells] to temperature (K): 586.796
Setting cell id 16, instance 5 (of 9) [1 contained cells] to temperature (K): 585.599
Setting cell id 16, instance 6 (of 9) [1 contained cells] to temperature (K): 584.435
Setting cell id 16, instance 7 (of 9) [1 contained cells] to temperature (K): 585.581
Setting cell id 16, instance 8 (of 9) [1 contained cells] to temperature (K): 584.501
Sending density to OpenMC cells... 
Setting cell id 16, instance 0 (of 9) to density (kg/m3): 700.446
Setting cell id 16, instance 1 (of 9) to density (kg/m3): 697.579
Setting cell id 16, instance 2 (of 9) to density (kg/m3): 700.178
Setting cell id 16, instance 3 (of 9) to density (kg/m3): 697.665
Setting cell id 16, instance 4 (of 9) to density (kg/m3): 694.406
Setting cell id 16, instance 5 (of 9) to density (kg/m3): 697.412
Setting cell id 16, instance 6 (of 9) to density (kg/m3): 700.294
Setting cell id 16, instance 7 (of 9) to density (kg/m3): 697.456
Setting cell id 16, instance 8 (of 9) to density (kg/m3): 700.127
 Running OpenMC with 2000 particles per batch...
 Maximum neutron transport energy: 20000000 eV for O17
 Initializing source particles...

 ====================>     K EIGENVALUE SIMULATION     <====================

  Bat./Gen.      k            Average k
  =========   ========   ====================
        1/1    1.22637
        2/1    1.30034
        3/1    1.25214
        4/1    1.34714
        5/1    1.30390
        6/1    1.33416
        7/1    1.31870
        8/1    1.28815
        9/1    1.26581
       10/1    1.33355
       11/1    1.25387
       12/1    1.29165
       13/1    1.26232
       14/1    1.28763
       15/1    1.29841
       16/1    1.35086
       17/1    1.27709
       18/1    1.28814
       19/1    1.29432
       20/1    1.32359
       21/1    1.32553
       22/1    1.31232
       23/1    1.32708
       24/1    1.33220
       25/1    1.31629
       26/1    1.22133
       27/1    1.30012
       28/1    1.32717
       29/1    1.23539
       30/1    1.27865
       31/1    1.25929
       32/1    1.26900
       33/1    1.31332
       34/1    1.32967
       35/1    1.23346
       36/1    1.32036
       37/1    1.30871
       38/1    1.28135
       39/1    1.27017
       40/1    1.20960
       41/1    1.36339
       42/1    1.24843
       43/1    1.36206
       44/1    1.29150
       45/1    1.30135
       46/1    1.30337
       47/1    1.25762
       48/1    1.24704
       49/1    1.22143
       50/1    1.26685
       51/1    1.32469
       52/1    1.28132    1.30300 +/- 0.02168
       53/1    1.32127    1.30909 +/- 0.01392
       54/1    1.29141    1.30467 +/- 0.01079
       55/1    1.26170    1.29608 +/- 0.01199
       56/1    1.28181    1.29370 +/- 0.01007
       57/1    1.27087    1.29044 +/- 0.00912
       58/1    1.27797    1.28888 +/- 0.00805
       59/1    1.30247    1.29039 +/- 0.00726
       60/1    1.35110    1.29646 +/- 0.00889
       61/1    1.28713    1.29561 +/- 0.00808
       62/1    1.31479    1.29721 +/- 0.00755
       63/1    1.28019    1.29590 +/- 0.00707
       64/1    1.30081    1.29625 +/- 0.00655
       65/1    1.30141    1.29660 +/- 0.00611
       66/1    1.29472    1.29648 +/- 0.00572
       67/1    1.30690    1.29709 +/- 0.00540
       68/1    1.32689    1.29875 +/- 0.00536
       69/1    1.26629    1.29704 +/- 0.00535
       70/1    1.28659    1.29652 +/- 0.00510
       71/1    1.23612    1.29364 +/- 0.00564
       72/1    1.31990    1.29483 +/- 0.00551
       73/1    1.31498    1.29571 +/- 0.00534
       74/1    1.27742    1.29495 +/- 0.00517
       75/1    1.23642    1.29261 +/- 0.00548
       76/1    1.28026    1.29213 +/- 0.00529
       77/1    1.27481    1.29149 +/- 0.00513
       78/1    1.29300    1.29154 +/- 0.00494
       79/1    1.31692    1.29242 +/- 0.00485
       80/1    1.27480    1.29183 +/- 0.00472
       81/1    1.32031    1.29275 +/- 0.00466
       82/1    1.28218    1.29242 +/- 0.00452
       83/1    1.31982    1.29325 +/- 0.00446
       84/1    1.28733    1.29308 +/- 0.00433
       85/1    1.26337    1.29223 +/- 0.00429
       86/1    1.31831    1.29295 +/- 0.00423
       87/1    1.28961    1.29286 +/- 0.00412
       88/1    1.25756    1.29193 +/- 0.00411
       89/1    1.32380    1.29275 +/- 0.00409
       90/1    1.33737    1.29386 +/- 0.00414
       91/1    1.32422    1.29461 +/- 0.00410
       92/1    1.29879    1.29470 +/- 0.00400
       93/1    1.33588    1.29566 +/- 0.00403
       94/1    1.23995    1.29440 +/- 0.00413
       95/1    1.27464    1.29396 +/- 0.00406
       96/1    1.27099    1.29346 +/- 0.00401
       97/1    1.29321    1.29345 +/- 0.00392
       98/1    1.32223    1.29405 +/- 0.00388
       99/1    1.19294    1.29199 +/- 0.00433
      100/1    1.29312    1.29201 +/- 0.00424
      101/1    1.30442    1.29225 +/- 0.00416
      102/1    1.31465    1.29269 +/- 0.00410
      103/1    1.23431    1.29158 +/- 0.00417
      104/1    1.25740    1.29095 +/- 0.00414
      105/1    1.29030    1.29094 +/- 0.00407
      106/1    1.36097    1.29219 +/- 0.00419
      107/1    1.23318    1.29115 +/- 0.00424
      108/1    1.26676    1.29073 +/- 0.00419
      109/1    1.31055    1.29107 +/- 0.00413
      110/1    1.29581    1.29115 +/- 0.00406
      111/1    1.31922    1.29161 +/- 0.00402
      112/1    1.26545    1.29119 +/- 0.00398
      113/1    1.29190    1.29120 +/- 0.00391
      114/1    1.32084    1.29166 +/- 0.00388
      115/1    1.24675    1.29097 +/- 0.00388
      116/1    1.22450    1.28996 +/- 0.00395
      117/1    1.25783    1.28948 +/- 0.00392
      118/1    1.31358    1.28984 +/- 0.00388
      119/1    1.27369    1.28960 +/- 0.00383
      120/1    1.26220    1.28921 +/- 0.00380
      121/1    1.25817    1.28877 +/- 0.00377
      122/1    1.31044    1.28908 +/- 0.00373
      123/1    1.25321    1.28858 +/- 0.00371
      124/1    1.33791    1.28925 +/- 0.00372
      125/1    1.31789    1.28963 +/- 0.00369
      126/1    1.24834    1.28909 +/- 0.00368
      127/1    1.28112    1.28899 +/- 0.00363
      128/1    1.26048    1.28862 +/- 0.00361
      129/1    1.26358    1.28830 +/- 0.00357
      130/1    1.25642    1.28790 +/- 0.00355
      131/1    1.29964    1.28805 +/- 0.00351
      132/1    1.28472    1.28801 +/- 0.00347
      133/1    1.25911    1.28766 +/- 0.00344
      134/1    1.29645    1.28777 +/- 0.00340
      135/1    1.30100    1.28792 +/- 0.00337
      136/1    1.27047    1.28772 +/- 0.00333
      137/1    1.28641    1.28770 +/- 0.00329
      138/1    1.29188    1.28775 +/- 0.00326
      139/1    1.36371    1.28860 +/- 0.00333
      140/1    1.27810    1.28849 +/- 0.00330
      141/1    1.25089    1.28807 +/- 0.00329
      142/1    1.28249    1.28801 +/- 0.00325
      143/1    1.25692    1.28768 +/- 0.00323
      144/1    1.33199    1.28815 +/- 0.00323
      145/1    1.30103    1.28829 +/- 0.00320
      146/1    1.27036    1.28810 +/- 0.00317
      147/1    1.28155    1.28803 +/- 0.00314
      148/1    1.30303    1.28819 +/- 0.00311
      149/1    1.27898    1.28809 +/- 0.00308
      150/1    1.23260    1.28754 +/- 0.00310
 Creating state point statepoint.150.h5...

 =======================>     TIMING STATISTICS     <=======================

 Total time for initialization     = 0.0000e+00 seconds
   Reading cross sections          = 0.0000e+00 seconds
 Total time in simulation          = 5.5742e+00 seconds
   Time in transport only          = 5.5135e+00 seconds
   Time in inactive batches        = 8.8485e-01 seconds
   Time in active batches          = 4.6893e+00 seconds
   Time synchronizing fission bank = 1.6837e-02 seconds
     Sampling source sites         = 1.3929e-02 seconds
     SEND/RECV source sites        = 2.6453e-03 seconds
   Time accumulating tallies       = 2.7261e-02 seconds
   Time writing statepoints        = 5.0887e-03 seconds
 Total time for finalization       = 2.9350e-02 seconds
 Total time elapsed                = 5.6153e+00 seconds
 Calculation Rate (inactive)       = 113014 particles/second
 Calculation Rate (active)         = 42649.9 particles/second

 ============================>     RESULTS     <============================

 k-effective (Collision)     = 1.28534 +/- 0.00300
 k-effective (Track-length)  = 1.28754 +/- 0.00310
 k-effective (Absorption)    = 1.28730 +/- 0.00226
 Combined k-effective        = 1.28712 +/- 0.00211
 Leakage Fraction            = 0.00018 +/- 0.00003

    Finished Solving OpenMC                                                              [[33m  5.62 s[39m] [[33m 1291 MB[39m]
Extracting OpenMC tallies...
[32m Solve Converged![39m

  Finished Solving                                                                       [[33m  5.66 s[39m] [[33m 1291 MB[39m]
[36msolid0: [39m
[36msolid0: [39mTime Step 5, time = 5, dt = 1
[36msolid0: [39m 0 Nonlinear |R| = [32m1.932396e+03[39m
[36msolid0: [39m      0 Linear |R| = [32m1.932396e+03[39m
[36msolid0: [39m      1 Linear |R| = [32m5.084055e+02[39m
[36msolid0: [39m      2 Linear |R| = [32m2.467462e+02[39m
[36msolid0: [39m      3 Linear |R| = [32m6.541371e+01[39m
[36msolid0: [39m      4 Linear |R| = [32m1.041268e+01[39m
[36msolid0: [39m      5 Linear |R| = [32m2.073840e+00[39m
[36msolid0: [39m      6 Linear |R| = [32m4.744529e-01[39m
[36msolid0: [39m      7 Linear |R| = [32m6.822025e-02[39m
[36msolid0: [39m      8 Linear |R| = [32m7.219807e-03[39m
[36msolid0: [39m 1 Nonlinear |R| = [32m4.585054e-02[39m
[36msolid0: [39m      0 Linear |R| = [32m4.585054e-02[39m
[36msolid0: [39m      1 Linear |R| = [32m1.881952e-03[39m
[36msolid0: [39m      2 Linear |R| = [32m3.818082e-04[39m
[36msolid0: [39m      3 Linear |R| = [32m2.012084e-04[39m
[36msolid0: [39m      4 Linear |R| = [32m6.680519e-05[39m
[36msolid0: [39m      5 Linear |R| = [32m1.482679e-05[39m
[36msolid0: [39m      6 Linear |R| = [32m2.767296e-06[39m
[36msolid0: [39m      7 Linear |R| = [32m4.317895e-07[39m
[36msolid0: [39m 2 Nonlinear |R| = [32m4.492010e-07[39m
[36msolid0: [39m[32m Solve Converged![39m
[36msolid0: [39m
[36msolid0: [39mFinished Solving                                                                 [[33m  7.43 s[39m] [[33m 1314 MB[39m]
[36msolid0: [39m
[36msolid0: [39mPostprocessor Values:
[36msolid0: [39m+----------------+----------------+---------------------------+----------------+----------------+----------------+----------------+
[36msolid0: [39m| time           | avg_fuel_T     | conduction_power_integral | max_T_wall_send| max_clad_T     | max_fuel_T     | min_T_wall_send|
[36msolid0: [39m+----------------+----------------+---------------------------+----------------+----------------+----------------+----------------+
[36msolid0: [39m|   0.000000e+00 |   0.000000e+00 |              0.000000e+00 |   0.000000e+00 |   0.000000e+00 |   0.000000e+00 |   0.000000e+00 |
[36msolid0: [39m|   1.000000e+00 |   3.883513e+02 |              8.549444e+05 |   5.599995e+02 |   5.580360e+02 |   5.631977e+02 |   5.599956e+02 |
[36msolid0: [39m|   2.000000e+00 |   6.636712e+02 |              8.549444e+05 |   6.409837e+02 |   6.746879e+02 |   9.544290e+02 |   5.986320e+02 |
[36msolid0: [39m|   3.000000e+00 |   8.596146e+02 |              8.549444e+05 |   6.399973e+02 |   7.036338e+02 |   1.336825e+03 |   6.056526e+02 |
[36msolid0: [39m|   4.000000e+00 |   1.005370e+03 |              8.549444e+05 |   6.411135e+02 |   7.175352e+02 |   1.650408e+03 |   6.065568e+02 |
[36msolid0: [39m|   5.000000e+00 |   1.115926e+03 |              8.549444e+05 |   6.410041e+02 |   7.288512e+02 |   1.909306e+03 |   6.070431e+02 |
[36msolid0: [39m+----------------+----------------+---------------------------+----------------+----------------+----------------+----------------+
[36msolid0: [39m
[36msolid0: [39m
[36msolid0: [39mPostprocessor Values:
[36msolid0: [39m+----------------+----------------+---------------------------+----------------+----------------+----------------+----------------+
[36msolid0: [39m| time           | avg_fuel_T     | conduction_power_integral | max_T_wall_send| max_clad_T     | max_fuel_T     | min_T_wall_send|
[36msolid0: [39m+----------------+----------------+---------------------------+----------------+----------------+----------------+----------------+
[36msolid0: [39m|   0.000000e+00 |   0.000000e+00 |              0.000000e+00 |   0.000000e+00 |   0.000000e+00 |   0.000000e+00 |   0.000000e+00 |
[36msolid0: [39m|   1.000000e+00 |   3.883513e+02 |              8.549444e+05 |   5.599995e+02 |   5.580360e+02 |   5.631977e+02 |   5.599956e+02 |
[36msolid0: [39m|   2.000000e+00 |   6.636712e+02 |              8.549444e+05 |   6.409837e+02 |   6.746879e+02 |   9.544290e+02 |   5.986320e+02 |
[36msolid0: [39m|   3.000000e+00 |   8.596146e+02 |              8.549444e+05 |   6.399973e+02 |   7.036338e+02 |   1.336825e+03 |   6.056526e+02 |
[36msolid0: [39m|   4.000000e+00 |   1.005370e+03 |              8.549444e+05 |   6.411135e+02 |   7.175352e+02 |   1.650408e+03 |   6.065568e+02 |
[36msolid0: [39m|   5.000000e+00 |   1.115926e+03 |              8.549444e+05 |   6.410041e+02 |   7.288512e+02 |   1.909306e+03 |   6.070431e+02 |
[36msolid0: [39m+----------------+----------------+---------------------------+----------------+----------------+----------------+----------------+
[36msolid0: [39m
    Finished Executing MultiApps                                                         [[33m  7.94 s[39m] [[33m 1314 MB[39m]
  Finished Executing MultiApps                                                           [[33m  7.94 s[39m] [[33m 1314 MB[39m]

Postprocessor Values:
+----------------+----------------+----------------+----------------+----------------+----------------+----------------+
| time           | avg_coolant_T  | avg_coolant_rho| k              | k_std_dev      | max_coolant_T  | max_coolant_rho|
+----------------+----------------+----------------+----------------+----------------+----------------+----------------+
|   0.000000e+00 |   0.000000e+00 |   0.000000e+00 |   0.000000e+00 |   0.000000e+00 |   0.000000e+00 |   0.000000e+00 |
|   1.000000e+00 |   5.599964e+02 |   7.524099e+02 |   1.355427e+00 |   1.883971e-03 |   5.599976e+02 |   7.524436e+02 |
|   2.000000e+00 |   5.825279e+02 |   7.054159e+02 |   1.322142e+00 |   2.256852e-03 |   5.945761e+02 |   7.496028e+02 |
|   3.000000e+00 |   5.851160e+02 |   6.987270e+02 |   1.300051e+00 |   2.274927e-03 |   6.006535e+02 |   7.494878e+02 |
|   4.000000e+00 |   5.852629e+02 |   6.982710e+02 |   1.292876e+00 |   1.892578e-03 |   6.013537e+02 |   7.495374e+02 |
|   5.000000e+00 |   5.851992e+02 |   6.983959e+02 |   1.287122e+00 |   2.111398e-03 |   6.014135e+02 |   7.496100e+02 |
+----------------+----------------+----------------+----------------+----------------+----------------+----------------+
+----------------+----------------+----------------+-----------------------+
| time           | min_coolant_T  | min_coolant_rho| openmc_power_integral |
+----------------+----------------+----------------+-----------------------+
|   0.000000e+00 |   0.000000e+00 |   0.000000e+00 |          0.000000e+00 |
|   1.000000e+00 |   5.599956e+02 |   7.523759e+02 |          8.549444e+05 |
|   2.000000e+00 |   5.615372e+02 |   6.770036e+02 |          8.549444e+05 |
|   3.000000e+00 |   5.615988e+02 |   6.598771e+02 |          8.549444e+05 |
|   4.000000e+00 |   5.615719e+02 |   6.577837e+02 |          8.549444e+05 |
|   5.000000e+00 |   5.615327e+02 |   6.576039e+02 |          8.549444e+05 |
+----------------+----------------+----------------+-----------------------+


Time Step 6, time = 6, dt = 1
[36msub_channel0: [39m
[36msub_channel0: [39mTime Step 0, time = 0
[36msub_channel0: [39m
[36msub_channel0: [39mTime Step 1, time = 1, dt = 1
[36msub_channel0: [39mExecuting subchannel solver
[36msub_channel0: [39mSolution initialized
[36msub_channel0: [39mSolving Outer Iteration : 1
[36msub_channel0: [39mSolving Block: 0 From first level: 1 to last level: 60
[36msub_channel0: [39mBlock: 0 - Enthalpy conservation matrix assembled
[36msub_channel0: [39mStart updating thermophysical properties.
[36msub_channel0: [39mDone updating thermophysical properties.
[36msub_channel0: [39mT_block_error: 0.000110782
[36msub_channel0: [39mBlock: 0 - Enthalpy conservation matrix assembled
[36msub_channel0: [39mStart updating thermophysical properties.
[36msub_channel0: [39mDone updating thermophysical properties.
[36msub_channel0: [39mT_block_error: 1.25705e-06
[36msub_channel0: [39mP_error :2.75532e-06
[36msub_channel0: [39mIteration:  1
[36msub_channel0: [39mMaximum iterations: 5
[36msub_channel0: [39mFinished executing subchannel solver
[36msub_channel0: [39mCommencing calculation of Pin surface temperature 
[36msub_channel0: [39m ======================================= 
[36msub_channel0: [39m ======== Subchannel Print Outs ======== 
[36msub_channel0: [39m ======================================= 
[36msub_channel0: [39mTotal flow area :0.000984685 m^2
[36msub_channel0: [39mAssembly hydraulic diameter :0.00943815 m
[36msub_channel0: [39mAssembly Re number :382270 [-]
[36msub_channel0: [39mBulk coolant temperature at outlet :599.761 K
[36msub_channel0: [39mPower added to coolant is : 847750 Watt
[36msub_channel0: [39mMass flow rate in is : 3.7418 kg/sec
[36msub_channel0: [39mMass balance is : 0.00026298 kg/sec
[36msub_channel0: [39mUser defined outlet pressure is : 1.57e+07 Pa
[36msub_channel0: [39m ======================================= 
[36msub_channel0: [39m[32m Solve Converged![39m
[36msub_channel0: [39m
[36msub_channel0_viz0: [39m
[36msub_channel0_viz0: [39mPostprocessor Values:
[36msub_channel0_viz0: [39m+----------------+----------------+----------------+----------------+
[36msub_channel0_viz0: [39m| time           | avg_coolant_T  | max_T_fluid    | min_T_fluid    |
[36msub_channel0_viz0: [39m+----------------+----------------+----------------+----------------+
[36msub_channel0_viz0: [39m|   0.000000e+00 |   5.845933e+02 |   6.015525e+02 |   5.603798e+02 |
[36msub_channel0_viz0: [39m+----------------+----------------+----------------+----------------+
[36msub_channel0_viz0: [39m
[36msub_channel0_viz0: [39m[32m Solve Converged![39m
[36msub_channel0_viz0: [39m
[36msub_channel0_viz0: [39m
[36msub_channel0_viz0: [39mPostprocessor Values:
[36msub_channel0_viz0: [39m+----------------+----------------+----------------+----------------+
[36msub_channel0_viz0: [39m| time           | avg_coolant_T  | max_T_fluid    | min_T_fluid    |
[36msub_channel0_viz0: [39m+----------------+----------------+----------------+----------------+
[36msub_channel0_viz0: [39m|   0.000000e+00 |   5.845933e+02 |   6.015525e+02 |   5.603798e+02 |
[36msub_channel0_viz0: [39m|   1.000000e+00 |   5.846603e+02 |   6.014884e+02 |   5.603846e+02 |
[36msub_channel0_viz0: [39m+----------------+----------------+----------------+----------------+
[36msub_channel0_viz0: [39m
Sending temperature to OpenMC cells... 
Setting cell id 13, instance 0 (of 9) [1 contained cells] to temperature (K): 1194.98
Setting cell id 13, instance 1 (of 9) [1 contained cells] to temperature (K): 1195.96
Setting cell id 13, instance 2 (of 9) [1 contained cells] to temperature (K): 1196.65
Setting cell id 13, instance 3 (of 9) [1 contained cells] to temperature (K): 1195.5
Setting cell id 13, instance 4 (of 9) [1 contained cells] to temperature (K): 1202.16
Setting cell id 13, instance 5 (of 9) [1 contained cells] to temperature (K): 1198.99
Setting cell id 13, instance 6 (of 9) [1 contained cells] to temperature (K): 1195.82
Setting cell id 13, instance 7 (of 9) [1 contained cells] to temperature (K): 1197.12
Setting cell id 13, instance 8 (of 9) [1 contained cells] to temperature (K): 1195.64
Setting cell id 14, instance 0 (of 9) [1 contained cells] to temperature (K): 694.06
Setting cell id 14, instance 1 (of 9) [1 contained cells] to temperature (K): 695.53
Setting cell id 14, instance 2 (of 9) [1 contained cells] to temperature (K): 695 
Setting cell id 14, instance 3 (of 9) [1 contained cells] to temperature (K): 694.776
Setting cell id 14, instance 4 (of 9) [1 contained cells] to temperature (K): 697.489
Setting cell id 14, instance 5 (of 9) [1 contained cells] to temperature (K): 695.691
Setting cell id 14, instance 6 (of 9) [1 contained cells] to temperature (K): 694.48
Setting cell id 14, instance 7 (of 9) [1 contained cells] to temperature (K): 695.758
Setting cell id 14, instance 8 (of 9) [1 contained cells] to temperature (K): 694.784
Setting cell id 16, instance 0 (of 9) [1 contained cells] to temperature (K): 584.452
Setting cell id 16, instance 1 (of 9) [1 contained cells] to temperature (K): 585.621
Setting cell id 16, instance 2 (of 9) [1 contained cells] to temperature (K): 584.555
Setting cell id 16, instance 3 (of 9) [1 contained cells] to temperature (K): 585.567
Setting cell id 16, instance 4 (of 9) [1 contained cells] to temperature (K): 586.864
Setting cell id 16, instance 5 (of 9) [1 contained cells] to temperature (K): 585.658
Setting cell id 16, instance 6 (of 9) [1 contained cells] to temperature (K): 584.488
Setting cell id 16, instance 7 (of 9) [1 contained cells] to temperature (K): 585.637
Setting cell id 16, instance 8 (of 9) [1 contained cells] to temperature (K): 584.561
Sending density to OpenMC cells... 
Setting cell id 16, instance 0 (of 9) to density (kg/m3): 700.27
Setting cell id 16, instance 1 (of 9) to density (kg/m3): 697.378
Setting cell id 16, instance 2 (of 9) to density (kg/m3): 700.012
Setting cell id 16, instance 3 (of 9) to density (kg/m3): 697.515
Setting cell id 16, instance 4 (of 9) to density (kg/m3): 694.262
Setting cell id 16, instance 5 (of 9) to density (kg/m3): 697.288
Setting cell id 16, instance 6 (of 9) to density (kg/m3): 700.185
Setting cell id 16, instance 7 (of 9) to density (kg/m3): 697.344
Setting cell id 16, instance 8 (of 9) to density (kg/m3): 700.009
 Running OpenMC with 2000 particles per batch...
 Maximum neutron transport energy: 20000000 eV for O17
 Initializing source particles...

 ====================>     K EIGENVALUE SIMULATION     <====================

  Bat./Gen.      k            Average k
  =========   ========   ====================
        1/1    1.24346
        2/1    1.26220
        3/1    1.28386
        4/1    1.26360
        5/1    1.23581
        6/1    1.29605
        7/1    1.23600
        8/1    1.30630
        9/1    1.27184
       10/1    1.22718
       11/1    1.27128
       12/1    1.31334
       13/1    1.31163
       14/1    1.25194
       15/1    1.26117
       16/1    1.29003
       17/1    1.26007
       18/1    1.28043
       19/1    1.27897
       20/1    1.22438
       21/1    1.30112
       22/1    1.27344
       23/1    1.28917
       24/1    1.31902
       25/1    1.21981
       26/1    1.29902
       27/1    1.26911
       28/1    1.28933
       29/1    1.31723
       30/1    1.26285
       31/1    1.33553
       32/1    1.28040
       33/1    1.24334
       34/1    1.23361
       35/1    1.27542
       36/1    1.23261
       37/1    1.31599
       38/1    1.29552
       39/1    1.22389
       40/1    1.25600
       41/1    1.32369
       42/1    1.27278
       43/1    1.28985
       44/1    1.24122
       45/1    1.32132
       46/1    1.30219
       47/1    1.30935
       48/1    1.29683
       49/1    1.27819
       50/1    1.25849
       51/1    1.27326
       52/1    1.23912    1.25619 +/- 0.01707
       53/1    1.28769    1.26669 +/- 0.01440
       54/1    1.25444    1.26362 +/- 0.01063
       55/1    1.31932    1.27476 +/- 0.01385
       56/1    1.23815    1.26866 +/- 0.01285
       57/1    1.30927    1.27446 +/- 0.01231
       58/1    1.31638    1.27970 +/- 0.01188
       59/1    1.23061    1.27425 +/- 0.01181
       60/1    1.30880    1.27770 +/- 0.01112
       61/1    1.32264    1.28179 +/- 0.01085
       62/1    1.30038    1.28334 +/- 0.01003
       63/1    1.27935    1.28303 +/- 0.00923
       64/1    1.29283    1.28373 +/- 0.00857
       65/1    1.36067    1.28886 +/- 0.00949
       66/1    1.25419    1.28669 +/- 0.00914
       67/1    1.25314    1.28472 +/- 0.00881
       68/1    1.29634    1.28537 +/- 0.00833
       69/1    1.25248    1.28363 +/- 0.00806
       70/1    1.31641    1.28527 +/- 0.00782
       71/1    1.32933    1.28737 +/- 0.00773
       72/1    1.28797    1.28740 +/- 0.00737
       73/1    1.24611    1.28560 +/- 0.00727
       74/1    1.24993    1.28412 +/- 0.00712
       75/1    1.30311    1.28488 +/- 0.00687
       76/1    1.29432    1.28524 +/- 0.00661
       77/1    1.26673    1.28455 +/- 0.00640
       78/1    1.28617    1.28461 +/- 0.00616
       79/1    1.24401    1.28321 +/- 0.00611
       80/1    1.23157    1.28149 +/- 0.00615
       81/1    1.26079    1.28082 +/- 0.00598
       82/1    1.22790    1.27917 +/- 0.00603
       83/1    1.30966    1.28009 +/- 0.00591
       84/1    1.27828    1.28004 +/- 0.00574
       85/1    1.30325    1.28070 +/- 0.00561
       86/1    1.21080    1.27876 +/- 0.00579
       87/1    1.27779    1.27874 +/- 0.00563
       88/1    1.27674    1.27868 +/- 0.00548
       89/1    1.28435    1.27883 +/- 0.00534
       90/1    1.24390    1.27795 +/- 0.00528
       91/1    1.22166    1.27658 +/- 0.00533
       92/1    1.25428    1.27605 +/- 0.00522
       93/1    1.26638    1.27583 +/- 0.00511
       94/1    1.27246    1.27575 +/- 0.00499
       95/1    1.26823    1.27558 +/- 0.00488
       96/1    1.27009    1.27546 +/- 0.00477
       97/1    1.28841    1.27574 +/- 0.00468
       98/1    1.33947    1.27707 +/- 0.00477
       99/1    1.31340    1.27781 +/- 0.00473
      100/1    1.23769    1.27701 +/- 0.00470
      101/1    1.29716    1.27740 +/- 0.00463
      102/1    1.26295    1.27712 +/- 0.00455
      103/1    1.27820    1.27714 +/- 0.00446
      104/1    1.31610    1.27786 +/- 0.00444
      105/1    1.27871    1.27788 +/- 0.00435
      106/1    1.27268    1.27779 +/- 0.00428
      107/1    1.32101    1.27855 +/- 0.00427
      108/1    1.34414    1.27968 +/- 0.00434
      109/1    1.35744    1.28099 +/- 0.00447
      110/1    1.25715    1.28060 +/- 0.00441
      111/1    1.28355    1.28065 +/- 0.00434
      112/1    1.30739    1.28108 +/- 0.00429
      113/1    1.24099    1.28044 +/- 0.00427
      114/1    1.26980    1.28027 +/- 0.00421
      115/1    1.20994    1.27919 +/- 0.00428
      116/1    1.32922    1.27995 +/- 0.00428
      117/1    1.23152    1.27923 +/- 0.00428
      118/1    1.24479    1.27872 +/- 0.00425
      119/1    1.27313    1.27864 +/- 0.00418
      120/1    1.32155    1.27925 +/- 0.00417
      121/1    1.24953    1.27883 +/- 0.00413
      122/1    1.31135    1.27929 +/- 0.00410
      123/1    1.26293    1.27906 +/- 0.00405
      124/1    1.29740    1.27931 +/- 0.00400
      125/1    1.33328    1.28003 +/- 0.00401
      126/1    1.24848    1.27961 +/- 0.00398
      127/1    1.34538    1.28047 +/- 0.00402
      128/1    1.25277    1.28011 +/- 0.00398
      129/1    1.31915    1.28061 +/- 0.00396
      130/1    1.23201    1.28000 +/- 0.00396
      131/1    1.28493    1.28006 +/- 0.00391
      132/1    1.32116    1.28056 +/- 0.00390
      133/1    1.29645    1.28075 +/- 0.00385
      134/1    1.30944    1.28109 +/- 0.00382
      135/1    1.29616    1.28127 +/- 0.00378
      136/1    1.28517    1.28132 +/- 0.00374
      137/1    1.24509    1.28090 +/- 0.00372
      138/1    1.19957    1.27998 +/- 0.00379
      139/1    1.23539    1.27948 +/- 0.00378
      140/1    1.20393    1.27864 +/- 0.00383
      141/1    1.33487    1.27925 +/- 0.00384
      142/1    1.30658    1.27955 +/- 0.00381
      143/1    1.26664    1.27941 +/- 0.00377
      144/1    1.21454    1.27872 +/- 0.00379
      145/1    1.28686    1.27881 +/- 0.00375
      146/1    1.22216    1.27822 +/- 0.00376
      147/1    1.27577    1.27819 +/- 0.00372
      148/1    1.25093    1.27791 +/- 0.00370
      149/1    1.24305    1.27756 +/- 0.00367
      150/1    1.29859    1.27777 +/- 0.00364
 Creating state point statepoint.150.h5...

 =======================>     TIMING STATISTICS     <=======================

 Total time for initialization     = 0.0000e+00 seconds
   Reading cross sections          = 0.0000e+00 seconds
 Total time in simulation          = 5.5258e+00 seconds
   Time in transport only          = 5.4605e+00 seconds
   Time in inactive batches        = 8.6152e-01 seconds
   Time in active batches          = 4.6643e+00 seconds
   Time synchronizing fission bank = 1.7278e-02 seconds
     Sampling source sites         = 1.4707e-02 seconds
     SEND/RECV source sites        = 2.3268e-03 seconds
   Time accumulating tallies       = 2.9350e-02 seconds
   Time writing statepoints        = 7.1706e-03 seconds
 Total time for finalization       = 2.9582e-02 seconds
 Total time elapsed                = 5.5673e+00 seconds
 Calculation Rate (inactive)       = 116074 particles/second
 Calculation Rate (active)         = 42878.9 particles/second

 ============================>     RESULTS     <============================

 k-effective (Collision)     = 1.28016 +/- 0.00333
 k-effective (Track-length)  = 1.27777 +/- 0.00364
 k-effective (Absorption)    = 1.28261 +/- 0.00212
 Combined k-effective        = 1.28233 +/- 0.00215
 Leakage Fraction            = 0.00017 +/- 0.00003

    Finished Solving OpenMC                                                              [[33m  5.57 s[39m] [[33m 1276 MB[39m]
Extracting OpenMC tallies...
[32m Solve Converged![39m

  Finished Solving                                                                       [[33m  5.61 s[39m] [[33m 1276 MB[39m]
[36msolid0: [39m
[36msolid0: [39mTime Step 6, time = 6, dt = 1
[36msolid0: [39m 0 Nonlinear |R| = [32m1.454602e+03[39m
[36msolid0: [39m      0 Linear |R| = [32m1.454602e+03[39m
[36msolid0: [39m      1 Linear |R| = [32m3.938324e+02[39m
[36msolid0: [39m      2 Linear |R| = [32m1.918184e+02[39m
[36msolid0: [39m      3 Linear |R| = [32m4.940092e+01[39m
[36msolid0: [39m      4 Linear |R| = [32m7.818745e+00[39m
[36msolid0: [39m      5 Linear |R| = [32m1.573366e+00[39m
[36msolid0: [39m      6 Linear |R| = [32m3.567109e-01[39m
[36msolid0: [39m      7 Linear |R| = [32m5.100570e-02[39m
[36msolid0: [39m      8 Linear |R| = [32m5.345965e-03[39m
[36msolid0: [39m 1 Nonlinear |R| = [32m3.485448e-02[39m
[36msolid0: [39m      0 Linear |R| = [32m3.485448e-02[39m
[36msolid0: [39m      1 Linear |R| = [32m1.426637e-03[39m
[36msolid0: [39m      2 Linear |R| = [32m2.911504e-04[39m
[36msolid0: [39m      3 Linear |R| = [32m1.535088e-04[39m
[36msolid0: [39m      4 Linear |R| = [32m5.070894e-05[39m
[36msolid0: [39m      5 Linear |R| = [32m1.134870e-05[39m
[36msolid0: [39m      6 Linear |R| = [32m2.154836e-06[39m
[36msolid0: [39m      7 Linear |R| = [32m3.372996e-07[39m
[36msolid0: [39m 2 Nonlinear |R| = [32m3.487048e-07[39m
[36msolid0: [39m[32m Solve Converged![39m
[36msolid0: [39m
[36msolid0: [39mFinished Solving                                                                 [[33m  7.46 s[39m] [[33m 1276 MB[39m]
[36msolid0: [39m
[36msolid0: [39mPostprocessor Values:
[36msolid0: [39m+----------------+----------------+---------------------------+----------------+----------------+----------------+----------------+
[36msolid0: [39m| time           | avg_fuel_T     | conduction_power_integral | max_T_wall_send| max_clad_T     | max_fuel_T     | min_T_wall_send|
[36msolid0: [39m+----------------+----------------+---------------------------+----------------+----------------+----------------+----------------+
[36msolid0: [39m|   0.000000e+00 |   0.000000e+00 |              0.000000e+00 |   0.000000e+00 |   0.000000e+00 |   0.000000e+00 |   0.000000e+00 |
[36msolid0: [39m|   1.000000e+00 |   3.883513e+02 |              8.549444e+05 |   5.599995e+02 |   5.580360e+02 |   5.631977e+02 |   5.599956e+02 |
[36msolid0: [39m|   2.000000e+00 |   6.636712e+02 |              8.549444e+05 |   6.409837e+02 |   6.746879e+02 |   9.544290e+02 |   5.986320e+02 |
[36msolid0: [39m|   3.000000e+00 |   8.596146e+02 |              8.549444e+05 |   6.399973e+02 |   7.036338e+02 |   1.336825e+03 |   6.056526e+02 |
[36msolid0: [39m|   4.000000e+00 |   1.005370e+03 |              8.549444e+05 |   6.411135e+02 |   7.175352e+02 |   1.650408e+03 |   6.065568e+02 |
[36msolid0: [39m|   5.000000e+00 |   1.115926e+03 |              8.549444e+05 |   6.410041e+02 |   7.288512e+02 |   1.909306e+03 |   6.070431e+02 |
[36msolid0: [39m|   6.000000e+00 |   1.200545e+03 |              8.549444e+05 |   6.409744e+02 |   7.374952e+02 |   2.100466e+03 |   6.067786e+02 |
[36msolid0: [39m+----------------+----------------+---------------------------+----------------+----------------+----------------+----------------+
[36msolid0: [39m
[36msolid0: [39m
[36msolid0: [39mPostprocessor Values:
[36msolid0: [39m+----------------+----------------+---------------------------+----------------+----------------+----------------+----------------+
[36msolid0: [39m| time           | avg_fuel_T     | conduction_power_integral | max_T_wall_send| max_clad_T     | max_fuel_T     | min_T_wall_send|
[36msolid0: [39m+----------------+----------------+---------------------------+----------------+----------------+----------------+----------------+
[36msolid0: [39m|   0.000000e+00 |   0.000000e+00 |              0.000000e+00 |   0.000000e+00 |   0.000000e+00 |   0.000000e+00 |   0.000000e+00 |
[36msolid0: [39m|   1.000000e+00 |   3.883513e+02 |              8.549444e+05 |   5.599995e+02 |   5.580360e+02 |   5.631977e+02 |   5.599956e+02 |
[36msolid0: [39m|   2.000000e+00 |   6.636712e+02 |              8.549444e+05 |   6.409837e+02 |   6.746879e+02 |   9.544290e+02 |   5.986320e+02 |
[36msolid0: [39m|   3.000000e+00 |   8.596146e+02 |              8.549444e+05 |   6.399973e+02 |   7.036338e+02 |   1.336825e+03 |   6.056526e+02 |
[36msolid0: [39m|   4.000000e+00 |   1.005370e+03 |              8.549444e+05 |   6.411135e+02 |   7.175352e+02 |   1.650408e+03 |   6.065568e+02 |
[36msolid0: [39m|   5.000000e+00 |   1.115926e+03 |              8.549444e+05 |   6.410041e+02 |   7.288512e+02 |   1.909306e+03 |   6.070431e+02 |
[36msolid0: [39m|   6.000000e+00 |   1.200545e+03 |              8.549444e+05 |   6.409744e+02 |   7.374952e+02 |   2.100466e+03 |   6.067786e+02 |
[36msolid0: [39m+----------------+----------------+---------------------------+----------------+----------------+----------------+----------------+
[36msolid0: [39m
    Finished Executing MultiApps                                                         [[33m  8.00 s[39m] [[33m 1276 MB[39m]
  Finished Executing MultiApps                                                           [[33m  8.00 s[39m] [[33m 1276 MB[39m]

Postprocessor Values:
+----------------+----------------+----------------+----------------+----------------+----------------+----------------+
| time           | avg_coolant_T  | avg_coolant_rho| k              | k_std_dev      | max_coolant_T  | max_coolant_rho|
+----------------+----------------+----------------+----------------+----------------+----------------+----------------+
|   0.000000e+00 |   0.000000e+00 |   0.000000e+00 |   0.000000e+00 |   0.000000e+00 |   0.000000e+00 |   0.000000e+00 |
|   1.000000e+00 |   5.599964e+02 |   7.524099e+02 |   1.355427e+00 |   1.883971e-03 |   5.599976e+02 |   7.524436e+02 |
|   2.000000e+00 |   5.825279e+02 |   7.054159e+02 |   1.322142e+00 |   2.256852e-03 |   5.945761e+02 |   7.496028e+02 |
|   3.000000e+00 |   5.851160e+02 |   6.987270e+02 |   1.300051e+00 |   2.274927e-03 |   6.006535e+02 |   7.494878e+02 |
|   4.000000e+00 |   5.852629e+02 |   6.982710e+02 |   1.292876e+00 |   1.892578e-03 |   6.013537e+02 |   7.495374e+02 |
|   5.000000e+00 |   5.851992e+02 |   6.983959e+02 |   1.287122e+00 |   2.111398e-03 |   6.014135e+02 |   7.496100e+02 |
|   6.000000e+00 |   5.852670e+02 |   6.982515e+02 |   1.282333e+00 |   2.154120e-03 |   6.013515e+02 |   7.495743e+02 |
+----------------+----------------+----------------+----------------+----------------+----------------+----------------+
+----------------+----------------+----------------+-----------------------+
| time           | min_coolant_T  | min_coolant_rho| openmc_power_integral |
+----------------+----------------+----------------+-----------------------+
|   0.000000e+00 |   0.000000e+00 |   0.000000e+00 |          0.000000e+00 |
|   1.000000e+00 |   5.599956e+02 |   7.523759e+02 |          8.549444e+05 |
|   2.000000e+00 |   5.615372e+02 |   6.770036e+02 |          8.549444e+05 |
|   3.000000e+00 |   5.615988e+02 |   6.598771e+02 |          8.549444e+05 |
|   4.000000e+00 |   5.615719e+02 |   6.577837e+02 |          8.549444e+05 |
|   5.000000e+00 |   5.615327e+02 |   6.576039e+02 |          8.549444e+05 |
|   6.000000e+00 |   5.615520e+02 |   6.577906e+02 |          8.549444e+05 |
+----------------+----------------+----------------+-----------------------+


Time Step 7, time = 7, dt = 1
[36msub_channel0: [39m
[36msub_channel0: [39mTime Step 0, time = 0
[36msub_channel0: [39m
[36msub_channel0: [39mTime Step 1, time = 1, dt = 1
[36msub_channel0: [39mExecuting subchannel solver
[36msub_channel0: [39mSolution initialized
[36msub_channel0: [39mSolving Outer Iteration : 1
[36msub_channel0: [39mSolving Block: 0 From first level: 1 to last level: 60
[36msub_channel0: [39mBlock: 0 - Enthalpy conservation matrix assembled
[36msub_channel0: [39mStart updating thermophysical properties.
[36msub_channel0: [39mDone updating thermophysical properties.
[36msub_channel0: [39mT_block_error: 0.000199666
[36msub_channel0: [39mBlock: 0 - Enthalpy conservation matrix assembled
[36msub_channel0: [39mStart updating thermophysical properties.
[36msub_channel0: [39mDone updating thermophysical properties.
[36msub_channel0: [39mT_block_error: 2.10286e-06
[36msub_channel0: [39mP_error :3.43715e-06
[36msub_channel0: [39mIteration:  1
[36msub_channel0: [39mMaximum iterations: 5
[36msub_channel0: [39mFinished executing subchannel solver
[36msub_channel0: [39mCommencing calculation of Pin surface temperature 
[36msub_channel0: [39m ======================================= 
[36msub_channel0: [39m ======== Subchannel Print Outs ======== 
[36msub_channel0: [39m ======================================= 
[36msub_channel0: [39mTotal flow area :0.000984685 m^2
[36msub_channel0: [39mAssembly hydraulic diameter :0.00943815 m
[36msub_channel0: [39mAssembly Re number :382270 [-]
[36msub_channel0: [39mBulk coolant temperature at outlet :599.837 K
[36msub_channel0: [39mPower added to coolant is : 848409 Watt
[36msub_channel0: [39mMass flow rate in is : 3.7418 kg/sec
[36msub_channel0: [39mMass balance is : -0.000522049 kg/sec
[36msub_channel0: [39mUser defined outlet pressure is : 1.57e+07 Pa
[36msub_channel0: [39m ======================================= 
[36msub_channel0: [39m[32m Solve Converged![39m
[36msub_channel0: [39m
[36msub_channel0_viz0: [39m
[36msub_channel0_viz0: [39mPostprocessor Values:
[36msub_channel0_viz0: [39m+----------------+----------------+----------------+----------------+
[36msub_channel0_viz0: [39m| time           | avg_coolant_T  | max_T_fluid    | min_T_fluid    |
[36msub_channel0_viz0: [39m+----------------+----------------+----------------+----------------+
[36msub_channel0_viz0: [39m|   0.000000e+00 |   5.846603e+02 |   6.014884e+02 |   5.603846e+02 |
[36msub_channel0_viz0: [39m+----------------+----------------+----------------+----------------+
[36msub_channel0_viz0: [39m
[36msub_channel0_viz0: [39m[32m Solve Converged![39m
[36msub_channel0_viz0: [39m
[36msub_channel0_viz0: [39m
[36msub_channel0_viz0: [39mPostprocessor Values:
[36msub_channel0_viz0: [39m+----------------+----------------+----------------+----------------+
[36msub_channel0_viz0: [39m| time           | avg_coolant_T  | max_T_fluid    | min_T_fluid    |
[36msub_channel0_viz0: [39m+----------------+----------------+----------------+----------------+
[36msub_channel0_viz0: [39m|   0.000000e+00 |   5.846603e+02 |   6.014884e+02 |   5.603846e+02 |
[36msub_channel0_viz0: [39m|   1.000000e+00 |   5.845399e+02 |   6.015541e+02 |   5.603736e+02 |
[36msub_channel0_viz0: [39m+----------------+----------------+----------------+----------------+
[36msub_channel0_viz0: [39m
Sending temperature to OpenMC cells... 
Setting cell id 13, instance 0 (of 9) [1 contained cells] to temperature (K): 1291.64
Setting cell id 13, instance 1 (of 9) [1 contained cells] to temperature (K): 1293.27
Setting cell id 13, instance 2 (of 9) [1 contained cells] to temperature (K): 1293.93
Setting cell id 13, instance 3 (of 9) [1 contained cells] to temperature (K): 1292.38
Setting cell id 13, instance 4 (of 9) [1 contained cells] to temperature (K): 1299.02
Setting cell id 13, instance 5 (of 9) [1 contained cells] to temperature (K): 1295.63
Setting cell id 13, instance 6 (of 9) [1 contained cells] to temperature (K): 1293.29
Setting cell id 13, instance 7 (of 9) [1 contained cells] to temperature (K): 1294.23
Setting cell id 13, instance 8 (of 9) [1 contained cells] to temperature (K): 1292.83
Setting cell id 14, instance 0 (of 9) [1 contained cells] to temperature (K): 702.783
Setting cell id 14, instance 1 (of 9) [1 contained cells] to temperature (K): 704.536
Setting cell id 14, instance 2 (of 9) [1 contained cells] to temperature (K): 703.784
Setting cell id 14, instance 3 (of 9) [1 contained cells] to temperature (K): 703.648
Setting cell id 14, instance 4 (of 9) [1 contained cells] to temperature (K): 706.082
Setting cell id 14, instance 5 (of 9) [1 contained cells] to temperature (K): 704.358
Setting cell id 14, instance 6 (of 9) [1 contained cells] to temperature (K): 703.336
Setting cell id 14, instance 7 (of 9) [1 contained cells] to temperature (K): 704.616
Setting cell id 14, instance 8 (of 9) [1 contained cells] to temperature (K): 703.738
Setting cell id 16, instance 0 (of 9) [1 contained cells] to temperature (K): 584.326
Setting cell id 16, instance 1 (of 9) [1 contained cells] to temperature (K): 585.488
Setting cell id 16, instance 2 (of 9) [1 contained cells] to temperature (K): 584.414
Setting cell id 16, instance 3 (of 9) [1 contained cells] to temperature (K): 585.444
Setting cell id 16, instance 4 (of 9) [1 contained cells] to temperature (K): 586.735
Setting cell id 16, instance 5 (of 9) [1 contained cells] to temperature (K): 585.528
Setting cell id 16, instance 6 (of 9) [1 contained cells] to temperature (K): 584.378
Setting cell id 16, instance 7 (of 9) [1 contained cells] to temperature (K): 585.527
Setting cell id 16, instance 8 (of 9) [1 contained cells] to temperature (K): 584.458
Sending density to OpenMC cells... 
Setting cell id 16, instance 0 (of 9) to density (kg/m3): 700.549
Setting cell id 16, instance 1 (of 9) to density (kg/m3): 697.676
Setting cell id 16, instance 2 (of 9) to density (kg/m3): 700.326
Setting cell id 16, instance 3 (of 9) to density (kg/m3): 697.789
Setting cell id 16, instance 4 (of 9) to density (kg/m3): 694.552
Setting cell id 16, instance 5 (of 9) to density (kg/m3): 697.577
Setting cell id 16, instance 6 (of 9) to density (kg/m3): 700.427
Setting cell id 16, instance 7 (of 9) to density (kg/m3): 697.587
Setting cell id 16, instance 8 (of 9) to density (kg/m3): 700.232
 Running OpenMC with 2000 particles per batch...
 Maximum neutron transport energy: 20000000 eV for O17
 Initializing source particles...

 ====================>     K EIGENVALUE SIMULATION     <====================

  Bat./Gen.      k            Average k
  =========   ========   ====================
        1/1    1.23786
        2/1    1.26957
        3/1    1.25438
        4/1    1.27378
        5/1    1.29735
        6/1    1.20205
        7/1    1.23415
        8/1    1.30607
        9/1    1.29027
       10/1    1.23942
       11/1    1.21116
       12/1    1.28989
       13/1    1.21534
       14/1    1.31705
       15/1    1.23075
       16/1    1.26682
       17/1    1.28346
       18/1    1.27278
       19/1    1.29809
       20/1    1.29222
       21/1    1.32012
       22/1    1.30765
       23/1    1.26289
       24/1    1.31444
       25/1    1.27863
       26/1    1.23514
       27/1    1.32517
       28/1    1.30870
       29/1    1.22863
       30/1    1.31630
       31/1    1.25867
       32/1    1.31721
       33/1    1.26763
       34/1    1.27402
       35/1    1.28691
       36/1    1.29188
       37/1    1.25460
       38/1    1.29675
       39/1    1.27493
       40/1    1.25187
       41/1    1.26283
       42/1    1.28541
       43/1    1.28358
       44/1    1.27865
       45/1    1.30998
       46/1    1.31230
       47/1    1.24657
       48/1    1.28004
       49/1    1.26631
       50/1    1.24273
       51/1    1.28159
       52/1    1.28106    1.28132 +/- 0.00026
       53/1    1.24224    1.26829 +/- 0.01303
       54/1    1.28525    1.27253 +/- 0.01014
       55/1    1.35001    1.28803 +/- 0.01737
       56/1    1.27840    1.28642 +/- 0.01427
       57/1    1.25215    1.28153 +/- 0.01302
       58/1    1.31527    1.28574 +/- 0.01204
       59/1    1.32640    1.29026 +/- 0.01154
       60/1    1.31987    1.29322 +/- 0.01074
       61/1    1.22301    1.28684 +/- 0.01162
       62/1    1.26482    1.28500 +/- 0.01077
       63/1    1.25568    1.28275 +/- 0.01016
       64/1    1.26628    1.28157 +/- 0.00948
       65/1    1.27205    1.28094 +/- 0.00885
       66/1    1.30228    1.28227 +/- 0.00838
       67/1    1.30531    1.28363 +/- 0.00799
       68/1    1.29128    1.28405 +/- 0.00754
       69/1    1.26476    1.28304 +/- 0.00721
       70/1    1.22578    1.28017 +/- 0.00741
       71/1    1.34738    1.28337 +/- 0.00774
       72/1    1.27156    1.28284 +/- 0.00740
       73/1    1.34245    1.28543 +/- 0.00753
       74/1    1.28691    1.28549 +/- 0.00721
       75/1    1.27691    1.28515 +/- 0.00693
       76/1    1.34081    1.28729 +/- 0.00699
       77/1    1.31463    1.28830 +/- 0.00680
       78/1    1.29253    1.28845 +/- 0.00656
       79/1    1.35052    1.29059 +/- 0.00668
       80/1    1.26322    1.28968 +/- 0.00652
       81/1    1.26096    1.28875 +/- 0.00637
       82/1    1.28710    1.28870 +/- 0.00617
       83/1    1.31495    1.28950 +/- 0.00603
       84/1    1.25142    1.28838 +/- 0.00596
       85/1    1.29471    1.28856 +/- 0.00579
       86/1    1.31651    1.28933 +/- 0.00568
       87/1    1.30439    1.28974 +/- 0.00554
       88/1    1.33072    1.29082 +/- 0.00550
       89/1    1.25717    1.28996 +/- 0.00542
       90/1    1.28677    1.28988 +/- 0.00529
       91/1    1.33700    1.29103 +/- 0.00528
       92/1    1.28308    1.29084 +/- 0.00516
       93/1    1.37409    1.29277 +/- 0.00540
       94/1    1.29232    1.29276 +/- 0.00527
       95/1    1.21925    1.29113 +/- 0.00541
       96/1    1.27972    1.29088 +/- 0.00529
       97/1    1.23705    1.28974 +/- 0.00530
       98/1    1.29767    1.28990 +/- 0.00520
       99/1    1.27165    1.28953 +/- 0.00510
      100/1    1.28342    1.28941 +/- 0.00500
      101/1    1.28740    1.28937 +/- 0.00490
      102/1    1.27969    1.28918 +/- 0.00481
      103/1    1.25916    1.28861 +/- 0.00475
      104/1    1.27643    1.28839 +/- 0.00467
      105/1    1.32067    1.28898 +/- 0.00462
      106/1    1.32942    1.28970 +/- 0.00459
      107/1    1.26445    1.28925 +/- 0.00453
      108/1    1.27105    1.28894 +/- 0.00447
      109/1    1.29419    1.28903 +/- 0.00439
      110/1    1.24767    1.28834 +/- 0.00437
      111/1    1.31363    1.28876 +/- 0.00432
      112/1    1.29290    1.28882 +/- 0.00425
      113/1    1.32010    1.28932 +/- 0.00421
      114/1    1.26676    1.28897 +/- 0.00416
      115/1    1.26039    1.28853 +/- 0.00412
      116/1    1.24363    1.28785 +/- 0.00411
      117/1    1.30508    1.28810 +/- 0.00406
      118/1    1.36640    1.28925 +/- 0.00416
      119/1    1.28843    1.28924 +/- 0.00410
      120/1    1.28323    1.28916 +/- 0.00404
      121/1    1.28723    1.28913 +/- 0.00399
      122/1    1.21665    1.28812 +/- 0.00406
      123/1    1.34448    1.28890 +/- 0.00407
      124/1    1.31702    1.28928 +/- 0.00404
      125/1    1.27337    1.28906 +/- 0.00399
      126/1    1.24731    1.28851 +/- 0.00397
      127/1    1.23778    1.28785 +/- 0.00398
      128/1    1.31533    1.28821 +/- 0.00394
      129/1    1.29828    1.28833 +/- 0.00389
      130/1    1.23118    1.28762 +/- 0.00391
      131/1    1.30730    1.28786 +/- 0.00387
      132/1    1.29770    1.28798 +/- 0.00382
      133/1    1.27702    1.28785 +/- 0.00378
      134/1    1.28455    1.28781 +/- 0.00373
      135/1    1.31347    1.28811 +/- 0.00370
      136/1    1.21306    1.28724 +/- 0.00376
      137/1    1.22453    1.28652 +/- 0.00379
      138/1    1.31478    1.28684 +/- 0.00376
      139/1    1.32574    1.28728 +/- 0.00374
      140/1    1.30232    1.28745 +/- 0.00370
      141/1    1.28350    1.28740 +/- 0.00366
      142/1    1.23617    1.28685 +/- 0.00367
      143/1    1.30103    1.28700 +/- 0.00363
      144/1    1.23968    1.28649 +/- 0.00362
      145/1    1.30628    1.28670 +/- 0.00359
      146/1    1.31594    1.28701 +/- 0.00357
      147/1    1.32065    1.28735 +/- 0.00355
      148/1    1.30160    1.28750 +/- 0.00351
      149/1    1.28518    1.28748 +/- 0.00348
      150/1    1.24646    1.28707 +/- 0.00347
 Creating state point statepoint.150.h5...

 =======================>     TIMING STATISTICS     <=======================

 Total time for initialization     = 0.0000e+00 seconds
   Reading cross sections          = 0.0000e+00 seconds
 Total time in simulation          = 5.6035e+00 seconds
   Time in transport only          = 5.5419e+00 seconds
   Time in inactive batches        = 8.9032e-01 seconds
   Time in active batches          = 4.7131e+00 seconds
   Time synchronizing fission bank = 1.6431e-02 seconds
     Sampling source sites         = 1.4015e-02 seconds
     SEND/RECV source sites        = 2.1571e-03 seconds
   Time accumulating tallies       = 2.7186e-02 seconds
   Time writing statepoints        = 6.4269e-03 seconds
 Total time for finalization       = 1.5616e-02 seconds
 Total time elapsed                = 5.6310e+00 seconds
 Calculation Rate (inactive)       = 112320 particles/second
 Calculation Rate (active)         = 42434.6 particles/second

 ============================>     RESULTS     <============================

 k-effective (Collision)     = 1.28392 +/- 0.00297
 k-effective (Track-length)  = 1.28707 +/- 0.00347
 k-effective (Absorption)    = 1.28314 +/- 0.00210
 Combined k-effective        = 1.28367 +/- 0.00203
 Leakage Fraction            = 0.00020 +/- 0.00003

    Finished Solving OpenMC                                                              [[33m  5.63 s[39m] [[33m 1289 MB[39m]
Extracting OpenMC tallies...
[32m Solve Converged![39m

  Finished Solving                                                                       [[33m  5.68 s[39m] [[33m 1289 MB[39m]
[36msolid0: [39m
[36msolid0: [39mTime Step 7, time = 7, dt = 1
[36msolid0: [39m 0 Nonlinear |R| = [32m1.118325e+03[39m
[36msolid0: [39m      0 Linear |R| = [32m1.118325e+03[39m
[36msolid0: [39m      1 Linear |R| = [32m3.057425e+02[39m
[36msolid0: [39m      2 Linear |R| = [32m1.489716e+02[39m
[36msolid0: [39m      3 Linear |R| = [32m3.786911e+01[39m
[36msolid0: [39m      4 Linear |R| = [32m5.934040e+00[39m
[36msolid0: [39m      5 Linear |R| = [32m1.207279e+00[39m
[36msolid0: [39m      6 Linear |R| = [32m2.695802e-01[39m
[36msolid0: [39m      7 Linear |R| = [32m3.843245e-02[39m
[36msolid0: [39m      8 Linear |R| = [32m4.062565e-03[39m
[36msolid0: [39m 1 Nonlinear |R| = [32m2.575444e-02[39m
[36msolid0: [39m      0 Linear |R| = [32m2.575444e-02[39m
[36msolid0: [39m      1 Linear |R| = [32m1.086138e-03[39m
[36msolid0: [39m      2 Linear |R| = [32m2.273043e-04[39m
[36msolid0: [39m      3 Linear |R| = [32m1.206110e-04[39m
[36msolid0: [39m      4 Linear |R| = [32m3.963765e-05[39m
[36msolid0: [39m      5 Linear |R| = [32m8.847839e-06[39m
[36msolid0: [39m      6 Linear |R| = [32m1.689797e-06[39m
[36msolid0: [39m      7 Linear |R| = [32m2.629017e-07[39m
[36msolid0: [39m      8 Linear |R| = [32m5.549040e-08[39m
[36msolid0: [39m 2 Nonlinear |R| = [32m8.856522e-08[39m
[36msolid0: [39m[32m Solve Converged![39m
[36msolid0: [39m
[36msolid0: [39mFinished Solving                                                                 [[33m  7.62 s[39m] [[33m 1315 MB[39m]
[36msolid0: [39m
[36msolid0: [39mPostprocessor Values:
[36msolid0: [39m+----------------+----------------+---------------------------+----------------+----------------+----------------+----------------+
[36msolid0: [39m| time           | avg_fuel_T     | conduction_power_integral | max_T_wall_send| max_clad_T     | max_fuel_T     | min_T_wall_send|
[36msolid0: [39m+----------------+----------------+---------------------------+----------------+----------------+----------------+----------------+
[36msolid0: [39m|   0.000000e+00 |   0.000000e+00 |              0.000000e+00 |   0.000000e+00 |   0.000000e+00 |   0.000000e+00 |   0.000000e+00 |
[36msolid0: [39m|   1.000000e+00 |   3.883513e+02 |              8.549444e+05 |   5.599995e+02 |   5.580360e+02 |   5.631977e+02 |   5.599956e+02 |
[36msolid0: [39m|   2.000000e+00 |   6.636712e+02 |              8.549444e+05 |   6.409837e+02 |   6.746879e+02 |   9.544290e+02 |   5.986320e+02 |
[36msolid0: [39m|   3.000000e+00 |   8.596146e+02 |              8.549444e+05 |   6.399973e+02 |   7.036338e+02 |   1.336825e+03 |   6.056526e+02 |
[36msolid0: [39m|   4.000000e+00 |   1.005370e+03 |              8.549444e+05 |   6.411135e+02 |   7.175352e+02 |   1.650408e+03 |   6.065568e+02 |
[36msolid0: [39m|   5.000000e+00 |   1.115926e+03 |              8.549444e+05 |   6.410041e+02 |   7.288512e+02 |   1.909306e+03 |   6.070431e+02 |
[36msolid0: [39m|   6.000000e+00 |   1.200545e+03 |              8.549444e+05 |   6.409744e+02 |   7.374952e+02 |   2.100466e+03 |   6.067786e+02 |
[36msolid0: [39m|   7.000000e+00 |   1.265470e+03 |              8.549444e+05 |   6.403851e+02 |   7.442989e+02 |   2.248675e+03 |   6.073112e+02 |
[36msolid0: [39m+----------------+----------------+---------------------------+----------------+----------------+----------------+----------------+
[36msolid0: [39m
[36msolid0: [39m
[36msolid0: [39mPostprocessor Values:
[36msolid0: [39m+----------------+----------------+---------------------------+----------------+----------------+----------------+----------------+
[36msolid0: [39m| time           | avg_fuel_T     | conduction_power_integral | max_T_wall_send| max_clad_T     | max_fuel_T     | min_T_wall_send|
[36msolid0: [39m+----------------+----------------+---------------------------+----------------+----------------+----------------+----------------+
[36msolid0: [39m|   0.000000e+00 |   0.000000e+00 |              0.000000e+00 |   0.000000e+00 |   0.000000e+00 |   0.000000e+00 |   0.000000e+00 |
[36msolid0: [39m|   1.000000e+00 |   3.883513e+02 |              8.549444e+05 |   5.599995e+02 |   5.580360e+02 |   5.631977e+02 |   5.599956e+02 |
[36msolid0: [39m|   2.000000e+00 |   6.636712e+02 |              8.549444e+05 |   6.409837e+02 |   6.746879e+02 |   9.544290e+02 |   5.986320e+02 |
[36msolid0: [39m|   3.000000e+00 |   8.596146e+02 |              8.549444e+05 |   6.399973e+02 |   7.036338e+02 |   1.336825e+03 |   6.056526e+02 |
[36msolid0: [39m|   4.000000e+00 |   1.005370e+03 |              8.549444e+05 |   6.411135e+02 |   7.175352e+02 |   1.650408e+03 |   6.065568e+02 |
[36msolid0: [39m|   5.000000e+00 |   1.115926e+03 |              8.549444e+05 |   6.410041e+02 |   7.288512e+02 |   1.909306e+03 |   6.070431e+02 |
[36msolid0: [39m|   6.000000e+00 |   1.200545e+03 |              8.549444e+05 |   6.409744e+02 |   7.374952e+02 |   2.100466e+03 |   6.067786e+02 |
[36msolid0: [39m|   7.000000e+00 |   1.265470e+03 |              8.549444e+05 |   6.403851e+02 |   7.442989e+02 |   2.248675e+03 |   6.073112e+02 |
[36msolid0: [39m+----------------+----------------+---------------------------+----------------+----------------+----------------+----------------+
[36msolid0: [39m
    Finished Executing MultiApps                                                         [[33m  8.14 s[39m] [[33m 1315 MB[39m]
  Finished Executing MultiApps                                                           [[33m  8.14 s[39m] [[33m 1315 MB[39m]

Postprocessor Values:
+----------------+----------------+----------------+----------------+----------------+----------------+----------------+
| time           | avg_coolant_T  | avg_coolant_rho| k              | k_std_dev      | max_coolant_T  | max_coolant_rho|
+----------------+----------------+----------------+----------------+----------------+----------------+----------------+
|   0.000000e+00 |   0.000000e+00 |   0.000000e+00 |   0.000000e+00 |   0.000000e+00 |   0.000000e+00 |   0.000000e+00 |
|   1.000000e+00 |   5.599964e+02 |   7.524099e+02 |   1.355427e+00 |   1.883971e-03 |   5.599976e+02 |   7.524436e+02 |
|   2.000000e+00 |   5.825279e+02 |   7.054159e+02 |   1.322142e+00 |   2.256852e-03 |   5.945761e+02 |   7.496028e+02 |
|   3.000000e+00 |   5.851160e+02 |   6.987270e+02 |   1.300051e+00 |   2.274927e-03 |   6.006535e+02 |   7.494878e+02 |
|   4.000000e+00 |   5.852629e+02 |   6.982710e+02 |   1.292876e+00 |   1.892578e-03 |   6.013537e+02 |   7.495374e+02 |
|   5.000000e+00 |   5.851992e+02 |   6.983959e+02 |   1.287122e+00 |   2.111398e-03 |   6.014135e+02 |   7.496100e+02 |
|   6.000000e+00 |   5.852670e+02 |   6.982515e+02 |   1.282333e+00 |   2.154120e-03 |   6.013515e+02 |   7.495743e+02 |
|   7.000000e+00 |   5.851444e+02 |   6.985239e+02 |   1.283675e+00 |   2.033348e-03 |   6.014103e+02 |   7.496564e+02 |
+----------------+----------------+----------------+----------------+----------------+----------------+----------------+
+----------------+----------------+----------------+-----------------------+
| time           | min_coolant_T  | min_coolant_rho| openmc_power_integral |
+----------------+----------------+----------------+-----------------------+
|   0.000000e+00 |   0.000000e+00 |   0.000000e+00 |          0.000000e+00 |
|   1.000000e+00 |   5.599956e+02 |   7.523759e+02 |          8.549444e+05 |
|   2.000000e+00 |   5.615372e+02 |   6.770036e+02 |          8.549444e+05 |
|   3.000000e+00 |   5.615988e+02 |   6.598771e+02 |          8.549444e+05 |
|   4.000000e+00 |   5.615719e+02 |   6.577837e+02 |          8.549444e+05 |
|   5.000000e+00 |   5.615327e+02 |   6.576039e+02 |          8.549444e+05 |
|   6.000000e+00 |   5.615520e+02 |   6.577906e+02 |          8.549444e+05 |
|   7.000000e+00 |   5.615077e+02 |   6.576134e+02 |          8.549444e+05 |
+----------------+----------------+----------------+-----------------------+


Time Step 8, time = 8, dt = 1
[36msub_channel0: [39m
[36msub_channel0: [39mTime Step 0, time = 0
[36msub_channel0: [39m
[36msub_channel0: [39mTime Step 1, time = 1, dt = 1
[36msub_channel0: [39mExecuting subchannel solver
[36msub_channel0: [39mSolution initialized
[36msub_channel0: [39mSolving Outer Iteration : 1
[36msub_channel0: [39mSolving Block: 0 From first level: 1 to last level: 60
[36msub_channel0: [39mBlock: 0 - Enthalpy conservation matrix assembled
[36msub_channel0: [39mStart updating thermophysical properties.
[36msub_channel0: [39mDone updating thermophysical properties.
[36msub_channel0: [39mT_block_error: 4.7477e-05
[36msub_channel0: [39mBlock: 0 - Enthalpy conservation matrix assembled
[36msub_channel0: [39mStart updating thermophysical properties.
[36msub_channel0: [39mDone updating thermophysical properties.
[36msub_channel0: [39mT_block_error: 6.99138e-07
[36msub_channel0: [39mP_error :3.52351e-06
[36msub_channel0: [39mIteration:  1
[36msub_channel0: [39mMaximum iterations: 5
[36msub_channel0: [39mFinished executing subchannel solver
[36msub_channel0: [39mCommencing calculation of Pin surface temperature 
[36msub_channel0: [39m ======================================= 
[36msub_channel0: [39m ======== Subchannel Print Outs ======== 
[36msub_channel0: [39m ======================================= 
[36msub_channel0: [39mTotal flow area :0.000984685 m^2
[36msub_channel0: [39mAssembly hydraulic diameter :0.00943815 m
[36msub_channel0: [39mAssembly Re number :382270 [-]
[36msub_channel0: [39mBulk coolant temperature at outlet :599.778 K
[36msub_channel0: [39mPower added to coolant is : 847909 Watt
[36msub_channel0: [39mMass flow rate in is : 3.7418 kg/sec
[36msub_channel0: [39mMass balance is : 9.79921e-05 kg/sec
[36msub_channel0: [39mUser defined outlet pressure is : 1.57e+07 Pa
[36msub_channel0: [39m ======================================= 
[36msub_channel0: [39m[32m Solve Converged![39m
[36msub_channel0: [39m
[36msub_channel0_viz0: [39m
[36msub_channel0_viz0: [39mPostprocessor Values:
[36msub_channel0_viz0: [39m+----------------+----------------+----------------+----------------+
[36msub_channel0_viz0: [39m| time           | avg_coolant_T  | max_T_fluid    | min_T_fluid    |
[36msub_channel0_viz0: [39m+----------------+----------------+----------------+----------------+
[36msub_channel0_viz0: [39m|   0.000000e+00 |   5.845399e+02 |   6.015541e+02 |   5.603736e+02 |
[36msub_channel0_viz0: [39m+----------------+----------------+----------------+----------------+
[36msub_channel0_viz0: [39m
[36msub_channel0_viz0: [39m[32m Solve Converged![39m
[36msub_channel0_viz0: [39m
[36msub_channel0_viz0: [39m
[36msub_channel0_viz0: [39mPostprocessor Values:
[36msub_channel0_viz0: [39m+----------------+----------------+----------------+----------------+
[36msub_channel0_viz0: [39m| time           | avg_coolant_T  | max_T_fluid    | min_T_fluid    |
[36msub_channel0_viz0: [39m+----------------+----------------+----------------+----------------+
[36msub_channel0_viz0: [39m|   0.000000e+00 |   5.845399e+02 |   6.015541e+02 |   5.603736e+02 |
[36msub_channel0_viz0: [39m|   1.000000e+00 |   5.845696e+02 |   6.015019e+02 |   5.603748e+02 |
[36msub_channel0_viz0: [39m+----------------+----------------+----------------+----------------+
[36msub_channel0_viz0: [39m
Sending temperature to OpenMC cells... 
Setting cell id 13, instance 0 (of 9) [1 contained cells] to temperature (K): 1365.51
Setting cell id 13, instance 1 (of 9) [1 contained cells] to temperature (K): 1367.53
Setting cell id 13, instance 2 (of 9) [1 contained cells] to temperature (K): 1368.07
Setting cell id 13, instance 3 (of 9) [1 contained cells] to temperature (K): 1366.65
Setting cell id 13, instance 4 (of 9) [1 contained cells] to temperature (K): 1373.07
Setting cell id 13, instance 5 (of 9) [1 contained cells] to temperature (K): 1369.32
Setting cell id 13, instance 6 (of 9) [1 contained cells] to temperature (K): 1368.1
Setting cell id 13, instance 7 (of 9) [1 contained cells] to temperature (K): 1369.11
Setting cell id 13, instance 8 (of 9) [1 contained cells] to temperature (K): 1367.81
Setting cell id 14, instance 0 (of 9) [1 contained cells] to temperature (K): 709.369
Setting cell id 14, instance 1 (of 9) [1 contained cells] to temperature (K): 710.978
Setting cell id 14, instance 2 (of 9) [1 contained cells] to temperature (K): 710.069
Setting cell id 14, instance 3 (of 9) [1 contained cells] to temperature (K): 710.215
Setting cell id 14, instance 4 (of 9) [1 contained cells] to temperature (K): 712.651
Setting cell id 14, instance 5 (of 9) [1 contained cells] to temperature (K): 710.713
Setting cell id 14, instance 6 (of 9) [1 contained cells] to temperature (K): 709.854
Setting cell id 14, instance 7 (of 9) [1 contained cells] to temperature (K): 711.279
Setting cell id 14, instance 8 (of 9) [1 contained cells] to temperature (K): 710.511
Setting cell id 16, instance 0 (of 9) [1 contained cells] to temperature (K): 584.358
Setting cell id 16, instance 1 (of 9) [1 contained cells] to temperature (K): 585.499
Setting cell id 16, instance 2 (of 9) [1 contained cells] to temperature (K): 584.402
Setting cell id 16, instance 3 (of 9) [1 contained cells] to temperature (K): 585.482
Setting cell id 16, instance 4 (of 9) [1 contained cells] to temperature (K): 586.769
Setting cell id 16, instance 5 (of 9) [1 contained cells] to temperature (K): 585.547
Setting cell id 16, instance 6 (of 9) [1 contained cells] to temperature (K): 584.415
Setting cell id 16, instance 7 (of 9) [1 contained cells] to temperature (K): 585.584
Setting cell id 16, instance 8 (of 9) [1 contained cells] to temperature (K): 584.516
Sending density to OpenMC cells... 
Setting cell id 16, instance 0 (of 9) to density (kg/m3): 700.486
Setting cell id 16, instance 1 (of 9) to density (kg/m3): 697.669
Setting cell id 16, instance 2 (of 9) to density (kg/m3): 700.378
Setting cell id 16, instance 3 (of 9) to density (kg/m3): 697.709
Setting cell id 16, instance 4 (of 9) to density (kg/m3): 694.485
Setting cell id 16, instance 5 (of 9) to density (kg/m3): 697.551
Setting cell id 16, instance 6 (of 9) to density (kg/m3): 700.346
Setting cell id 16, instance 7 (of 9) to density (kg/m3): 697.462
Setting cell id 16, instance 8 (of 9) to density (kg/m3): 700.105
 Running OpenMC with 2000 particles per batch...
 Maximum neutron transport energy: 20000000 eV for O17
 Initializing source particles...

 ====================>     K EIGENVALUE SIMULATION     <====================

  Bat./Gen.      k            Average k
  =========   ========   ====================
        1/1    1.23889
        2/1    1.32358
        3/1    1.27842
        4/1    1.29597
        5/1    1.29310
        6/1    1.27560
        7/1    1.26723
        8/1    1.29428
        9/1    1.24177
       10/1    1.31062
       11/1    1.27613
       12/1    1.33050
       13/1    1.29020
       14/1    1.21172
       15/1    1.29354
       16/1    1.30022
       17/1    1.33856
       18/1    1.30498
       19/1    1.30298
       20/1    1.31642
       21/1    1.25109
       22/1    1.21660
       23/1    1.25381
       24/1    1.31026
       25/1    1.25249
       26/1    1.27567
       27/1    1.28811
       28/1    1.30153
       29/1    1.22932
       30/1    1.27474
       31/1    1.28325
       32/1    1.30307
       33/1    1.18173
       34/1    1.28884
       35/1    1.29727
       36/1    1.26789
       37/1    1.24910
       38/1    1.24619
       39/1    1.26292
       40/1    1.31006
       41/1    1.22962
       42/1    1.23088
       43/1    1.20472
       44/1    1.23120
       45/1    1.26590
       46/1    1.22887
       47/1    1.35468
       48/1    1.27653
       49/1    1.22055
       50/1    1.26139
       51/1    1.35504
       52/1    1.30404    1.32954 +/- 0.02550
       53/1    1.28354    1.31421 +/- 0.02126
       54/1    1.28887    1.30788 +/- 0.01631
       55/1    1.27935    1.30217 +/- 0.01386
       56/1    1.31279    1.30394 +/- 0.01146
       57/1    1.21055    1.29060 +/- 0.01648
       58/1    1.24860    1.28535 +/- 0.01521
       59/1    1.20994    1.27697 +/- 0.01582
       60/1    1.32303    1.28158 +/- 0.01488
       61/1    1.30902    1.28407 +/- 0.01369
       62/1    1.25381    1.28155 +/- 0.01275
       63/1    1.25917    1.27983 +/- 0.01185
       64/1    1.33951    1.28409 +/- 0.01177
       65/1    1.24555    1.28152 +/- 0.01125
       66/1    1.28119    1.28150 +/- 0.01053
       67/1    1.26174    1.28034 +/- 0.00996
       68/1    1.30456    1.28169 +/- 0.00948
       69/1    1.22574    1.27874 +/- 0.00944
       70/1    1.24072    1.27684 +/- 0.00916
       71/1    1.25360    1.27573 +/- 0.00878
       72/1    1.33117    1.27825 +/- 0.00874
       73/1    1.24981    1.27702 +/- 0.00844
       74/1    1.31691    1.27868 +/- 0.00825
       75/1    1.26121    1.27798 +/- 0.00795
       76/1    1.30580    1.27905 +/- 0.00771
       77/1    1.24140    1.27765 +/- 0.00755
       78/1    1.28244    1.27783 +/- 0.00728
       79/1    1.29745    1.27850 +/- 0.00705
       80/1    1.26647    1.27810 +/- 0.00683
       81/1    1.25421    1.27733 +/- 0.00665
       82/1    1.25660    1.27668 +/- 0.00647
       83/1    1.26406    1.27630 +/- 0.00628
       84/1    1.26293    1.27591 +/- 0.00611
       85/1    1.28768    1.27624 +/- 0.00594
       86/1    1.28016    1.27635 +/- 0.00577
       87/1    1.27408    1.27629 +/- 0.00562
       88/1    1.26083    1.27588 +/- 0.00548
       89/1    1.32043    1.27703 +/- 0.00546
       90/1    1.26327    1.27668 +/- 0.00533
       91/1    1.30287    1.27732 +/- 0.00524
       92/1    1.24356    1.27652 +/- 0.00518
       93/1    1.25725    1.27607 +/- 0.00507
       94/1    1.25963    1.27570 +/- 0.00497
       95/1    1.30291    1.27630 +/- 0.00490
       96/1    1.30963    1.27703 +/- 0.00484
       97/1    1.24803    1.27641 +/- 0.00478
       98/1    1.34318    1.27780 +/- 0.00488
       99/1    1.25810    1.27740 +/- 0.00480
      100/1    1.25837    1.27702 +/- 0.00472
      101/1    1.34802    1.27841 +/- 0.00483
      102/1    1.23749    1.27762 +/- 0.00480
      103/1    1.27266    1.27753 +/- 0.00471
      104/1    1.28823    1.27773 +/- 0.00462
      105/1    1.30535    1.27823 +/- 0.00457
      106/1    1.22072    1.27720 +/- 0.00460
      107/1    1.26123    1.27692 +/- 0.00453
      108/1    1.27685    1.27692 +/- 0.00445
      109/1    1.24966    1.27646 +/- 0.00440
      110/1    1.29700    1.27680 +/- 0.00434
      111/1    1.34904    1.27799 +/- 0.00443
      112/1    1.29806    1.27831 +/- 0.00437
      113/1    1.21405    1.27729 +/- 0.00442
      114/1    1.30895    1.27778 +/- 0.00438
      115/1    1.33343    1.27864 +/- 0.00439
      116/1    1.26298    1.27840 +/- 0.00433
      117/1    1.26599    1.27822 +/- 0.00427
      118/1    1.23190    1.27754 +/- 0.00426
      119/1    1.29352    1.27777 +/- 0.00421
      120/1    1.28746    1.27791 +/- 0.00415
      121/1    1.23496    1.27730 +/- 0.00413
      122/1    1.26673    1.27715 +/- 0.00408
      123/1    1.28566    1.27727 +/- 0.00402
      124/1    1.24703    1.27686 +/- 0.00399
      125/1    1.27383    1.27682 +/- 0.00394
      126/1    1.25712    1.27656 +/- 0.00389
      127/1    1.32079    1.27714 +/- 0.00388
      128/1    1.25911    1.27691 +/- 0.00384
      129/1    1.31761    1.27742 +/- 0.00383
      130/1    1.29585    1.27765 +/- 0.00379
      131/1    1.34621    1.27850 +/- 0.00383
      132/1    1.24233    1.27806 +/- 0.00381
      133/1    1.21345    1.27728 +/- 0.00385
      134/1    1.29120    1.27744 +/- 0.00380
      135/1    1.31467    1.27788 +/- 0.00378
      136/1    1.34443    1.27866 +/- 0.00382
      137/1    1.30750    1.27899 +/- 0.00379
      138/1    1.32996    1.27957 +/- 0.00379
      139/1    1.25564    1.27930 +/- 0.00376
      140/1    1.27744    1.27928 +/- 0.00372
      141/1    1.33271    1.27986 +/- 0.00372
      142/1    1.26346    1.27969 +/- 0.00368
      143/1    1.30839    1.27999 +/- 0.00366
      144/1    1.26655    1.27985 +/- 0.00362
      145/1    1.37446    1.28085 +/- 0.00372
      146/1    1.21801    1.28019 +/- 0.00374
      147/1    1.35479    1.28096 +/- 0.00378
      148/1    1.24773    1.28062 +/- 0.00375
      149/1    1.26134    1.28043 +/- 0.00372
      150/1    1.30783    1.28070 +/- 0.00369
 Creating state point statepoint.150.h5...

 =======================>     TIMING STATISTICS     <=======================

 Total time for initialization     = 0.0000e+00 seconds
   Reading cross sections          = 0.0000e+00 seconds
 Total time in simulation          = 5.5539e+00 seconds
   Time in transport only          = 5.4867e+00 seconds
   Time in inactive batches        = 9.0492e-01 seconds
   Time in active batches          = 4.6489e+00 seconds
   Time synchronizing fission bank = 1.8908e-02 seconds
     Sampling source sites         = 1.5332e-02 seconds
     SEND/RECV source sites        = 3.3105e-03 seconds
   Time accumulating tallies       = 2.9997e-02 seconds
   Time writing statepoints        = 5.4304e-03 seconds
 Total time for finalization       = 3.1278e-02 seconds
 Total time elapsed                = 5.5986e+00 seconds
 Calculation Rate (inactive)       = 110506 particles/second
 Calculation Rate (active)         = 43020.5 particles/second

 ============================>     RESULTS     <============================

 k-effective (Collision)     = 1.28144 +/- 0.00294
 k-effective (Track-length)  = 1.28070 +/- 0.00369
 k-effective (Absorption)    = 1.28101 +/- 0.00241
 Combined k-effective        = 1.28103 +/- 0.00231
 Leakage Fraction            = 0.00017 +/- 0.00003

    Finished Solving OpenMC                                                              [[33m  5.60 s[39m] [[33m 1274 MB[39m]
Extracting OpenMC tallies...
[32m Solve Converged![39m

  Finished Solving                                                                       [[33m  5.65 s[39m] [[33m 1274 MB[39m]
[36msolid0: [39m
[36msolid0: [39mTime Step 8, time = 8, dt = 1
[36msolid0: [39m 0 Nonlinear |R| = [32m8.544689e+02[39m
[36msolid0: [39m      0 Linear |R| = [32m8.544689e+02[39m
[36msolid0: [39m      1 Linear |R| = [32m2.358754e+02[39m
[36msolid0: [39m      2 Linear |R| = [32m1.150345e+02[39m
[36msolid0: [39m      3 Linear |R| = [32m2.898253e+01[39m
[36msolid0: [39m      4 Linear |R| = [32m4.551120e+00[39m
[36msolid0: [39m      5 Linear |R| = [32m9.291629e-01[39m
[36msolid0: [39m      6 Linear |R| = [32m2.076035e-01[39m
[36msolid0: [39m      7 Linear |R| = [32m2.956348e-02[39m
[36msolid0: [39m      8 Linear |R| = [32m3.105463e-03[39m
[36msolid0: [39m 1 Nonlinear |R| = [32m1.976050e-02[39m
[36msolid0: [39m      0 Linear |R| = [32m1.976050e-02[39m
[36msolid0: [39m      1 Linear |R| = [32m8.634547e-04[39m
[36msolid0: [39m      2 Linear |R| = [32m1.850724e-04[39m
[36msolid0: [39m      3 Linear |R| = [32m9.750860e-05[39m
[36msolid0: [39m      4 Linear |R| = [32m3.302881e-05[39m
[36msolid0: [39m      5 Linear |R| = [32m7.406761e-06[39m
[36msolid0: [39m      6 Linear |R| = [32m1.424462e-06[39m
[36msolid0: [39m      7 Linear |R| = [32m2.238415e-07[39m
[36msolid0: [39m      8 Linear |R| = [32m4.726701e-08[39m
[36msolid0: [39m 2 Nonlinear |R| = [32m7.440836e-08[39m
[36msolid0: [39m[32m Solve Converged![39m
[36msolid0: [39m
[36msolid0: [39mFinished Solving                                                                 [[33m  7.59 s[39m] [[33m 1274 MB[39m]
[36msolid0: [39m
[36msolid0: [39mPostprocessor Values:
[36msolid0: [39m+----------------+----------------+---------------------------+----------------+----------------+----------------+----------------+
[36msolid0: [39m| time           | avg_fuel_T     | conduction_power_integral | max_T_wall_send| max_clad_T     | max_fuel_T     | min_T_wall_send|
[36msolid0: [39m+----------------+----------------+---------------------------+----------------+----------------+----------------+----------------+
[36msolid0: [39m|   0.000000e+00 |   0.000000e+00 |              0.000000e+00 |   0.000000e+00 |   0.000000e+00 |   0.000000e+00 |   0.000000e+00 |
[36msolid0: [39m|   1.000000e+00 |   3.883513e+02 |              8.549444e+05 |   5.599995e+02 |   5.580360e+02 |   5.631977e+02 |   5.599956e+02 |
[36msolid0: [39m|   2.000000e+00 |   6.636712e+02 |              8.549444e+05 |   6.409837e+02 |   6.746879e+02 |   9.544290e+02 |   5.986320e+02 |
[36msolid0: [39m|   3.000000e+00 |   8.596146e+02 |              8.549444e+05 |   6.399973e+02 |   7.036338e+02 |   1.336825e+03 |   6.056526e+02 |
[36msolid0: [39m|   4.000000e+00 |   1.005370e+03 |              8.549444e+05 |   6.411135e+02 |   7.175352e+02 |   1.650408e+03 |   6.065568e+02 |
[36msolid0: [39m|   5.000000e+00 |   1.115926e+03 |              8.549444e+05 |   6.410041e+02 |   7.288512e+02 |   1.909306e+03 |   6.070431e+02 |
[36msolid0: [39m|   6.000000e+00 |   1.200545e+03 |              8.549444e+05 |   6.409744e+02 |   7.374952e+02 |   2.100466e+03 |   6.067786e+02 |
[36msolid0: [39m|   7.000000e+00 |   1.265470e+03 |              8.549444e+05 |   6.403851e+02 |   7.442989e+02 |   2.248675e+03 |   6.073112e+02 |
[36msolid0: [39m|   8.000000e+00 |   1.315462e+03 |              8.549444e+05 |   6.402043e+02 |   7.506500e+02 |   2.365450e+03 |   6.070970e+02 |
[36msolid0: [39m+----------------+----------------+---------------------------+----------------+----------------+----------------+----------------+
[36msolid0: [39m
[36msolid0: [39m
[36msolid0: [39mPostprocessor Values:
[36msolid0: [39m+----------------+----------------+---------------------------+----------------+----------------+----------------+----------------+
[36msolid0: [39m| time           | avg_fuel_T     | conduction_power_integral | max_T_wall_send| max_clad_T     | max_fuel_T     | min_T_wall_send|
[36msolid0: [39m+----------------+----------------+---------------------------+----------------+----------------+----------------+----------------+
[36msolid0: [39m|   0.000000e+00 |   0.000000e+00 |              0.000000e+00 |   0.000000e+00 |   0.000000e+00 |   0.000000e+00 |   0.000000e+00 |
[36msolid0: [39m|   1.000000e+00 |   3.883513e+02 |              8.549444e+05 |   5.599995e+02 |   5.580360e+02 |   5.631977e+02 |   5.599956e+02 |
[36msolid0: [39m|   2.000000e+00 |   6.636712e+02 |              8.549444e+05 |   6.409837e+02 |   6.746879e+02 |   9.544290e+02 |   5.986320e+02 |
[36msolid0: [39m|   3.000000e+00 |   8.596146e+02 |              8.549444e+05 |   6.399973e+02 |   7.036338e+02 |   1.336825e+03 |   6.056526e+02 |
[36msolid0: [39m|   4.000000e+00 |   1.005370e+03 |              8.549444e+05 |   6.411135e+02 |   7.175352e+02 |   1.650408e+03 |   6.065568e+02 |
[36msolid0: [39m|   5.000000e+00 |   1.115926e+03 |              8.549444e+05 |   6.410041e+02 |   7.288512e+02 |   1.909306e+03 |   6.070431e+02 |
[36msolid0: [39m|   6.000000e+00 |   1.200545e+03 |              8.549444e+05 |   6.409744e+02 |   7.374952e+02 |   2.100466e+03 |   6.067786e+02 |
[36msolid0: [39m|   7.000000e+00 |   1.265470e+03 |              8.549444e+05 |   6.403851e+02 |   7.442989e+02 |   2.248675e+03 |   6.073112e+02 |
[36msolid0: [39m|   8.000000e+00 |   1.315462e+03 |              8.549444e+05 |   6.402043e+02 |   7.506500e+02 |   2.365450e+03 |   6.070970e+02 |
[36msolid0: [39m+----------------+----------------+---------------------------+----------------+----------------+----------------+----------------+
[36msolid0: [39m
    Finished Executing MultiApps                                                         [[33m  8.13 s[39m] [[33m 1274 MB[39m]
  Finished Executing MultiApps                                                           [[33m  8.13 s[39m] [[33m 1274 MB[39m]

Postprocessor Values:
+----------------+----------------+----------------+----------------+----------------+----------------+----------------+
| time           | avg_coolant_T  | avg_coolant_rho| k              | k_std_dev      | max_coolant_T  | max_coolant_rho|
+----------------+----------------+----------------+----------------+----------------+----------------+----------------+
|   0.000000e+00 |   0.000000e+00 |   0.000000e+00 |   0.000000e+00 |   0.000000e+00 |   0.000000e+00 |   0.000000e+00 |
|   1.000000e+00 |   5.599964e+02 |   7.524099e+02 |   1.355427e+00 |   1.883971e-03 |   5.599976e+02 |   7.524436e+02 |
|   2.000000e+00 |   5.825279e+02 |   7.054159e+02 |   1.322142e+00 |   2.256852e-03 |   5.945761e+02 |   7.496028e+02 |
|   3.000000e+00 |   5.851160e+02 |   6.987270e+02 |   1.300051e+00 |   2.274927e-03 |   6.006535e+02 |   7.494878e+02 |
|   4.000000e+00 |   5.852629e+02 |   6.982710e+02 |   1.292876e+00 |   1.892578e-03 |   6.013537e+02 |   7.495374e+02 |
|   5.000000e+00 |   5.851992e+02 |   6.983959e+02 |   1.287122e+00 |   2.111398e-03 |   6.014135e+02 |   7.496100e+02 |
|   6.000000e+00 |   5.852670e+02 |   6.982515e+02 |   1.282333e+00 |   2.154120e-03 |   6.013515e+02 |   7.495743e+02 |
|   7.000000e+00 |   5.851444e+02 |   6.985239e+02 |   1.283675e+00 |   2.033348e-03 |   6.014103e+02 |   7.496564e+02 |
|   8.000000e+00 |   5.851747e+02 |   6.984657e+02 |   1.281027e+00 |   2.306970e-03 |   6.013597e+02 |   7.496474e+02 |
+----------------+----------------+----------------+----------------+----------------+----------------+----------------+
+----------------+----------------+----------------+-----------------------+
| time           | min_coolant_T  | min_coolant_rho| openmc_power_integral |
+----------------+----------------+----------------+-----------------------+
|   0.000000e+00 |   0.000000e+00 |   0.000000e+00 |          0.000000e+00 |
|   1.000000e+00 |   5.599956e+02 |   7.523759e+02 |          8.549444e+05 |
|   2.000000e+00 |   5.615372e+02 |   6.770036e+02 |          8.549444e+05 |
|   3.000000e+00 |   5.615988e+02 |   6.598771e+02 |          8.549444e+05 |
|   4.000000e+00 |   5.615719e+02 |   6.577837e+02 |          8.549444e+05 |
|   5.000000e+00 |   5.615327e+02 |   6.576039e+02 |          8.549444e+05 |
|   6.000000e+00 |   5.615520e+02 |   6.577906e+02 |          8.549444e+05 |
|   7.000000e+00 |   5.615077e+02 |   6.576134e+02 |          8.549444e+05 |
|   8.000000e+00 |   5.615125e+02 |   6.577658e+02 |          8.549444e+05 |
+----------------+----------------+----------------+-----------------------+


Time Step 9, time = 9, dt = 1
[36msub_channel0: [39m
[36msub_channel0: [39mTime Step 0, time = 0
[36msub_channel0: [39m
[36msub_channel0: [39mTime Step 1, time = 1, dt = 1
[36msub_channel0: [39mExecuting subchannel solver
[36msub_channel0: [39mSolution initialized
[36msub_channel0: [39mSolving Outer Iteration : 1
[36msub_channel0: [39mSolving Block: 0 From first level: 1 to last level: 60
[36msub_channel0: [39mBlock: 0 - Enthalpy conservation matrix assembled
[36msub_channel0: [39mStart updating thermophysical properties.
[36msub_channel0: [39mDone updating thermophysical properties.
[36msub_channel0: [39mT_block_error: 5.30406e-05
[36msub_channel0: [39mBlock: 0 - Enthalpy conservation matrix assembled
[36msub_channel0: [39mStart updating thermophysical properties.
[36msub_channel0: [39mDone updating thermophysical properties.
[36msub_channel0: [39mT_block_error: 5.70801e-07
[36msub_channel0: [39mP_error :6.16163e-07
[36msub_channel0: [39mIteration:  1
[36msub_channel0: [39mMaximum iterations: 5
[36msub_channel0: [39mFinished executing subchannel solver
[36msub_channel0: [39mCommencing calculation of Pin surface temperature 
[36msub_channel0: [39m ======================================= 
[36msub_channel0: [39m ======== Subchannel Print Outs ======== 
[36msub_channel0: [39m ======================================= 
[36msub_channel0: [39mTotal flow area :0.000984685 m^2
[36msub_channel0: [39mAssembly hydraulic diameter :0.00943815 m
[36msub_channel0: [39mAssembly Re number :382270 [-]
[36msub_channel0: [39mBulk coolant temperature at outlet :599.804 K
[36msub_channel0: [39mPower added to coolant is : 848162 Watt
[36msub_channel0: [39mMass flow rate in is : 3.7418 kg/sec
[36msub_channel0: [39mMass balance is : -0.000148224 kg/sec
[36msub_channel0: [39mUser defined outlet pressure is : 1.57e+07 Pa
[36msub_channel0: [39m ======================================= 
[36msub_channel0: [39m[32m Solve Converged![39m
[36msub_channel0: [39m
[36msub_channel0_viz0: [39m
[36msub_channel0_viz0: [39mPostprocessor Values:
[36msub_channel0_viz0: [39m+----------------+----------------+----------------+----------------+
[36msub_channel0_viz0: [39m| time           | avg_coolant_T  | max_T_fluid    | min_T_fluid    |
[36msub_channel0_viz0: [39m+----------------+----------------+----------------+----------------+
[36msub_channel0_viz0: [39m|   0.000000e+00 |   5.845696e+02 |   6.015019e+02 |   5.603748e+02 |
[36msub_channel0_viz0: [39m+----------------+----------------+----------------+----------------+
[36msub_channel0_viz0: [39m
[36msub_channel0_viz0: [39m[32m Solve Converged![39m
[36msub_channel0_viz0: [39m
[36msub_channel0_viz0: [39m
[36msub_channel0_viz0: [39mPostprocessor Values:
[36msub_channel0_viz0: [39m+----------------+----------------+----------------+----------------+
[36msub_channel0_viz0: [39m| time           | avg_coolant_T  | max_T_fluid    | min_T_fluid    |
[36msub_channel0_viz0: [39m+----------------+----------------+----------------+----------------+
[36msub_channel0_viz0: [39m|   0.000000e+00 |   5.845696e+02 |   6.015019e+02 |   5.603748e+02 |
[36msub_channel0_viz0: [39m|   1.000000e+00 |   5.845368e+02 |   6.015244e+02 |   5.603736e+02 |
[36msub_channel0_viz0: [39m+----------------+----------------+----------------+----------------+
[36msub_channel0_viz0: [39m
Sending temperature to OpenMC cells... 
Setting cell id 13, instance 0 (of 9) [1 contained cells] to temperature (K): 1422.48
Setting cell id 13, instance 1 (of 9) [1 contained cells] to temperature (K): 1424.33
Setting cell id 13, instance 2 (of 9) [1 contained cells] to temperature (K): 1424.97
Setting cell id 13, instance 3 (of 9) [1 contained cells] to temperature (K): 1423.88
Setting cell id 13, instance 4 (of 9) [1 contained cells] to temperature (K): 1430.07
Setting cell id 13, instance 5 (of 9) [1 contained cells] to temperature (K): 1425.89
Setting cell id 13, instance 6 (of 9) [1 contained cells] to temperature (K): 1426
Setting cell id 13, instance 7 (of 9) [1 contained cells] to temperature (K): 1426.4
Setting cell id 13, instance 8 (of 9) [1 contained cells] to temperature (K): 1425.36
Setting cell id 14, instance 0 (of 9) [1 contained cells] to temperature (K): 714.393
Setting cell id 14, instance 1 (of 9) [1 contained cells] to temperature (K): 715.938
Setting cell id 14, instance 2 (of 9) [1 contained cells] to temperature (K): 714.883
Setting cell id 14, instance 3 (of 9) [1 contained cells] to temperature (K): 715.382
Setting cell id 14, instance 4 (of 9) [1 contained cells] to temperature (K): 717.711
Setting cell id 14, instance 5 (of 9) [1 contained cells] to temperature (K): 715.509
Setting cell id 14, instance 6 (of 9) [1 contained cells] to temperature (K): 715.056
Setting cell id 14, instance 7 (of 9) [1 contained cells] to temperature (K): 716.432
Setting cell id 14, instance 8 (of 9) [1 contained cells] to temperature (K): 715.843
Setting cell id 16, instance 0 (of 9) [1 contained cells] to temperature (K): 584.327
Setting cell id 16, instance 1 (of 9) [1 contained cells] to temperature (K): 585.453
Setting cell id 16, instance 2 (of 9) [1 contained cells] to temperature (K): 584.347
Setting cell id 16, instance 3 (of 9) [1 contained cells] to temperature (K): 585.464
Setting cell id 16, instance 4 (of 9) [1 contained cells] to temperature (K): 586.732
Setting cell id 16, instance 5 (of 9) [1 contained cells] to temperature (K): 585.497
Setting cell id 16, instance 6 (of 9) [1 contained cells] to temperature (K): 584.409
Setting cell id 16, instance 7 (of 9) [1 contained cells] to temperature (K): 585.558
Setting cell id 16, instance 8 (of 9) [1 contained cells] to temperature (K): 584.483
Sending density to OpenMC cells... 
Setting cell id 16, instance 0 (of 9) to density (kg/m3): 700.554
Setting cell id 16, instance 1 (of 9) to density (kg/m3): 697.774
Setting cell id 16, instance 2 (of 9) to density (kg/m3): 700.506
Setting cell id 16, instance 3 (of 9) to density (kg/m3): 697.743
Setting cell id 16, instance 4 (of 9) to density (kg/m3): 694.569
Setting cell id 16, instance 5 (of 9) to density (kg/m3): 697.663
Setting cell id 16, instance 6 (of 9) to density (kg/m3): 700.351
Setting cell id 16, instance 7 (of 9) to density (kg/m3): 697.516
Setting cell id 16, instance 8 (of 9) to density (kg/m3): 700.176
 Running OpenMC with 2000 particles per batch...
 Maximum neutron transport energy: 20000000 eV for O17
 Initializing source particles...

 ====================>     K EIGENVALUE SIMULATION     <====================

  Bat./Gen.      k            Average k
  =========   ========   ====================
        1/1    1.23260
        2/1    1.29219
        3/1    1.31716
        4/1    1.26739
        5/1    1.29322
        6/1    1.28967
        7/1    1.22169
        8/1    1.26014
        9/1    1.25273
       10/1    1.26623
       11/1    1.29476
       12/1    1.31210
       13/1    1.20048
       14/1    1.34647
       15/1    1.29802
       16/1    1.30083
       17/1    1.36190
       18/1    1.23432
       19/1    1.26511
       20/1    1.27167
       21/1    1.33171
       22/1    1.24325
       23/1    1.31348
       24/1    1.25359
       25/1    1.29670
       26/1    1.33449
       27/1    1.25379
       28/1    1.29094
       29/1    1.32211
       30/1    1.28460
       31/1    1.26317
       32/1    1.27782
       33/1    1.34368
       34/1    1.28972
       35/1    1.27599
       36/1    1.35283
       37/1    1.35255
       38/1    1.32543
       39/1    1.29186
       40/1    1.30408
       41/1    1.34571
       42/1    1.31712
       43/1    1.26107
       44/1    1.34139
       45/1    1.23652
       46/1    1.24757
       47/1    1.20728
       48/1    1.28266
       49/1    1.26286
       50/1    1.19366
       51/1    1.31456
       52/1    1.30249    1.30853 +/- 0.00603
       53/1    1.29754    1.30487 +/- 0.00505
       54/1    1.28453    1.29978 +/- 0.00621
       55/1    1.30694    1.30121 +/- 0.00502
       56/1    1.32674    1.30547 +/- 0.00591
       57/1    1.26626    1.29987 +/- 0.00750
       58/1    1.26810    1.29590 +/- 0.00762
       59/1    1.24647    1.29040 +/- 0.00868
       60/1    1.30533    1.29190 +/- 0.00790
       61/1    1.31676    1.29416 +/- 0.00750
       62/1    1.28877    1.29371 +/- 0.00686
       63/1    1.26017    1.29113 +/- 0.00682
       64/1    1.25119    1.28828 +/- 0.00692
       65/1    1.27747    1.28756 +/- 0.00649
       66/1    1.28928    1.28766 +/- 0.00607
       67/1    1.31249    1.28912 +/- 0.00588
       68/1    1.30550    1.29003 +/- 0.00562
       69/1    1.23666    1.28722 +/- 0.00601
       70/1    1.27198    1.28646 +/- 0.00576
       71/1    1.30371    1.28728 +/- 0.00554
       72/1    1.24150    1.28520 +/- 0.00567
       73/1    1.30203    1.28593 +/- 0.00547
       74/1    1.28372    1.28584 +/- 0.00524
       75/1    1.25621    1.28466 +/- 0.00516
       76/1    1.27194    1.28417 +/- 0.00498
       77/1    1.26921    1.28361 +/- 0.00483
       78/1    1.28732    1.28375 +/- 0.00465
       79/1    1.30649    1.28453 +/- 0.00456
       80/1    1.26014    1.28372 +/- 0.00448
       81/1    1.35283    1.28595 +/- 0.00487
       82/1    1.29316    1.28617 +/- 0.00472
       83/1    1.26078    1.28540 +/- 0.00464
       84/1    1.25592    1.28454 +/- 0.00459
       85/1    1.27765    1.28434 +/- 0.00446
       86/1    1.29180    1.28455 +/- 0.00434
       87/1    1.34374    1.28615 +/- 0.00451
       88/1    1.32064    1.28705 +/- 0.00448
       89/1    1.26923    1.28660 +/- 0.00439
       90/1    1.28589    1.28658 +/- 0.00428
       91/1    1.29687    1.28683 +/- 0.00418
       92/1    1.28794    1.28686 +/- 0.00408
       93/1    1.22139    1.28533 +/- 0.00427
       94/1    1.30877    1.28587 +/- 0.00420
       95/1    1.35991    1.28751 +/- 0.00442
       96/1    1.27639    1.28727 +/- 0.00433
       97/1    1.31829    1.28793 +/- 0.00429
       98/1    1.26723    1.28750 +/- 0.00422
       99/1    1.29626    1.28768 +/- 0.00414
      100/1    1.24822    1.28689 +/- 0.00413
      101/1    1.29900    1.28713 +/- 0.00406
      102/1    1.31198    1.28760 +/- 0.00401
      103/1    1.29281    1.28770 +/- 0.00393
      104/1    1.31742    1.28825 +/- 0.00390
      105/1    1.32010    1.28883 +/- 0.00387
      106/1    1.24247    1.28800 +/- 0.00389
      107/1    1.25771    1.28747 +/- 0.00386
      108/1    1.26071    1.28701 +/- 0.00382
      109/1    1.29522    1.28715 +/- 0.00376
      110/1    1.26486    1.28678 +/- 0.00371
      111/1    1.25118    1.28620 +/- 0.00370
      112/1    1.35235    1.28726 +/- 0.00379
      113/1    1.30683    1.28757 +/- 0.00374
      114/1    1.30914    1.28791 +/- 0.00370
      115/1    1.21251    1.28675 +/- 0.00382
      116/1    1.25477    1.28627 +/- 0.00379
      117/1    1.30149    1.28649 +/- 0.00374
      118/1    1.30882    1.28682 +/- 0.00370
      119/1    1.31522    1.28723 +/- 0.00367
      120/1    1.26152    1.28687 +/- 0.00364
      121/1    1.26893    1.28661 +/- 0.00359
      122/1    1.20528    1.28548 +/- 0.00372
      123/1    1.30787    1.28579 +/- 0.00368
      124/1    1.25015    1.28531 +/- 0.00366
      125/1    1.33049    1.28591 +/- 0.00366
      126/1    1.25232    1.28547 +/- 0.00364
      127/1    1.25183    1.28503 +/- 0.00362
      128/1    1.29438    1.28515 +/- 0.00358
      129/1    1.30022    1.28534 +/- 0.00354
      130/1    1.31770    1.28575 +/- 0.00352
      131/1    1.30598    1.28600 +/- 0.00348
      132/1    1.23104    1.28533 +/- 0.00350
      133/1    1.27797    1.28524 +/- 0.00346
      134/1    1.28312    1.28521 +/- 0.00342
      135/1    1.29789    1.28536 +/- 0.00338
      136/1    1.22532    1.28466 +/- 0.00342
      137/1    1.32566    1.28513 +/- 0.00341
      138/1    1.30534    1.28536 +/- 0.00338
      139/1    1.29049    1.28542 +/- 0.00334
      140/1    1.24244    1.28494 +/- 0.00334
      141/1    1.24079    1.28446 +/- 0.00334
      142/1    1.24603    1.28404 +/- 0.00333
      143/1    1.27883    1.28399 +/- 0.00329
      144/1    1.29691    1.28412 +/- 0.00326
      145/1    1.30580    1.28435 +/- 0.00323
      146/1    1.25884    1.28409 +/- 0.00321
      147/1    1.35367    1.28480 +/- 0.00325
      148/1    1.36984    1.28567 +/- 0.00334
      149/1    1.28580    1.28567 +/- 0.00330
      150/1    1.30472    1.28586 +/- 0.00327
 Creating state point statepoint.150.h5...

 =======================>     TIMING STATISTICS     <=======================

 Total time for initialization     = 0.0000e+00 seconds
   Reading cross sections          = 0.0000e+00 seconds
 Total time in simulation          = 5.4946e+00 seconds
   Time in transport only          = 5.4360e+00 seconds
   Time in inactive batches        = 8.5553e-01 seconds
   Time in active batches          = 4.6391e+00 seconds
   Time synchronizing fission bank = 1.5999e-02 seconds
     Sampling source sites         = 1.3672e-02 seconds
     SEND/RECV source sites        = 2.0838e-03 seconds
   Time accumulating tallies       = 2.6833e-02 seconds
   Time writing statepoints        = 4.3738e-03 seconds
 Total time for finalization       = 1.5465e-02 seconds
 Total time elapsed                = 5.5221e+00 seconds
 Calculation Rate (inactive)       = 116886 particles/second
 Calculation Rate (active)         = 43111.7 particles/second

 ============================>     RESULTS     <============================

 k-effective (Collision)     = 1.28602 +/- 0.00273
 k-effective (Track-length)  = 1.28586 +/- 0.00327
 k-effective (Absorption)    = 1.28074 +/- 0.00205
 Combined k-effective        = 1.28217 +/- 0.00193
 Leakage Fraction            = 0.00007 +/- 0.00002

Extracting OpenMC tallies...
    Finished Solving OpenMC                                                              [[33m  5.52 s[39m] [[33m 1295 MB[39m]
[32m Solve Converged![39m

  Finished Solving                                                                       [[33m  5.56 s[39m] [[33m 1295 MB[39m]
[36msolid0: [39m
[36msolid0: [39mTime Step 9, time = 9, dt = 1
[36msolid0: [39m 0 Nonlinear |R| = [32m6.660959e+02[39m
[36msolid0: [39m      0 Linear |R| = [32m6.660959e+02[39m
[36msolid0: [39m      1 Linear |R| = [32m1.836503e+02[39m
[36msolid0: [39m      2 Linear |R| = [32m8.954039e+01[39m
[36msolid0: [39m      3 Linear |R| = [32m2.260553e+01[39m
[36msolid0: [39m      4 Linear |R| = [32m3.569689e+00[39m
[36msolid0: [39m      5 Linear |R| = [32m7.307475e-01[39m
[36msolid0: [39m      6 Linear |R| = [32m1.651650e-01[39m
[36msolid0: [39m      7 Linear |R| = [32m2.347394e-02[39m
[36msolid0: [39m      8 Linear |R| = [32m2.432979e-03[39m
[36msolid0: [39m 1 Nonlinear |R| = [32m1.511107e-02[39m
[36msolid0: [39m      0 Linear |R| = [32m1.511107e-02[39m
[36msolid0: [39m      1 Linear |R| = [32m6.788885e-04[39m
[36msolid0: [39m      2 Linear |R| = [32m1.548898e-04[39m
[36msolid0: [39m      3 Linear |R| = [32m8.295220e-05[39m
[36msolid0: [39m      4 Linear |R| = [32m2.650486e-05[39m
[36msolid0: [39m      5 Linear |R| = [32m6.004607e-06[39m
[36msolid0: [39m      6 Linear |R| = [32m1.132692e-06[39m
[36msolid0: [39m      7 Linear |R| = [32m1.818540e-07[39m
[36msolid0: [39m      8 Linear |R| = [32m3.838971e-08[39m
[36msolid0: [39m 2 Nonlinear |R| = [32m5.968850e-08[39m
[36msolid0: [39m[32m Solve Converged![39m
[36msolid0: [39m
[36msolid0: [39mFinished Solving                                                                 [[33m  7.59 s[39m] [[33m 1322 MB[39m]
[36msolid0: [39m
[36msolid0: [39mPostprocessor Values:
[36msolid0: [39m+----------------+----------------+---------------------------+----------------+----------------+----------------+----------------+
[36msolid0: [39m| time           | avg_fuel_T     | conduction_power_integral | max_T_wall_send| max_clad_T     | max_fuel_T     | min_T_wall_send|
[36msolid0: [39m+----------------+----------------+---------------------------+----------------+----------------+----------------+----------------+
[36msolid0: [39m|   0.000000e+00 |   0.000000e+00 |              0.000000e+00 |   0.000000e+00 |   0.000000e+00 |   0.000000e+00 |   0.000000e+00 |
[36msolid0: [39m|   1.000000e+00 |   3.883513e+02 |              8.549444e+05 |   5.599995e+02 |   5.580360e+02 |   5.631977e+02 |   5.599956e+02 |
[36msolid0: [39m|   2.000000e+00 |   6.636712e+02 |              8.549444e+05 |   6.409837e+02 |   6.746879e+02 |   9.544290e+02 |   5.986320e+02 |
[36msolid0: [39m|   3.000000e+00 |   8.596146e+02 |              8.549444e+05 |   6.399973e+02 |   7.036338e+02 |   1.336825e+03 |   6.056526e+02 |
[36msolid0: [39m|   4.000000e+00 |   1.005370e+03 |              8.549444e+05 |   6.411135e+02 |   7.175352e+02 |   1.650408e+03 |   6.065568e+02 |
[36msolid0: [39m|   5.000000e+00 |   1.115926e+03 |              8.549444e+05 |   6.410041e+02 |   7.288512e+02 |   1.909306e+03 |   6.070431e+02 |
[36msolid0: [39m|   6.000000e+00 |   1.200545e+03 |              8.549444e+05 |   6.409744e+02 |   7.374952e+02 |   2.100466e+03 |   6.067786e+02 |
[36msolid0: [39m|   7.000000e+00 |   1.265470e+03 |              8.549444e+05 |   6.403851e+02 |   7.442989e+02 |   2.248675e+03 |   6.073112e+02 |
[36msolid0: [39m|   8.000000e+00 |   1.315462e+03 |              8.549444e+05 |   6.402043e+02 |   7.506500e+02 |   2.365450e+03 |   6.070970e+02 |
[36msolid0: [39m|   9.000000e+00 |   1.353935e+03 |              8.549444e+05 |   6.400073e+02 |   7.535466e+02 |   2.455033e+03 |   6.070500e+02 |
[36msolid0: [39m+----------------+----------------+---------------------------+----------------+----------------+----------------+----------------+
[36msolid0: [39m
[36msolid0: [39m
[36msolid0: [39mPostprocessor Values:
[36msolid0: [39m+----------------+----------------+---------------------------+----------------+----------------+----------------+----------------+
[36msolid0: [39m| time           | avg_fuel_T     | conduction_power_integral | max_T_wall_send| max_clad_T     | max_fuel_T     | min_T_wall_send|
[36msolid0: [39m+----------------+----------------+---------------------------+----------------+----------------+----------------+----------------+
[36msolid0: [39m|   0.000000e+00 |   0.000000e+00 |              0.000000e+00 |   0.000000e+00 |   0.000000e+00 |   0.000000e+00 |   0.000000e+00 |
[36msolid0: [39m|   1.000000e+00 |   3.883513e+02 |              8.549444e+05 |   5.599995e+02 |   5.580360e+02 |   5.631977e+02 |   5.599956e+02 |
[36msolid0: [39m|   2.000000e+00 |   6.636712e+02 |              8.549444e+05 |   6.409837e+02 |   6.746879e+02 |   9.544290e+02 |   5.986320e+02 |
[36msolid0: [39m|   3.000000e+00 |   8.596146e+02 |              8.549444e+05 |   6.399973e+02 |   7.036338e+02 |   1.336825e+03 |   6.056526e+02 |
[36msolid0: [39m|   4.000000e+00 |   1.005370e+03 |              8.549444e+05 |   6.411135e+02 |   7.175352e+02 |   1.650408e+03 |   6.065568e+02 |
[36msolid0: [39m|   5.000000e+00 |   1.115926e+03 |              8.549444e+05 |   6.410041e+02 |   7.288512e+02 |   1.909306e+03 |   6.070431e+02 |
[36msolid0: [39m|   6.000000e+00 |   1.200545e+03 |              8.549444e+05 |   6.409744e+02 |   7.374952e+02 |   2.100466e+03 |   6.067786e+02 |
[36msolid0: [39m|   7.000000e+00 |   1.265470e+03 |              8.549444e+05 |   6.403851e+02 |   7.442989e+02 |   2.248675e+03 |   6.073112e+02 |
[36msolid0: [39m|   8.000000e+00 |   1.315462e+03 |              8.549444e+05 |   6.402043e+02 |   7.506500e+02 |   2.365450e+03 |   6.070970e+02 |
[36msolid0: [39m|   9.000000e+00 |   1.353935e+03 |              8.549444e+05 |   6.400073e+02 |   7.535466e+02 |   2.455033e+03 |   6.070500e+02 |
[36msolid0: [39m+----------------+----------------+---------------------------+----------------+----------------+----------------+----------------+
[36msolid0: [39m
    Finished Executing MultiApps                                                         [[33m  8.12 s[39m] [[33m 1322 MB[39m]
  Finished Executing MultiApps                                                           [[33m  8.12 s[39m] [[33m 1322 MB[39m]

Postprocessor Values:
+----------------+----------------+----------------+----------------+----------------+----------------+----------------+
| time           | avg_coolant_T  | avg_coolant_rho| k              | k_std_dev      | max_coolant_T  | max_coolant_rho|
+----------------+----------------+----------------+----------------+----------------+----------------+----------------+
|   0.000000e+00 |   0.000000e+00 |   0.000000e+00 |   0.000000e+00 |   0.000000e+00 |   0.000000e+00 |   0.000000e+00 |
|   1.000000e+00 |   5.599964e+02 |   7.524099e+02 |   1.355427e+00 |   1.883971e-03 |   5.599976e+02 |   7.524436e+02 |
|   2.000000e+00 |   5.825279e+02 |   7.054159e+02 |   1.322142e+00 |   2.256852e-03 |   5.945761e+02 |   7.496028e+02 |
|   3.000000e+00 |   5.851160e+02 |   6.987270e+02 |   1.300051e+00 |   2.274927e-03 |   6.006535e+02 |   7.494878e+02 |
|   4.000000e+00 |   5.852629e+02 |   6.982710e+02 |   1.292876e+00 |   1.892578e-03 |   6.013537e+02 |   7.495374e+02 |
|   5.000000e+00 |   5.851992e+02 |   6.983959e+02 |   1.287122e+00 |   2.111398e-03 |   6.014135e+02 |   7.496100e+02 |
|   6.000000e+00 |   5.852670e+02 |   6.982515e+02 |   1.282333e+00 |   2.154120e-03 |   6.013515e+02 |   7.495743e+02 |
|   7.000000e+00 |   5.851444e+02 |   6.985239e+02 |   1.283675e+00 |   2.033348e-03 |   6.014103e+02 |   7.496564e+02 |
|   8.000000e+00 |   5.851747e+02 |   6.984657e+02 |   1.281027e+00 |   2.306970e-03 |   6.013597e+02 |   7.496474e+02 |
|   9.000000e+00 |   5.851411e+02 |   6.985391e+02 |   1.282167e+00 |   1.929077e-03 |   6.013800e+02 |   7.496560e+02 |
+----------------+----------------+----------------+----------------+----------------+----------------+----------------+
+----------------+----------------+----------------+-----------------------+
| time           | min_coolant_T  | min_coolant_rho| openmc_power_integral |
+----------------+----------------+----------------+-----------------------+
|   0.000000e+00 |   0.000000e+00 |   0.000000e+00 |          0.000000e+00 |
|   1.000000e+00 |   5.599956e+02 |   7.523759e+02 |          8.549444e+05 |
|   2.000000e+00 |   5.615372e+02 |   6.770036e+02 |          8.549444e+05 |
|   3.000000e+00 |   5.615988e+02 |   6.598771e+02 |          8.549444e+05 |
|   4.000000e+00 |   5.615719e+02 |   6.577837e+02 |          8.549444e+05 |
|   5.000000e+00 |   5.615327e+02 |   6.576039e+02 |          8.549444e+05 |
|   6.000000e+00 |   5.615520e+02 |   6.577906e+02 |          8.549444e+05 |
|   7.000000e+00 |   5.615077e+02 |   6.576134e+02 |          8.549444e+05 |
|   8.000000e+00 |   5.615125e+02 |   6.577658e+02 |          8.549444e+05 |
|   9.000000e+00 |   5.615079e+02 |   6.577047e+02 |          8.549444e+05 |
+----------------+----------------+----------------+-----------------------+


Time Step 10, time = 10, dt = 1
[36msub_channel0: [39m
[36msub_channel0: [39mTime Step 0, time = 0
[36msub_channel0: [39m
[36msub_channel0: [39mTime Step 1, time = 1, dt = 1
[36msub_channel0: [39mExecuting subchannel solver
[36msub_channel0: [39mSolution initialized
[36msub_channel0: [39mSolving Outer Iteration : 1
[36msub_channel0: [39mSolving Block: 0 From first level: 1 to last level: 60
[36msub_channel0: [39mBlock: 0 - Enthalpy conservation matrix assembled
[36msub_channel0: [39mStart updating thermophysical properties.
[36msub_channel0: [39mDone updating thermophysical properties.
[36msub_channel0: [39mT_block_error: 0.000129806
[36msub_channel0: [39mBlock: 0 - Enthalpy conservation matrix assembled
[36msub_channel0: [39mStart updating thermophysical properties.
[36msub_channel0: [39mDone updating thermophysical properties.
[36msub_channel0: [39mT_block_error: 1.11546e-06
[36msub_channel0: [39mP_error :5.11321e-07
[36msub_channel0: [39mIteration:  1
[36msub_channel0: [39mMaximum iterations: 5
[36msub_channel0: [39mFinished executing subchannel solver
[36msub_channel0: [39mCommencing calculation of Pin surface temperature 
[36msub_channel0: [39m ======================================= 
[36msub_channel0: [39m ======== Subchannel Print Outs ======== 
[36msub_channel0: [39m ======================================= 
[36msub_channel0: [39mTotal flow area :0.000984685 m^2
[36msub_channel0: [39mAssembly hydraulic diameter :0.00943815 m
[36msub_channel0: [39mAssembly Re number :382270 [-]
[36msub_channel0: [39mBulk coolant temperature at outlet :599.762 K
[36msub_channel0: [39mPower added to coolant is : 847872 Watt
[36msub_channel0: [39mMass flow rate in is : 3.7418 kg/sec
[36msub_channel0: [39mMass balance is : 0.000331147 kg/sec
[36msub_channel0: [39mUser defined outlet pressure is : 1.57e+07 Pa
[36msub_channel0: [39m ======================================= 
[36msub_channel0: [39m[32m Solve Converged![39m
[36msub_channel0: [39m
[36msub_channel0_viz0: [39m
[36msub_channel0_viz0: [39mPostprocessor Values:
[36msub_channel0_viz0: [39m+----------------+----------------+----------------+----------------+
[36msub_channel0_viz0: [39m| time           | avg_coolant_T  | max_T_fluid    | min_T_fluid    |
[36msub_channel0_viz0: [39m+----------------+----------------+----------------+----------------+
[36msub_channel0_viz0: [39m|   0.000000e+00 |   5.845368e+02 |   6.015244e+02 |   5.603736e+02 |
[36msub_channel0_viz0: [39m+----------------+----------------+----------------+----------------+
[36msub_channel0_viz0: [39m
[36msub_channel0_viz0: [39m[32m Solve Converged![39m
[36msub_channel0_viz0: [39m
[36msub_channel0_viz0: [39m
[36msub_channel0_viz0: [39mPostprocessor Values:
[36msub_channel0_viz0: [39m+----------------+----------------+----------------+----------------+
[36msub_channel0_viz0: [39m| time           | avg_coolant_T  | max_T_fluid    | min_T_fluid    |
[36msub_channel0_viz0: [39m+----------------+----------------+----------------+----------------+
[36msub_channel0_viz0: [39m|   0.000000e+00 |   5.845368e+02 |   6.015244e+02 |   5.603736e+02 |
[36msub_channel0_viz0: [39m|   1.000000e+00 |   5.846141e+02 |   6.014774e+02 |   5.603781e+02 |
[36msub_channel0_viz0: [39m+----------------+----------------+----------------+----------------+
[36msub_channel0_viz0: [39m
Sending temperature to OpenMC cells... 
Setting cell id 13, instance 0 (of 9) [1 contained cells] to temperature (K): 1466.57
Setting cell id 13, instance 1 (of 9) [1 contained cells] to temperature (K): 1468.03
Setting cell id 13, instance 2 (of 9) [1 contained cells] to temperature (K): 1468.79
Setting cell id 13, instance 3 (of 9) [1 contained cells] to temperature (K): 1468.04
Setting cell id 13, instance 4 (of 9) [1 contained cells] to temperature (K): 1473.55
Setting cell id 13, instance 5 (of 9) [1 contained cells] to temperature (K): 1469.33
Setting cell id 13, instance 6 (of 9) [1 contained cells] to temperature (K): 1470.49
Setting cell id 13, instance 7 (of 9) [1 contained cells] to temperature (K): 1470.65
Setting cell id 13, instance 8 (of 9) [1 contained cells] to temperature (K): 1469.57
Setting cell id 14, instance 0 (of 9) [1 contained cells] to temperature (K): 718.308
Setting cell id 14, instance 1 (of 9) [1 contained cells] to temperature (K): 719.701
Setting cell id 14, instance 2 (of 9) [1 contained cells] to temperature (K): 718.644
Setting cell id 14, instance 3 (of 9) [1 contained cells] to temperature (K): 719.323
Setting cell id 14, instance 4 (of 9) [1 contained cells] to temperature (K): 721.474
Setting cell id 14, instance 5 (of 9) [1 contained cells] to temperature (K): 719.312
Setting cell id 14, instance 6 (of 9) [1 contained cells] to temperature (K): 719.097
Setting cell id 14, instance 7 (of 9) [1 contained cells] to temperature (K): 720.25
Setting cell id 14, instance 8 (of 9) [1 contained cells] to temperature (K): 719.724
Setting cell id 16, instance 0 (of 9) [1 contained cells] to temperature (K): 584.412
Setting cell id 16, instance 1 (of 9) [1 contained cells] to temperature (K): 585.531
Setting cell id 16, instance 2 (of 9) [1 contained cells] to temperature (K): 584.418
Setting cell id 16, instance 3 (of 9) [1 contained cells] to temperature (K): 585.549
Setting cell id 16, instance 4 (of 9) [1 contained cells] to temperature (K): 586.81
Setting cell id 16, instance 5 (of 9) [1 contained cells] to temperature (K): 585.57
Setting cell id 16, instance 6 (of 9) [1 contained cells] to temperature (K): 584.491
Setting cell id 16, instance 7 (of 9) [1 contained cells] to temperature (K): 585.635
Setting cell id 16, instance 8 (of 9) [1 contained cells] to temperature (K): 584.553
Sending density to OpenMC cells... 
Setting cell id 16, instance 0 (of 9) to density (kg/m3): 700.356
Setting cell id 16, instance 1 (of 9) to density (kg/m3): 697.594
Setting cell id 16, instance 2 (of 9) to density (kg/m3): 700.342
Setting cell id 16, instance 3 (of 9) to density (kg/m3): 697.544
Setting cell id 16, instance 4 (of 9) to density (kg/m3): 694.383
Setting cell id 16, instance 5 (of 9) to density (kg/m3): 697.493
Setting cell id 16, instance 6 (of 9) to density (kg/m3): 700.162
Setting cell id 16, instance 7 (of 9) to density (kg/m3): 697.335
Setting cell id 16, instance 8 (of 9) to density (kg/m3): 700.015
 Running OpenMC with 2000 particles per batch...
 Maximum neutron transport energy: 20000000 eV for O17
 Initializing source particles...

 ====================>     K EIGENVALUE SIMULATION     <====================

  Bat./Gen.      k            Average k
  =========   ========   ====================
        1/1    1.23201
        2/1    1.24466
        3/1    1.24168
        4/1    1.25191
        5/1    1.31832
        6/1    1.28909
        7/1    1.28417
        8/1    1.22411
        9/1    1.26626
       10/1    1.27986
       11/1    1.28101
       12/1    1.28541
       13/1    1.30655
       14/1    1.26800
       15/1    1.27257
       16/1    1.32061
       17/1    1.31211
       18/1    1.25683
       19/1    1.29872
       20/1    1.27658
       21/1    1.22193
       22/1    1.24344
       23/1    1.30194
       24/1    1.23146
       25/1    1.30490
       26/1    1.25728
       27/1    1.26131
       28/1    1.27960
       29/1    1.33538
       30/1    1.28146
       31/1    1.26334
       32/1    1.17430
       33/1    1.32335
       34/1    1.22958
       35/1    1.22922
       36/1    1.28272
       37/1    1.25851
       38/1    1.31994
       39/1    1.27568
       40/1    1.31054
       41/1    1.29559
       42/1    1.27290
       43/1    1.26808
       44/1    1.22029
       45/1    1.40032
       46/1    1.30280
       47/1    1.32606
       48/1    1.28647
       49/1    1.27831
       50/1    1.31298
       51/1    1.29199
       52/1    1.27895    1.28547 +/- 0.00652
       53/1    1.34805    1.30633 +/- 0.02120
       54/1    1.27365    1.29816 +/- 0.01707
       55/1    1.27675    1.29388 +/- 0.01390
       56/1    1.28308    1.29208 +/- 0.01149
       57/1    1.31104    1.29479 +/- 0.01008
       58/1    1.30822    1.29647 +/- 0.00889
       59/1    1.28110    1.29476 +/- 0.00803
       60/1    1.27343    1.29263 +/- 0.00749
       61/1    1.31142    1.29434 +/- 0.00699
       62/1    1.28082    1.29321 +/- 0.00648
       63/1    1.29355    1.29324 +/- 0.00596
       64/1    1.29714    1.29351 +/- 0.00552
       65/1    1.31388    1.29487 +/- 0.00532
       66/1    1.31081    1.29587 +/- 0.00507
       67/1    1.31679    1.29710 +/- 0.00492
       68/1    1.26831    1.29550 +/- 0.00491
       69/1    1.31890    1.29673 +/- 0.00480
       70/1    1.31594    1.29769 +/- 0.00466
       71/1    1.21947    1.29397 +/- 0.00579
       72/1    1.26632    1.29271 +/- 0.00566
       73/1    1.21089    1.28915 +/- 0.00647
       74/1    1.28985    1.28918 +/- 0.00620
       75/1    1.29774    1.28952 +/- 0.00595
       76/1    1.27147    1.28883 +/- 0.00576
       77/1    1.23682    1.28690 +/- 0.00587
       78/1    1.31373    1.28786 +/- 0.00574
       79/1    1.28312    1.28770 +/- 0.00554
       80/1    1.27285    1.28720 +/- 0.00537
       81/1    1.30796    1.28787 +/- 0.00524
       82/1    1.24056    1.28639 +/- 0.00528
       83/1    1.28565    1.28637 +/- 0.00512
       84/1    1.28000    1.28618 +/- 0.00497
       85/1    1.30204    1.28664 +/- 0.00485
       86/1    1.27141    1.28621 +/- 0.00473
       87/1    1.30190    1.28664 +/- 0.00462
       88/1    1.26260    1.28601 +/- 0.00454
       89/1    1.27808    1.28580 +/- 0.00443
       90/1    1.31073    1.28643 +/- 0.00436
       91/1    1.26989    1.28602 +/- 0.00427
       92/1    1.29751    1.28630 +/- 0.00418
       93/1    1.28158    1.28619 +/- 0.00408
       94/1    1.25330    1.28544 +/- 0.00406
       95/1    1.32463    1.28631 +/- 0.00406
       96/1    1.26332    1.28581 +/- 0.00400
       97/1    1.23240    1.28467 +/- 0.00408
       98/1    1.31434    1.28529 +/- 0.00404
       99/1    1.24712    1.28451 +/- 0.00403
      100/1    1.26298    1.28408 +/- 0.00397
      101/1    1.34029    1.28518 +/- 0.00405
      102/1    1.30879    1.28564 +/- 0.00400
      103/1    1.23327    1.28465 +/- 0.00404
      104/1    1.24527    1.28392 +/- 0.00403
      105/1    1.28885    1.28401 +/- 0.00396
      106/1    1.24898    1.28338 +/- 0.00394
      107/1    1.26125    1.28300 +/- 0.00389
      108/1    1.20914    1.28172 +/- 0.00403
      109/1    1.29279    1.28191 +/- 0.00396
      110/1    1.26190    1.28158 +/- 0.00391
      111/1    1.30546    1.28197 +/- 0.00387
      112/1    1.33306    1.28279 +/- 0.00389
      113/1    1.31814    1.28335 +/- 0.00387
      114/1    1.23175    1.28255 +/- 0.00389
      115/1    1.30031    1.28282 +/- 0.00384
      116/1    1.31930    1.28337 +/- 0.00382
      117/1    1.24094    1.28274 +/- 0.00382
      118/1    1.27585    1.28264 +/- 0.00376
      119/1    1.33346    1.28338 +/- 0.00378
      120/1    1.28781    1.28344 +/- 0.00373
      121/1    1.25815    1.28308 +/- 0.00369
      122/1    1.23125    1.28236 +/- 0.00371
      123/1    1.23815    1.28176 +/- 0.00371
      124/1    1.30075    1.28201 +/- 0.00367
      125/1    1.28912    1.28211 +/- 0.00362
      126/1    1.27452    1.28201 +/- 0.00357
      127/1    1.33309    1.28267 +/- 0.00359
      128/1    1.26762    1.28248 +/- 0.00355
      129/1    1.25367    1.28211 +/- 0.00352
      130/1    1.27852    1.28207 +/- 0.00348
      131/1    1.29810    1.28227 +/- 0.00344
      132/1    1.29608    1.28244 +/- 0.00340
      133/1    1.29174    1.28255 +/- 0.00336
      134/1    1.28176    1.28254 +/- 0.00332
      135/1    1.36260    1.28348 +/- 0.00342
      136/1    1.26179    1.28323 +/- 0.00339
      137/1    1.27746    1.28316 +/- 0.00335
      138/1    1.22584    1.28251 +/- 0.00337
      139/1    1.34482    1.28321 +/- 0.00341
      140/1    1.35776    1.28404 +/- 0.00347
      141/1    1.25442    1.28371 +/- 0.00345
      142/1    1.20438    1.28285 +/- 0.00352
      143/1    1.21421    1.28211 +/- 0.00356
      144/1    1.28013    1.28209 +/- 0.00352
      145/1    1.29091    1.28218 +/- 0.00348
      146/1    1.24625    1.28181 +/- 0.00346
      147/1    1.30807    1.28208 +/- 0.00344
      148/1    1.28493    1.28211 +/- 0.00340
      149/1    1.29513    1.28224 +/- 0.00337
      150/1    1.28014    1.28222 +/- 0.00334
 Creating state point statepoint.150.h5...

 =======================>     TIMING STATISTICS     <=======================

 Total time for initialization     = 0.0000e+00 seconds
   Reading cross sections          = 0.0000e+00 seconds
 Total time in simulation          = 5.6391e+00 seconds
   Time in transport only          = 5.5747e+00 seconds
   Time in inactive batches        = 8.9867e-01 seconds
   Time in active batches          = 4.7404e+00 seconds
   Time synchronizing fission bank = 1.7470e-02 seconds
     Sampling source sites         = 1.4950e-02 seconds
     SEND/RECV source sites        = 2.2592e-03 seconds
   Time accumulating tallies       = 2.8855e-02 seconds
   Time writing statepoints        = 4.9574e-03 seconds
 Total time for finalization       = 3.5087e-02 seconds
 Total time elapsed                = 5.6862e+00 seconds
 Calculation Rate (inactive)       = 111275 particles/second
 Calculation Rate (active)         = 42190.6 particles/second

 ============================>     RESULTS     <============================

 k-effective (Collision)     = 1.28138 +/- 0.00289
 k-effective (Track-length)  = 1.28222 +/- 0.00334
 k-effective (Absorption)    = 1.27907 +/- 0.00214
 Combined k-effective        = 1.27978 +/- 0.00201
 Leakage Fraction            = 0.00013 +/- 0.00003

    Finished Solving OpenMC                                                              [[33m  5.69 s[39m] [[33m 1277 MB[39m]
Extracting OpenMC tallies...
[32m Solve Converged![39m

  Finished Solving                                                                       [[33m  5.74 s[39m] [[33m 1277 MB[39m]
[36msolid0: [39m
[36msolid0: [39mTime Step 10, time = 10, dt = 1
[36msolid0: [39m 0 Nonlinear |R| = [32m5.174647e+02[39m
[36msolid0: [39m      0 Linear |R| = [32m5.174647e+02[39m
[36msolid0: [39m      1 Linear |R| = [32m1.423374e+02[39m
[36msolid0: [39m      2 Linear |R| = [32m6.931193e+01[39m
[36msolid0: [39m      3 Linear |R| = [32m1.752701e+01[39m
[36msolid0: [39m      4 Linear |R| = [32m2.798828e+00[39m
[36msolid0: [39m      5 Linear |R| = [32m5.690858e-01[39m
[36msolid0: [39m      6 Linear |R| = [32m1.303767e-01[39m
[36msolid0: [39m      7 Linear |R| = [32m1.851967e-02[39m
[36msolid0: [39m      8 Linear |R| = [32m1.929313e-03[39m
[36msolid0: [39m 1 Nonlinear |R| = [32m1.152920e-02[39m
[36msolid0: [39m      0 Linear |R| = [32m1.152920e-02[39m
[36msolid0: [39m      1 Linear |R| = [32m5.236738e-04[39m
[36msolid0: [39m      2 Linear |R| = [32m1.228614e-04[39m
[36msolid0: [39m      3 Linear |R| = [32m6.621798e-05[39m
[36msolid0: [39m      4 Linear |R| = [32m2.105327e-05[39m
[36msolid0: [39m      5 Linear |R| = [32m4.728438e-06[39m
[36msolid0: [39m      6 Linear |R| = [32m9.042003e-07[39m
[36msolid0: [39m      7 Linear |R| = [32m1.450130e-07[39m
[36msolid0: [39m      8 Linear |R| = [32m3.068681e-08[39m
[36msolid0: [39m 2 Nonlinear |R| = [32m4.771415e-08[39m
[36msolid0: [39m[32m Solve Converged![39m
[36msolid0: [39m
[36msolid0: [39mFinished Solving                                                                 [[33m  7.65 s[39m] [[33m 1277 MB[39m]
[36msolid0: [39m
[36msolid0: [39mPostprocessor Values:
[36msolid0: [39m+----------------+----------------+---------------------------+----------------+----------------+----------------+----------------+
[36msolid0: [39m| time           | avg_fuel_T     | conduction_power_integral | max_T_wall_send| max_clad_T     | max_fuel_T     | min_T_wall_send|
[36msolid0: [39m+----------------+----------------+---------------------------+----------------+----------------+----------------+----------------+
[36msolid0: [39m|   0.000000e+00 |   0.000000e+00 |              0.000000e+00 |   0.000000e+00 |   0.000000e+00 |   0.000000e+00 |   0.000000e+00 |
[36msolid0: [39m|   1.000000e+00 |   3.883513e+02 |              8.549444e+05 |   5.599995e+02 |   5.580360e+02 |   5.631977e+02 |   5.599956e+02 |
[36msolid0: [39m|   2.000000e+00 |   6.636712e+02 |              8.549444e+05 |   6.409837e+02 |   6.746879e+02 |   9.544290e+02 |   5.986320e+02 |
[36msolid0: [39m|   3.000000e+00 |   8.596146e+02 |              8.549444e+05 |   6.399973e+02 |   7.036338e+02 |   1.336825e+03 |   6.056526e+02 |
[36msolid0: [39m|   4.000000e+00 |   1.005370e+03 |              8.549444e+05 |   6.411135e+02 |   7.175352e+02 |   1.650408e+03 |   6.065568e+02 |
[36msolid0: [39m|   5.000000e+00 |   1.115926e+03 |              8.549444e+05 |   6.410041e+02 |   7.288512e+02 |   1.909306e+03 |   6.070431e+02 |
[36msolid0: [39m|   6.000000e+00 |   1.200545e+03 |              8.549444e+05 |   6.409744e+02 |   7.374952e+02 |   2.100466e+03 |   6.067786e+02 |
[36msolid0: [39m|   7.000000e+00 |   1.265470e+03 |              8.549444e+05 |   6.403851e+02 |   7.442989e+02 |   2.248675e+03 |   6.073112e+02 |
[36msolid0: [39m|   8.000000e+00 |   1.315462e+03 |              8.549444e+05 |   6.402043e+02 |   7.506500e+02 |   2.365450e+03 |   6.070970e+02 |
[36msolid0: [39m|   9.000000e+00 |   1.353935e+03 |              8.549444e+05 |   6.400073e+02 |   7.535466e+02 |   2.455033e+03 |   6.070500e+02 |
[36msolid0: [39m|   1.000000e+01 |   1.383600e+03 |              8.549444e+05 |   6.400177e+02 |   7.571308e+02 |   2.526494e+03 |   6.068955e+02 |
[36msolid0: [39m+----------------+----------------+---------------------------+----------------+----------------+----------------+----------------+
[36msolid0: [39m
[36msolid0: [39m
[36msolid0: [39mPostprocessor Values:
[36msolid0: [39m+----------------+----------------+---------------------------+----------------+----------------+----------------+----------------+
[36msolid0: [39m| time           | avg_fuel_T     | conduction_power_integral | max_T_wall_send| max_clad_T     | max_fuel_T     | min_T_wall_send|
[36msolid0: [39m+----------------+----------------+---------------------------+----------------+----------------+----------------+----------------+
[36msolid0: [39m|   0.000000e+00 |   0.000000e+00 |              0.000000e+00 |   0.000000e+00 |   0.000000e+00 |   0.000000e+00 |   0.000000e+00 |
[36msolid0: [39m|   1.000000e+00 |   3.883513e+02 |              8.549444e+05 |   5.599995e+02 |   5.580360e+02 |   5.631977e+02 |   5.599956e+02 |
[36msolid0: [39m|   2.000000e+00 |   6.636712e+02 |              8.549444e+05 |   6.409837e+02 |   6.746879e+02 |   9.544290e+02 |   5.986320e+02 |
[36msolid0: [39m|   3.000000e+00 |   8.596146e+02 |              8.549444e+05 |   6.399973e+02 |   7.036338e+02 |   1.336825e+03 |   6.056526e+02 |
[36msolid0: [39m|   4.000000e+00 |   1.005370e+03 |              8.549444e+05 |   6.411135e+02 |   7.175352e+02 |   1.650408e+03 |   6.065568e+02 |
[36msolid0: [39m|   5.000000e+00 |   1.115926e+03 |              8.549444e+05 |   6.410041e+02 |   7.288512e+02 |   1.909306e+03 |   6.070431e+02 |
[36msolid0: [39m|   6.000000e+00 |   1.200545e+03 |              8.549444e+05 |   6.409744e+02 |   7.374952e+02 |   2.100466e+03 |   6.067786e+02 |
[36msolid0: [39m|   7.000000e+00 |   1.265470e+03 |              8.549444e+05 |   6.403851e+02 |   7.442989e+02 |   2.248675e+03 |   6.073112e+02 |
[36msolid0: [39m|   8.000000e+00 |   1.315462e+03 |              8.549444e+05 |   6.402043e+02 |   7.506500e+02 |   2.365450e+03 |   6.070970e+02 |
[36msolid0: [39m|   9.000000e+00 |   1.353935e+03 |              8.549444e+05 |   6.400073e+02 |   7.535466e+02 |   2.455033e+03 |   6.070500e+02 |
[36msolid0: [39m|   1.000000e+01 |   1.383600e+03 |              8.549444e+05 |   6.400177e+02 |   7.571308e+02 |   2.526494e+03 |   6.068955e+02 |
[36msolid0: [39m+----------------+----------------+---------------------------+----------------+----------------+----------------+----------------+
[36msolid0: [39m
    Finished Executing MultiApps                                                         [[33m  8.18 s[39m] [[33m 1277 MB[39m]
  Finished Executing MultiApps                                                           [[33m  8.18 s[39m] [[33m 1277 MB[39m]

Postprocessor Values:
+----------------+----------------+----------------+----------------+----------------+----------------+----------------+
| time           | avg_coolant_T  | avg_coolant_rho| k              | k_std_dev      | max_coolant_T  | max_coolant_rho|
+----------------+----------------+----------------+----------------+----------------+----------------+----------------+
|   0.000000e+00 |   0.000000e+00 |   0.000000e+00 |   0.000000e+00 |   0.000000e+00 |   0.000000e+00 |   0.000000e+00 |
|   1.000000e+00 |   5.599964e+02 |   7.524099e+02 |   1.355427e+00 |   1.883971e-03 |   5.599976e+02 |   7.524436e+02 |
|   2.000000e+00 |   5.825279e+02 |   7.054159e+02 |   1.322142e+00 |   2.256852e-03 |   5.945761e+02 |   7.496028e+02 |
|   3.000000e+00 |   5.851160e+02 |   6.987270e+02 |   1.300051e+00 |   2.274927e-03 |   6.006535e+02 |   7.494878e+02 |
|   4.000000e+00 |   5.852629e+02 |   6.982710e+02 |   1.292876e+00 |   1.892578e-03 |   6.013537e+02 |   7.495374e+02 |
|   5.000000e+00 |   5.851992e+02 |   6.983959e+02 |   1.287122e+00 |   2.111398e-03 |   6.014135e+02 |   7.496100e+02 |
|   6.000000e+00 |   5.852670e+02 |   6.982515e+02 |   1.282333e+00 |   2.154120e-03 |   6.013515e+02 |   7.495743e+02 |
|   7.000000e+00 |   5.851444e+02 |   6.985239e+02 |   1.283675e+00 |   2.033348e-03 |   6.014103e+02 |   7.496564e+02 |
|   8.000000e+00 |   5.851747e+02 |   6.984657e+02 |   1.281027e+00 |   2.306970e-03 |   6.013597e+02 |   7.496474e+02 |
|   9.000000e+00 |   5.851411e+02 |   6.985391e+02 |   1.282167e+00 |   1.929077e-03 |   6.013800e+02 |   7.496560e+02 |
|   1.000000e+01 |   5.852189e+02 |   6.983582e+02 |   1.279780e+00 |   2.008471e-03 |   6.013393e+02 |   7.496230e+02 |
+----------------+----------------+----------------+----------------+----------------+----------------+----------------+
+----------------+----------------+----------------+-----------------------+
| time           | min_coolant_T  | min_coolant_rho| openmc_power_integral |
+----------------+----------------+----------------+-----------------------+
|   0.000000e+00 |   0.000000e+00 |   0.000000e+00 |          0.000000e+00 |
|   1.000000e+00 |   5.599956e+02 |   7.523759e+02 |          8.549444e+05 |
|   2.000000e+00 |   5.615372e+02 |   6.770036e+02 |          8.549444e+05 |
|   3.000000e+00 |   5.615988e+02 |   6.598771e+02 |          8.549444e+05 |
|   4.000000e+00 |   5.615719e+02 |   6.577837e+02 |          8.549444e+05 |
|   5.000000e+00 |   5.615327e+02 |   6.576039e+02 |          8.549444e+05 |
|   6.000000e+00 |   5.615520e+02 |   6.577906e+02 |          8.549444e+05 |
|   7.000000e+00 |   5.615077e+02 |   6.576134e+02 |          8.549444e+05 |
|   8.000000e+00 |   5.615125e+02 |   6.577658e+02 |          8.549444e+05 |
|   9.000000e+00 |   5.615079e+02 |   6.577047e+02 |          8.549444e+05 |
|   1.000000e+01 |   5.615257e+02 |   6.578272e+02 |          8.549444e+05 |
+----------------+----------------+----------------+-----------------------+


Time Step 11, time = 11, dt = 1
[36msub_channel0: [39m
[36msub_channel0: [39mTime Step 0, time = 0
[36msub_channel0: [39m
[36msub_channel0: [39mTime Step 1, time = 1, dt = 1
[36msub_channel0: [39mExecuting subchannel solver
[36msub_channel0: [39mSolution initialized
[36msub_channel0: [39mSolving Outer Iteration : 1
[36msub_channel0: [39mSolving Block: 0 From first level: 1 to last level: 60
[36msub_channel0: [39mBlock: 0 - Enthalpy conservation matrix assembled
[36msub_channel0: [39mStart updating thermophysical properties.
[36msub_channel0: [39mDone updating thermophysical properties.
[36msub_channel0: [39mT_block_error: 7.34198e-05
[36msub_channel0: [39mBlock: 0 - Enthalpy conservation matrix assembled
[36msub_channel0: [39mStart updating thermophysical properties.
[36msub_channel0: [39mDone updating thermophysical properties.
[36msub_channel0: [39mT_block_error: 7.60486e-07
[36msub_channel0: [39mP_error :9.11234e-06
[36msub_channel0: [39mIteration:  1
[36msub_channel0: [39mMaximum iterations: 5
[36msub_channel0: [39mFinished executing subchannel solver
[36msub_channel0: [39mCommencing calculation of Pin surface temperature 
[36msub_channel0: [39m ======================================= 
[36msub_channel0: [39m ======== Subchannel Print Outs ======== 
[36msub_channel0: [39m ======================================= 
[36msub_channel0: [39mTotal flow area :0.000984685 m^2
[36msub_channel0: [39mAssembly hydraulic diameter :0.00943815 m
[36msub_channel0: [39mAssembly Re number :382270 [-]
[36msub_channel0: [39mBulk coolant temperature at outlet :599.768 K
[36msub_channel0: [39mPower added to coolant is : 847793 Watt
[36msub_channel0: [39mMass flow rate in is : 3.7418 kg/sec
[36msub_channel0: [39mMass balance is : 0.000188763 kg/sec
[36msub_channel0: [39mUser defined outlet pressure is : 1.57e+07 Pa
[36msub_channel0: [39m ======================================= 
[36msub_channel0: [39m[32m Solve Converged![39m
[36msub_channel0: [39m
[36msub_channel0_viz0: [39m
[36msub_channel0_viz0: [39mPostprocessor Values:
[36msub_channel0_viz0: [39m+----------------+----------------+----------------+----------------+
[36msub_channel0_viz0: [39m| time           | avg_coolant_T  | max_T_fluid    | min_T_fluid    |
[36msub_channel0_viz0: [39m+----------------+----------------+----------------+----------------+
[36msub_channel0_viz0: [39m|   0.000000e+00 |   5.846141e+02 |   6.014774e+02 |   5.603781e+02 |
[36msub_channel0_viz0: [39m+----------------+----------------+----------------+----------------+
[36msub_channel0_viz0: [39m
[36msub_channel0_viz0: [39m[32m Solve Converged![39m
[36msub_channel0_viz0: [39m
[36msub_channel0_viz0: [39m
[36msub_channel0_viz0: [39mPostprocessor Values:
[36msub_channel0_viz0: [39m+----------------+----------------+----------------+----------------+
[36msub_channel0_viz0: [39m| time           | avg_coolant_T  | max_T_fluid    | min_T_fluid    |
[36msub_channel0_viz0: [39m+----------------+----------------+----------------+----------------+
[36msub_channel0_viz0: [39m|   0.000000e+00 |   5.846141e+02 |   6.014774e+02 |   5.603781e+02 |
[36msub_channel0_viz0: [39m|   1.000000e+00 |   5.846592e+02 |   6.014865e+02 |   5.603829e+02 |
[36msub_channel0_viz0: [39m+----------------+----------------+----------------+----------------+
[36msub_channel0_viz0: [39m
Sending temperature to OpenMC cells... 
Setting cell id 13, instance 0 (of 9) [1 contained cells] to temperature (K): 1500.5
Setting cell id 13, instance 1 (of 9) [1 contained cells] to temperature (K): 1501.91
Setting cell id 13, instance 2 (of 9) [1 contained cells] to temperature (K): 1502.56
Setting cell id 13, instance 3 (of 9) [1 contained cells] to temperature (K): 1502.1
Setting cell id 13, instance 4 (of 9) [1 contained cells] to temperature (K): 1507.05
Setting cell id 13, instance 5 (of 9) [1 contained cells] to temperature (K): 1502.88
Setting cell id 13, instance 6 (of 9) [1 contained cells] to temperature (K): 1504.68
Setting cell id 13, instance 7 (of 9) [1 contained cells] to temperature (K): 1504.87
Setting cell id 13, instance 8 (of 9) [1 contained cells] to temperature (K): 1503.8
Setting cell id 14, instance 0 (of 9) [1 contained cells] to temperature (K): 721.392
Setting cell id 14, instance 1 (of 9) [1 contained cells] to temperature (K): 722.728
Setting cell id 14, instance 2 (of 9) [1 contained cells] to temperature (K): 721.658
Setting cell id 14, instance 3 (of 9) [1 contained cells] to temperature (K): 722.446
Setting cell id 14, instance 4 (of 9) [1 contained cells] to temperature (K): 724.451
Setting cell id 14, instance 5 (of 9) [1 contained cells] to temperature (K): 722.449
Setting cell id 14, instance 6 (of 9) [1 contained cells] to temperature (K): 722.094
Setting cell id 14, instance 7 (of 9) [1 contained cells] to temperature (K): 723.348
Setting cell id 14, instance 8 (of 9) [1 contained cells] to temperature (K): 722.698
Setting cell id 16, instance 0 (of 9) [1 contained cells] to temperature (K): 584.453
Setting cell id 16, instance 1 (of 9) [1 contained cells] to temperature (K): 585.582
Setting cell id 16, instance 2 (of 9) [1 contained cells] to temperature (K): 584.473
Setting cell id 16, instance 3 (of 9) [1 contained cells] to temperature (K): 585.592
Setting cell id 16, instance 4 (of 9) [1 contained cells] to temperature (K): 586.864
Setting cell id 16, instance 5 (of 9) [1 contained cells] to temperature (K): 585.627
Setting cell id 16, instance 6 (of 9) [1 contained cells] to temperature (K): 584.527
Setting cell id 16, instance 7 (of 9) [1 contained cells] to temperature (K): 585.679
Setting cell id 16, instance 8 (of 9) [1 contained cells] to temperature (K): 584.597
Sending density to OpenMC cells... 
Setting cell id 16, instance 0 (of 9) to density (kg/m3): 700.262
Setting cell id 16, instance 1 (of 9) to density (kg/m3): 697.476
Setting cell id 16, instance 2 (of 9) to density (kg/m3): 700.219
Setting cell id 16, instance 3 (of 9) to density (kg/m3): 697.446
Setting cell id 16, instance 4 (of 9) to density (kg/m3): 694.259
Setting cell id 16, instance 5 (of 9) to density (kg/m3): 697.363
Setting cell id 16, instance 6 (of 9) to density (kg/m3): 700.084
Setting cell id 16, instance 7 (of 9) to density (kg/m3): 697.235
Setting cell id 16, instance 8 (of 9) to density (kg/m3): 699.915
 Running OpenMC with 2000 particles per batch...
 Maximum neutron transport energy: 20000000 eV for O17
 Initializing source particles...

 ====================>     K EIGENVALUE SIMULATION     <====================

  Bat./Gen.      k            Average k
  =========   ========   ====================
        1/1    1.29351
        2/1    1.25334
        3/1    1.25554
        4/1    1.25812
        5/1    1.25491
        6/1    1.33002
        7/1    1.29186
        8/1    1.26696
        9/1    1.18863
       10/1    1.25809
       11/1    1.27751
       12/1    1.25013
       13/1    1.26206
       14/1    1.32248
       15/1    1.24381
       16/1    1.27647
       17/1    1.27141
       18/1    1.28690
       19/1    1.31431
       20/1    1.28132
       21/1    1.28046
       22/1    1.26823
       23/1    1.28325
       24/1    1.28025
       25/1    1.29205
       26/1    1.29878
       27/1    1.30489
       28/1    1.26704
       29/1    1.26702
       30/1    1.29123
       31/1    1.31791
       32/1    1.32453
       33/1    1.30691
       34/1    1.25157
       35/1    1.28471
       36/1    1.20636
       37/1    1.29642
       38/1    1.27590
       39/1    1.25385
       40/1    1.20502
       41/1    1.23779
       42/1    1.32788
       43/1    1.26651
       44/1    1.24057
       45/1    1.29642
       46/1    1.30521
       47/1    1.26247
       48/1    1.31739
       49/1    1.23862
       50/1    1.28059
       51/1    1.25399
       52/1    1.33299    1.29349 +/- 0.03950
       53/1    1.29394    1.29364 +/- 0.02281
       54/1    1.22076    1.27542 +/- 0.02433
       55/1    1.23458    1.26725 +/- 0.02054
       56/1    1.28850    1.27079 +/- 0.01714
       57/1    1.25335    1.26830 +/- 0.01470
       58/1    1.27329    1.26893 +/- 0.01275
       59/1    1.26202    1.26816 +/- 0.01127
       60/1    1.27547    1.26889 +/- 0.01010
       61/1    1.18800    1.26154 +/- 0.01173
       62/1    1.28008    1.26308 +/- 0.01082
       63/1    1.23835    1.26118 +/- 0.01013
       64/1    1.23548    1.25934 +/- 0.00956
       65/1    1.28843    1.26128 +/- 0.00911
       66/1    1.25449    1.26086 +/- 0.00853
       67/1    1.22094    1.25851 +/- 0.00835
       68/1    1.25529    1.25833 +/- 0.00787
       69/1    1.26800    1.25884 +/- 0.00747
       70/1    1.28047    1.25992 +/- 0.00716
       71/1    1.26313    1.26007 +/- 0.00682
       72/1    1.22983    1.25870 +/- 0.00664
       73/1    1.27103    1.25924 +/- 0.00637
       74/1    1.27995    1.26010 +/- 0.00616
       75/1    1.24413    1.25946 +/- 0.00594
       76/1    1.30684    1.26128 +/- 0.00599
       77/1    1.25138    1.26091 +/- 0.00578
       78/1    1.26394    1.26102 +/- 0.00557
       79/1    1.28014    1.26168 +/- 0.00541
       80/1    1.27683    1.26219 +/- 0.00525
       81/1    1.25165    1.26185 +/- 0.00509
       82/1    1.27700    1.26232 +/- 0.00495
       83/1    1.26425    1.26238 +/- 0.00480
       84/1    1.28800    1.26313 +/- 0.00472
       85/1    1.31510    1.26462 +/- 0.00482
       86/1    1.36771    1.26748 +/- 0.00549
       87/1    1.29923    1.26834 +/- 0.00541
       88/1    1.25329    1.26794 +/- 0.00528
       89/1    1.23445    1.26708 +/- 0.00521
       90/1    1.26458    1.26702 +/- 0.00508
       91/1    1.31914    1.26829 +/- 0.00511
       92/1    1.29374    1.26890 +/- 0.00503
       93/1    1.26324    1.26877 +/- 0.00491
       94/1    1.30683    1.26963 +/- 0.00488
       95/1    1.30469    1.27041 +/- 0.00483
       96/1    1.28493    1.27073 +/- 0.00473
       97/1    1.31443    1.27166 +/- 0.00472
       98/1    1.35072    1.27330 +/- 0.00491
       99/1    1.25297    1.27289 +/- 0.00483
      100/1    1.31355    1.27370 +/- 0.00480
      101/1    1.32653    1.27474 +/- 0.00482
      102/1    1.28742    1.27498 +/- 0.00473
      103/1    1.31272    1.27569 +/- 0.00469
      104/1    1.30318    1.27620 +/- 0.00463
      105/1    1.28135    1.27630 +/- 0.00455
      106/1    1.31785    1.27704 +/- 0.00453
      107/1    1.34236    1.27818 +/- 0.00459
      108/1    1.30634    1.27867 +/- 0.00454
      109/1    1.32460    1.27945 +/- 0.00453
      110/1    1.26772    1.27925 +/- 0.00446
      111/1    1.28176    1.27929 +/- 0.00438
      112/1    1.32237    1.27999 +/- 0.00437
      113/1    1.31377    1.28053 +/- 0.00433
      114/1    1.25666    1.28015 +/- 0.00428
      115/1    1.31607    1.28071 +/- 0.00425
      116/1    1.23457    1.28001 +/- 0.00424
      117/1    1.26048    1.27971 +/- 0.00419
      118/1    1.28677    1.27982 +/- 0.00413
      119/1    1.27473    1.27974 +/- 0.00407
      120/1    1.32590    1.28040 +/- 0.00406
      121/1    1.31339    1.28087 +/- 0.00403
      122/1    1.30621    1.28122 +/- 0.00399
      123/1    1.34568    1.28210 +/- 0.00404
      124/1    1.27518    1.28201 +/- 0.00398
      125/1    1.27252    1.28188 +/- 0.00393
      126/1    1.30407    1.28218 +/- 0.00389
      127/1    1.25058    1.28177 +/- 0.00386
      128/1    1.31446    1.28218 +/- 0.00383
      129/1    1.28388    1.28221 +/- 0.00378
      130/1    1.28160    1.28220 +/- 0.00374
      131/1    1.22992    1.28155 +/- 0.00375
      132/1    1.30601    1.28185 +/- 0.00371
      133/1    1.25275    1.28150 +/- 0.00368
      134/1    1.31736    1.28193 +/- 0.00366
      135/1    1.30158    1.28216 +/- 0.00363
      136/1    1.34532    1.28289 +/- 0.00366
      137/1    1.31358    1.28325 +/- 0.00364
      138/1    1.28853    1.28331 +/- 0.00359
      139/1    1.29961    1.28349 +/- 0.00356
      140/1    1.23537    1.28295 +/- 0.00356
      141/1    1.28162    1.28294 +/- 0.00352
      142/1    1.27403    1.28284 +/- 0.00348
      143/1    1.31551    1.28319 +/- 0.00346
      144/1    1.25605    1.28291 +/- 0.00344
      145/1    1.21600    1.28220 +/- 0.00347
      146/1    1.35178    1.28293 +/- 0.00351
      147/1    1.22863    1.28237 +/- 0.00352
      148/1    1.25206    1.28206 +/- 0.00350
      149/1    1.24360    1.28167 +/- 0.00349
      150/1    1.28582    1.28171 +/- 0.00345
 Creating state point statepoint.150.h5...

 =======================>     TIMING STATISTICS     <=======================

 Total time for initialization     = 0.0000e+00 seconds
   Reading cross sections          = 0.0000e+00 seconds
 Total time in simulation          = 5.5403e+00 seconds
   Time in transport only          = 5.4723e+00 seconds
   Time in inactive batches        = 8.9150e-01 seconds
   Time in active batches          = 4.6488e+00 seconds
   Time synchronizing fission bank = 1.8266e-02 seconds
     Sampling source sites         = 1.5593e-02 seconds
     SEND/RECV source sites        = 2.4045e-03 seconds
   Time accumulating tallies       = 3.0169e-02 seconds
   Time writing statepoints        = 6.5766e-03 seconds
 Total time for finalization       = 1.9238e-02 seconds
 Total time elapsed                = 5.5713e+00 seconds
 Calculation Rate (inactive)       = 112170 particles/second
 Calculation Rate (active)         = 43022 particles/second

 ============================>     RESULTS     <============================

 k-effective (Collision)     = 1.27814 +/- 0.00294
 k-effective (Track-length)  = 1.28171 +/- 0.00345
 k-effective (Absorption)    = 1.27666 +/- 0.00225
 Combined k-effective        = 1.27758 +/- 0.00213
 Leakage Fraction            = 0.00011 +/- 0.00002

    Finished Solving OpenMC                                                              [[33m  5.57 s[39m] [[33m 1289 MB[39m]
Extracting OpenMC tallies...
[32m Solve Converged![39m

  Finished Solving                                                                       [[33m  5.62 s[39m] [[33m 1289 MB[39m]
[36msolid0: [39m
[36msolid0: [39mTime Step 11, time = 11, dt = 1
[36msolid0: [39m 0 Nonlinear |R| = [32m3.944560e+02[39m
[36msolid0: [39m      0 Linear |R| = [32m3.944560e+02[39m
[36msolid0: [39m      1 Linear |R| = [32m1.089035e+02[39m
[36msolid0: [39m      2 Linear |R| = [32m5.302362e+01[39m
[36msolid0: [39m      3 Linear |R| = [32m1.336121e+01[39m
[36msolid0: [39m      4 Linear |R| = [32m2.127895e+00[39m
[36msolid0: [39m      5 Linear |R| = [32m4.370557e-01[39m
[36msolid0: [39m      6 Linear |R| = [32m9.918540e-02[39m
[36msolid0: [39m      7 Linear |R| = [32m1.406108e-02[39m
[36msolid0: [39m      8 Linear |R| = [32m1.469404e-03[39m
[36msolid0: [39m 1 Nonlinear |R| = [32m8.980313e-03[39m
[36msolid0: [39m      0 Linear |R| = [32m8.980313e-03[39m
[36msolid0: [39m      1 Linear |R| = [32m4.038408e-04[39m
[36msolid0: [39m      2 Linear |R| = [32m9.480652e-05[39m
[36msolid0: [39m      3 Linear |R| = [32m5.074358e-05[39m
[36msolid0: [39m      4 Linear |R| = [32m1.643506e-05[39m
[36msolid0: [39m      5 Linear |R| = [32m3.682792e-06[39m
[36msolid0: [39m      6 Linear |R| = [32m6.933659e-07[39m
[36msolid0: [39m      7 Linear |R| = [32m1.130237e-07[39m
[36msolid0: [39m      8 Linear |R| = [32m2.380466e-08[39m
[36msolid0: [39m 2 Nonlinear |R| = [32m3.739152e-08[39m
[36msolid0: [39m[32m Solve Converged![39m
[36msolid0: [39m
[36msolid0: [39mFinished Solving                                                                 [[33m  7.59 s[39m] [[33m 1289 MB[39m]
[36msolid0: [39m
[36msolid0: [39mPostprocessor Values:
[36msolid0: [39m+----------------+----------------+---------------------------+----------------+----------------+----------------+----------------+
[36msolid0: [39m| time           | avg_fuel_T     | conduction_power_integral | max_T_wall_send| max_clad_T     | max_fuel_T     | min_T_wall_send|
[36msolid0: [39m+----------------+----------------+---------------------------+----------------+----------------+----------------+----------------+
[36msolid0: [39m|   0.000000e+00 |   0.000000e+00 |              0.000000e+00 |   0.000000e+00 |   0.000000e+00 |   0.000000e+00 |   0.000000e+00 |
[36msolid0: [39m|   1.000000e+00 |   3.883513e+02 |              8.549444e+05 |   5.599995e+02 |   5.580360e+02 |   5.631977e+02 |   5.599956e+02 |
[36msolid0: [39m|   2.000000e+00 |   6.636712e+02 |              8.549444e+05 |   6.409837e+02 |   6.746879e+02 |   9.544290e+02 |   5.986320e+02 |
[36msolid0: [39m|   3.000000e+00 |   8.596146e+02 |              8.549444e+05 |   6.399973e+02 |   7.036338e+02 |   1.336825e+03 |   6.056526e+02 |
[36msolid0: [39m|   4.000000e+00 |   1.005370e+03 |              8.549444e+05 |   6.411135e+02 |   7.175352e+02 |   1.650408e+03 |   6.065568e+02 |
[36msolid0: [39m|   5.000000e+00 |   1.115926e+03 |              8.549444e+05 |   6.410041e+02 |   7.288512e+02 |   1.909306e+03 |   6.070431e+02 |
[36msolid0: [39m|   6.000000e+00 |   1.200545e+03 |              8.549444e+05 |   6.409744e+02 |   7.374952e+02 |   2.100466e+03 |   6.067786e+02 |
[36msolid0: [39m|   7.000000e+00 |   1.265470e+03 |              8.549444e+05 |   6.403851e+02 |   7.442989e+02 |   2.248675e+03 |   6.073112e+02 |
[36msolid0: [39m|   8.000000e+00 |   1.315462e+03 |              8.549444e+05 |   6.402043e+02 |   7.506500e+02 |   2.365450e+03 |   6.070970e+02 |
[36msolid0: [39m|   9.000000e+00 |   1.353935e+03 |              8.549444e+05 |   6.400073e+02 |   7.535466e+02 |   2.455033e+03 |   6.070500e+02 |
[36msolid0: [39m|   1.000000e+01 |   1.383600e+03 |              8.549444e+05 |   6.400177e+02 |   7.571308e+02 |   2.526494e+03 |   6.068955e+02 |
[36msolid0: [39m|   1.100000e+01 |   1.406463e+03 |              8.549444e+05 |   6.397755e+02 |   7.597272e+02 |   2.582900e+03 |   6.067605e+02 |
[36msolid0: [39m+----------------+----------------+---------------------------+----------------+----------------+----------------+----------------+
[36msolid0: [39m
[36msolid0: [39m
[36msolid0: [39mPostprocessor Values:
[36msolid0: [39m+----------------+----------------+---------------------------+----------------+----------------+----------------+----------------+
[36msolid0: [39m| time           | avg_fuel_T     | conduction_power_integral | max_T_wall_send| max_clad_T     | max_fuel_T     | min_T_wall_send|
[36msolid0: [39m+----------------+----------------+---------------------------+----------------+----------------+----------------+----------------+
[36msolid0: [39m|   0.000000e+00 |   0.000000e+00 |              0.000000e+00 |   0.000000e+00 |   0.000000e+00 |   0.000000e+00 |   0.000000e+00 |
[36msolid0: [39m|   1.000000e+00 |   3.883513e+02 |              8.549444e+05 |   5.599995e+02 |   5.580360e+02 |   5.631977e+02 |   5.599956e+02 |
[36msolid0: [39m|   2.000000e+00 |   6.636712e+02 |              8.549444e+05 |   6.409837e+02 |   6.746879e+02 |   9.544290e+02 |   5.986320e+02 |
[36msolid0: [39m|   3.000000e+00 |   8.596146e+02 |              8.549444e+05 |   6.399973e+02 |   7.036338e+02 |   1.336825e+03 |   6.056526e+02 |
[36msolid0: [39m|   4.000000e+00 |   1.005370e+03 |              8.549444e+05 |   6.411135e+02 |   7.175352e+02 |   1.650408e+03 |   6.065568e+02 |
[36msolid0: [39m|   5.000000e+00 |   1.115926e+03 |              8.549444e+05 |   6.410041e+02 |   7.288512e+02 |   1.909306e+03 |   6.070431e+02 |
[36msolid0: [39m|   6.000000e+00 |   1.200545e+03 |              8.549444e+05 |   6.409744e+02 |   7.374952e+02 |   2.100466e+03 |   6.067786e+02 |
[36msolid0: [39m|   7.000000e+00 |   1.265470e+03 |              8.549444e+05 |   6.403851e+02 |   7.442989e+02 |   2.248675e+03 |   6.073112e+02 |
[36msolid0: [39m|   8.000000e+00 |   1.315462e+03 |              8.549444e+05 |   6.402043e+02 |   7.506500e+02 |   2.365450e+03 |   6.070970e+02 |
[36msolid0: [39m|   9.000000e+00 |   1.353935e+03 |              8.549444e+05 |   6.400073e+02 |   7.535466e+02 |   2.455033e+03 |   6.070500e+02 |
[36msolid0: [39m|   1.000000e+01 |   1.383600e+03 |              8.549444e+05 |   6.400177e+02 |   7.571308e+02 |   2.526494e+03 |   6.068955e+02 |
[36msolid0: [39m|   1.100000e+01 |   1.406463e+03 |              8.549444e+05 |   6.397755e+02 |   7.597272e+02 |   2.582900e+03 |   6.067605e+02 |
[36msolid0: [39m+----------------+----------------+---------------------------+----------------+----------------+----------------+----------------+
[36msolid0: [39m
    Finished Executing MultiApps                                                         [[33m  8.11 s[39m] [[33m 1289 MB[39m]
  Finished Executing MultiApps                                                           [[33m  8.11 s[39m] [[33m 1289 MB[39m]

Postprocessor Values:
+----------------+----------------+----------------+----------------+----------------+----------------+----------------+
| time           | avg_coolant_T  | avg_coolant_rho| k              | k_std_dev      | max_coolant_T  | max_coolant_rho|
+----------------+----------------+----------------+----------------+----------------+----------------+----------------+
|   0.000000e+00 |   0.000000e+00 |   0.000000e+00 |   0.000000e+00 |   0.000000e+00 |   0.000000e+00 |   0.000000e+00 |
|   1.000000e+00 |   5.599964e+02 |   7.524099e+02 |   1.355427e+00 |   1.883971e-03 |   5.599976e+02 |   7.524436e+02 |
|   2.000000e+00 |   5.825279e+02 |   7.054159e+02 |   1.322142e+00 |   2.256852e-03 |   5.945761e+02 |   7.496028e+02 |
|   3.000000e+00 |   5.851160e+02 |   6.987270e+02 |   1.300051e+00 |   2.274927e-03 |   6.006535e+02 |   7.494878e+02 |
|   4.000000e+00 |   5.852629e+02 |   6.982710e+02 |   1.292876e+00 |   1.892578e-03 |   6.013537e+02 |   7.495374e+02 |
|   5.000000e+00 |   5.851992e+02 |   6.983959e+02 |   1.287122e+00 |   2.111398e-03 |   6.014135e+02 |   7.496100e+02 |
|   6.000000e+00 |   5.852670e+02 |   6.982515e+02 |   1.282333e+00 |   2.154120e-03 |   6.013515e+02 |   7.495743e+02 |
|   7.000000e+00 |   5.851444e+02 |   6.985239e+02 |   1.283675e+00 |   2.033348e-03 |   6.014103e+02 |   7.496564e+02 |
|   8.000000e+00 |   5.851747e+02 |   6.984657e+02 |   1.281027e+00 |   2.306970e-03 |   6.013597e+02 |   7.496474e+02 |
|   9.000000e+00 |   5.851411e+02 |   6.985391e+02 |   1.282167e+00 |   1.929077e-03 |   6.013800e+02 |   7.496560e+02 |
|   1.000000e+01 |   5.852189e+02 |   6.983582e+02 |   1.279780e+00 |   2.008471e-03 |   6.013393e+02 |   7.496230e+02 |
|   1.100000e+01 |   5.852661e+02 |   6.982511e+02 |   1.277583e+00 |   2.132238e-03 |   6.013526e+02 |   7.495874e+02 |
+----------------+----------------+----------------+----------------+----------------+----------------+----------------+
+----------------+----------------+----------------+-----------------------+
| time           | min_coolant_T  | min_coolant_rho| openmc_power_integral |
+----------------+----------------+----------------+-----------------------+
|   0.000000e+00 |   0.000000e+00 |   0.000000e+00 |          0.000000e+00 |
|   1.000000e+00 |   5.599956e+02 |   7.523759e+02 |          8.549444e+05 |
|   2.000000e+00 |   5.615372e+02 |   6.770036e+02 |          8.549444e+05 |
|   3.000000e+00 |   5.615988e+02 |   6.598771e+02 |          8.549444e+05 |
|   4.000000e+00 |   5.615719e+02 |   6.577837e+02 |          8.549444e+05 |
|   5.000000e+00 |   5.615327e+02 |   6.576039e+02 |          8.549444e+05 |
|   6.000000e+00 |   5.615520e+02 |   6.577906e+02 |          8.549444e+05 |
|   7.000000e+00 |   5.615077e+02 |   6.576134e+02 |          8.549444e+05 |
|   8.000000e+00 |   5.615125e+02 |   6.577658e+02 |          8.549444e+05 |
|   9.000000e+00 |   5.615079e+02 |   6.577047e+02 |          8.549444e+05 |
|   1.000000e+01 |   5.615257e+02 |   6.578272e+02 |          8.549444e+05 |
|   1.100000e+01 |   5.615450e+02 |   6.577872e+02 |          8.549444e+05 |
+----------------+----------------+----------------+-----------------------+


Time Step 12, time = 12, dt = 1
[36msub_channel0: [39m
[36msub_channel0: [39mTime Step 0, time = 0
[36msub_channel0: [39m
[36msub_channel0: [39mTime Step 1, time = 1, dt = 1
[36msub_channel0: [39mExecuting subchannel solver
[36msub_channel0: [39mSolution initialized
[36msub_channel0: [39mSolving Outer Iteration : 1
[36msub_channel0: [39mSolving Block: 0 From first level: 1 to last level: 60
[36msub_channel0: [39mBlock: 0 - Enthalpy conservation matrix assembled
[36msub_channel0: [39mStart updating thermophysical properties.
[36msub_channel0: [39mDone updating thermophysical properties.
[36msub_channel0: [39mT_block_error: 7.59512e-05
[36msub_channel0: [39mBlock: 0 - Enthalpy conservation matrix assembled
[36msub_channel0: [39mStart updating thermophysical properties.
[36msub_channel0: [39mDone updating thermophysical properties.
[36msub_channel0: [39mT_block_error: 7.25355e-07
[36msub_channel0: [39mP_error :1.22486e-06
[36msub_channel0: [39mIteration:  1
[36msub_channel0: [39mMaximum iterations: 5
[36msub_channel0: [39mFinished executing subchannel solver
[36msub_channel0: [39mCommencing calculation of Pin surface temperature 
[36msub_channel0: [39m ======================================= 
[36msub_channel0: [39m ======== Subchannel Print Outs ======== 
[36msub_channel0: [39m ======================================= 
[36msub_channel0: [39mTotal flow area :0.000984685 m^2
[36msub_channel0: [39mAssembly hydraulic diameter :0.00943815 m
[36msub_channel0: [39mAssembly Re number :382270 [-]
[36msub_channel0: [39mBulk coolant temperature at outlet :599.802 K
[36msub_channel0: [39mPower added to coolant is : 848026 Watt
[36msub_channel0: [39mMass flow rate in is : 3.7418 kg/sec
[36msub_channel0: [39mMass balance is : -0.000217149 kg/sec
[36msub_channel0: [39mUser defined outlet pressure is : 1.57e+07 Pa
[36msub_channel0: [39m ======================================= 
[36msub_channel0: [39m[32m Solve Converged![39m
[36msub_channel0: [39m
[36msub_channel0_viz0: [39m
[36msub_channel0_viz0: [39mPostprocessor Values:
[36msub_channel0_viz0: [39m+----------------+----------------+----------------+----------------+
[36msub_channel0_viz0: [39m| time           | avg_coolant_T  | max_T_fluid    | min_T_fluid    |
[36msub_channel0_viz0: [39m+----------------+----------------+----------------+----------------+
[36msub_channel0_viz0: [39m|   0.000000e+00 |   5.846592e+02 |   6.014865e+02 |   5.603829e+02 |
[36msub_channel0_viz0: [39m+----------------+----------------+----------------+----------------+
[36msub_channel0_viz0: [39m
[36msub_channel0_viz0: [39m[32m Solve Converged![39m
[36msub_channel0_viz0: [39m
[36msub_channel0_viz0: [39m
[36msub_channel0_viz0: [39mPostprocessor Values:
[36msub_channel0_viz0: [39m+----------------+----------------+----------------+----------------+
[36msub_channel0_viz0: [39m| time           | avg_coolant_T  | max_T_fluid    | min_T_fluid    |
[36msub_channel0_viz0: [39m+----------------+----------------+----------------+----------------+
[36msub_channel0_viz0: [39m|   0.000000e+00 |   5.846592e+02 |   6.014865e+02 |   5.603829e+02 |
[36msub_channel0_viz0: [39m|   1.000000e+00 |   5.846123e+02 |   6.015195e+02 |   5.603787e+02 |
[36msub_channel0_viz0: [39m+----------------+----------------+----------------+----------------+
[36msub_channel0_viz0: [39m
Sending temperature to OpenMC cells... 
Setting cell id 13, instance 0 (of 9) [1 contained cells] to temperature (K): 1526.58
Setting cell id 13, instance 1 (of 9) [1 contained cells] to temperature (K): 1528.15
Setting cell id 13, instance 2 (of 9) [1 contained cells] to temperature (K): 1528.61
Setting cell id 13, instance 3 (of 9) [1 contained cells] to temperature (K): 1528.34
Setting cell id 13, instance 4 (of 9) [1 contained cells] to temperature (K): 1532.57
Setting cell id 13, instance 5 (of 9) [1 contained cells] to temperature (K): 1528.72
Setting cell id 13, instance 6 (of 9) [1 contained cells] to temperature (K): 1530.97
Setting cell id 13, instance 7 (of 9) [1 contained cells] to temperature (K): 1530.96
Setting cell id 13, instance 8 (of 9) [1 contained cells] to temperature (K): 1530.35
Setting cell id 14, instance 0 (of 9) [1 contained cells] to temperature (K): 723.706
Setting cell id 14, instance 1 (of 9) [1 contained cells] to temperature (K): 725.106
Setting cell id 14, instance 2 (of 9) [1 contained cells] to temperature (K): 723.978
Setting cell id 14, instance 3 (of 9) [1 contained cells] to temperature (K): 724.803
Setting cell id 14, instance 4 (of 9) [1 contained cells] to temperature (K): 726.719
Setting cell id 14, instance 5 (of 9) [1 contained cells] to temperature (K): 724.834
Setting cell id 14, instance 6 (of 9) [1 contained cells] to temperature (K): 724.374
Setting cell id 14, instance 7 (of 9) [1 contained cells] to temperature (K): 725.72
Setting cell id 14, instance 8 (of 9) [1 contained cells] to temperature (K): 725.083
Setting cell id 16, instance 0 (of 9) [1 contained cells] to temperature (K): 584.406
Setting cell id 16, instance 1 (of 9) [1 contained cells] to temperature (K): 585.533
Setting cell id 16, instance 2 (of 9) [1 contained cells] to temperature (K): 584.429
Setting cell id 16, instance 3 (of 9) [1 contained cells] to temperature (K): 585.538
Setting cell id 16, instance 4 (of 9) [1 contained cells] to temperature (K): 586.807
Setting cell id 16, instance 5 (of 9) [1 contained cells] to temperature (K): 585.58
Setting cell id 16, instance 6 (of 9) [1 contained cells] to temperature (K): 584.477
Setting cell id 16, instance 7 (of 9) [1 contained cells] to temperature (K): 585.627
Setting cell id 16, instance 8 (of 9) [1 contained cells] to temperature (K): 584.556
Sending density to OpenMC cells... 
Setting cell id 16, instance 0 (of 9) to density (kg/m3): 700.369
Setting cell id 16, instance 1 (of 9) to density (kg/m3): 697.588
Setting cell id 16, instance 2 (of 9) to density (kg/m3): 700.318
Setting cell id 16, instance 3 (of 9) to density (kg/m3): 697.57
Setting cell id 16, instance 4 (of 9) to density (kg/m3): 694.393
Setting cell id 16, instance 5 (of 9) to density (kg/m3): 697.47
Setting cell id 16, instance 6 (of 9) to density (kg/m3): 700.198
Setting cell id 16, instance 7 (of 9) to density (kg/m3): 697.356
Setting cell id 16, instance 8 (of 9) to density (kg/m3): 700.007
 Running OpenMC with 2000 particles per batch...
 Maximum neutron transport energy: 20000000 eV for O17
 Initializing source particles...

 ====================>     K EIGENVALUE SIMULATION     <====================

  Bat./Gen.      k            Average k
  =========   ========   ====================
        1/1    1.25607
        2/1    1.21703
        3/1    1.26418
        4/1    1.23611
        5/1    1.30455
        6/1    1.22050
        7/1    1.29707
        8/1    1.30314
        9/1    1.27980
       10/1    1.30630
       11/1    1.18043
       12/1    1.27837
       13/1    1.28740
       14/1    1.31511
       15/1    1.26717
       16/1    1.28792
       17/1    1.25999
       18/1    1.26031
       19/1    1.28095
       20/1    1.25636
       21/1    1.26724
       22/1    1.27771
       23/1    1.31493
       24/1    1.22383
       25/1    1.27766
       26/1    1.37337
       27/1    1.26681
       28/1    1.26709
       29/1    1.26552
       30/1    1.24214
       31/1    1.26499
       32/1    1.22774
       33/1    1.29232
       34/1    1.31116
       35/1    1.23992
       36/1    1.26701
       37/1    1.30135
       38/1    1.25970
       39/1    1.37818
       40/1    1.34783
       41/1    1.40437
       42/1    1.23583
       43/1    1.32774
       44/1    1.38181
       45/1    1.26129
       46/1    1.31204
       47/1    1.30388
       48/1    1.28680
       49/1    1.34089
       50/1    1.27224
       51/1    1.26651
       52/1    1.33709    1.30180 +/- 0.03529
       53/1    1.29451    1.29937 +/- 0.02052
       54/1    1.31196    1.30252 +/- 0.01485
       55/1    1.27252    1.29652 +/- 0.01297
       56/1    1.28819    1.29513 +/- 0.01068
       57/1    1.31963    1.29863 +/- 0.00968
       58/1    1.29293    1.29792 +/- 0.00841
       59/1    1.29189    1.29725 +/- 0.00745
       60/1    1.29217    1.29674 +/- 0.00668
       61/1    1.27006    1.29431 +/- 0.00651
       62/1    1.25478    1.29102 +/- 0.00680
       63/1    1.26071    1.28869 +/- 0.00667
       64/1    1.28097    1.28814 +/- 0.00620
       65/1    1.22412    1.28387 +/- 0.00718
       66/1    1.30205    1.28501 +/- 0.00681
       67/1    1.25217    1.28307 +/- 0.00668
       68/1    1.26602    1.28213 +/- 0.00637
       69/1    1.33354    1.28483 +/- 0.00661
       70/1    1.29930    1.28556 +/- 0.00631
       71/1    1.29936    1.28621 +/- 0.00604
       72/1    1.30539    1.28708 +/- 0.00582
       73/1    1.22761    1.28450 +/- 0.00614
       74/1    1.28638    1.28458 +/- 0.00587
       75/1    1.26920    1.28396 +/- 0.00567
       76/1    1.30500    1.28477 +/- 0.00551
       77/1    1.31493    1.28589 +/- 0.00541
       78/1    1.27163    1.28538 +/- 0.00524
       79/1    1.27310    1.28496 +/- 0.00508
       80/1    1.29501    1.28529 +/- 0.00492
       81/1    1.26310    1.28457 +/- 0.00481
       82/1    1.26489    1.28396 +/- 0.00470
       83/1    1.26573    1.28341 +/- 0.00458
       84/1    1.32819    1.28472 +/- 0.00464
       85/1    1.26767    1.28424 +/- 0.00453
       86/1    1.32573    1.28539 +/- 0.00455
       87/1    1.30524    1.28593 +/- 0.00446
       88/1    1.25332    1.28507 +/- 0.00442
       89/1    1.34291    1.28655 +/- 0.00456
       90/1    1.19764    1.28433 +/- 0.00497
       91/1    1.31358    1.28504 +/- 0.00490
       92/1    1.22407    1.28359 +/- 0.00499
       93/1    1.28403    1.28360 +/- 0.00488
       94/1    1.28390    1.28361 +/- 0.00476
       95/1    1.28392    1.28361 +/- 0.00466
       96/1    1.28807    1.28371 +/- 0.00456
       97/1    1.30516    1.28417 +/- 0.00448
       98/1    1.31182    1.28474 +/- 0.00442
       99/1    1.29232    1.28490 +/- 0.00434
      100/1    1.25700    1.28434 +/- 0.00428
      101/1    1.21086    1.28290 +/- 0.00444
      102/1    1.25979    1.28246 +/- 0.00438
      103/1    1.23636    1.28159 +/- 0.00438
      104/1    1.26997    1.28137 +/- 0.00430
      105/1    1.19815    1.27986 +/- 0.00449
      106/1    1.24101    1.27916 +/- 0.00446
      107/1    1.21455    1.27803 +/- 0.00453
      108/1    1.26506    1.27781 +/- 0.00445
      109/1    1.32342    1.27858 +/- 0.00444
      110/1    1.37227    1.28014 +/- 0.00464
      111/1    1.27225    1.28001 +/- 0.00457
      112/1    1.29516    1.28026 +/- 0.00450
      113/1    1.28680    1.28036 +/- 0.00443
      114/1    1.29832    1.28064 +/- 0.00437
      115/1    1.24213    1.28005 +/- 0.00434
      116/1    1.27813    1.28002 +/- 0.00427
      117/1    1.26516    1.27980 +/- 0.00422
      118/1    1.28420    1.27986 +/- 0.00415
      119/1    1.28519    1.27994 +/- 0.00409
      120/1    1.34182    1.28082 +/- 0.00413
      121/1    1.26309    1.28057 +/- 0.00408
      122/1    1.19512    1.27939 +/- 0.00419
      123/1    1.24516    1.27892 +/- 0.00416
      124/1    1.31388    1.27939 +/- 0.00413
      125/1    1.31616    1.27988 +/- 0.00411
      126/1    1.29442    1.28007 +/- 0.00406
      127/1    1.22336    1.27934 +/- 0.00407
      128/1    1.22705    1.27867 +/- 0.00407
      129/1    1.27927    1.27867 +/- 0.00402
      130/1    1.33616    1.27939 +/- 0.00404
      131/1    1.21466    1.27859 +/- 0.00407
      132/1    1.30252    1.27888 +/- 0.00403
      133/1    1.37323    1.28002 +/- 0.00414
      134/1    1.28192    1.28004 +/- 0.00409
      135/1    1.24763    1.27966 +/- 0.00406
      136/1    1.25971    1.27943 +/- 0.00402
      137/1    1.24900    1.27908 +/- 0.00398
      138/1    1.25340    1.27879 +/- 0.00395
      139/1    1.24490    1.27841 +/- 0.00392
      140/1    1.28491    1.27848 +/- 0.00388
      141/1    1.25766    1.27825 +/- 0.00384
      142/1    1.32533    1.27876 +/- 0.00384
      143/1    1.29243    1.27891 +/- 0.00380
      144/1    1.26248    1.27873 +/- 0.00376
      145/1    1.26885    1.27863 +/- 0.00372
      146/1    1.23885    1.27822 +/- 0.00371
      147/1    1.29885    1.27843 +/- 0.00368
      148/1    1.32480    1.27890 +/- 0.00367
      149/1    1.31775    1.27929 +/- 0.00365
      150/1    1.25656    1.27907 +/- 0.00362
 Creating state point statepoint.150.h5...

 =======================>     TIMING STATISTICS     <=======================

 Total time for initialization     = 0.0000e+00 seconds
   Reading cross sections          = 0.0000e+00 seconds
 Total time in simulation          = 5.4678e+00 seconds
   Time in transport only          = 5.4057e+00 seconds
   Time in inactive batches        = 8.5962e-01 seconds
   Time in active batches          = 4.6082e+00 seconds
   Time synchronizing fission bank = 1.6356e-02 seconds
     Sampling source sites         = 1.3671e-02 seconds
     SEND/RECV source sites        = 2.4389e-03 seconds
   Time accumulating tallies       = 2.8966e-02 seconds
   Time writing statepoints        = 5.3100e-03 seconds
 Total time for finalization       = 2.4409e-02 seconds
 Total time elapsed                = 5.5041e+00 seconds
 Calculation Rate (inactive)       = 116331 particles/second
 Calculation Rate (active)         = 43401.1 particles/second

 ============================>     RESULTS     <============================

 k-effective (Collision)     = 1.27709 +/- 0.00286
 k-effective (Track-length)  = 1.27907 +/- 0.00362
 k-effective (Absorption)    = 1.27388 +/- 0.00203
 Combined k-effective        = 1.27476 +/- 0.00194
 Leakage Fraction            = 0.00018 +/- 0.00003

    Finished Solving OpenMC                                                              [[33m  5.50 s[39m] [[33m 1302 MB[39m]
Extracting OpenMC tallies...
[32m Solve Converged![39m

  Finished Solving                                                                       [[33m  5.55 s[39m] [[33m 1302 MB[39m]
[36msolid0: [39m
[36msolid0: [39mTime Step 12, time = 12, dt = 1
[36msolid0: [39m 0 Nonlinear |R| = [32m3.065147e+02[39m
[36msolid0: [39m      0 Linear |R| = [32m3.065147e+02[39m
[36msolid0: [39m      1 Linear |R| = [32m8.420568e+01[39m
[36msolid0: [39m      2 Linear |R| = [32m4.094529e+01[39m
[36msolid0: [39m      3 Linear |R| = [32m1.037233e+01[39m
[36msolid0: [39m      4 Linear |R| = [32m1.667426e+00[39m
[36msolid0: [39m      5 Linear |R| = [32m3.414175e-01[39m
[36msolid0: [39m      6 Linear |R| = [32m7.863190e-02[39m
[36msolid0: [39m      7 Linear |R| = [32m1.121833e-02[39m
[36msolid0: [39m      8 Linear |R| = [32m1.165987e-03[39m
[36msolid0: [39m 1 Nonlinear |R| = [32m6.839814e-03[39m
[36msolid0: [39m      0 Linear |R| = [32m6.839814e-03[39m
[36msolid0: [39m      1 Linear |R| = [32m3.108316e-04[39m
[36msolid0: [39m      2 Linear |R| = [32m8.003374e-05[39m
[36msolid0: [39m      3 Linear |R| = [32m4.356169e-05[39m
[36msolid0: [39m      4 Linear |R| = [32m1.292440e-05[39m
[36msolid0: [39m      5 Linear |R| = [32m2.806639e-06[39m
[36msolid0: [39m      6 Linear |R| = [32m5.380622e-07[39m
[36msolid0: [39m      7 Linear |R| = [32m8.739860e-08[39m
[36msolid0: [39m      8 Linear |R| = [32m1.900573e-08[39m
[36msolid0: [39m 2 Nonlinear |R| = [32m2.919421e-08[39m
[36msolid0: [39m[32m Solve Converged![39m
[36msolid0: [39m
[36msolid0: [39mFinished Solving                                                                 [[33m  7.60 s[39m] [[33m 1321 MB[39m]
[36msolid0: [39m
[36msolid0: [39mPostprocessor Values:
[36msolid0: [39m+----------------+----------------+---------------------------+----------------+----------------+----------------+----------------+
[36msolid0: [39m| time           | avg_fuel_T     | conduction_power_integral | max_T_wall_send| max_clad_T     | max_fuel_T     | min_T_wall_send|
[36msolid0: [39m+----------------+----------------+---------------------------+----------------+----------------+----------------+----------------+
[36msolid0: [39m|   0.000000e+00 |   0.000000e+00 |              0.000000e+00 |   0.000000e+00 |   0.000000e+00 |   0.000000e+00 |   0.000000e+00 |
[36msolid0: [39m|   1.000000e+00 |   3.883513e+02 |              8.549444e+05 |   5.599995e+02 |   5.580360e+02 |   5.631977e+02 |   5.599956e+02 |
[36msolid0: [39m|   2.000000e+00 |   6.636712e+02 |              8.549444e+05 |   6.409837e+02 |   6.746879e+02 |   9.544290e+02 |   5.986320e+02 |
[36msolid0: [39m|   3.000000e+00 |   8.596146e+02 |              8.549444e+05 |   6.399973e+02 |   7.036338e+02 |   1.336825e+03 |   6.056526e+02 |
[36msolid0: [39m|   4.000000e+00 |   1.005370e+03 |              8.549444e+05 |   6.411135e+02 |   7.175352e+02 |   1.650408e+03 |   6.065568e+02 |
[36msolid0: [39m|   5.000000e+00 |   1.115926e+03 |              8.549444e+05 |   6.410041e+02 |   7.288512e+02 |   1.909306e+03 |   6.070431e+02 |
[36msolid0: [39m|   6.000000e+00 |   1.200545e+03 |              8.549444e+05 |   6.409744e+02 |   7.374952e+02 |   2.100466e+03 |   6.067786e+02 |
[36msolid0: [39m|   7.000000e+00 |   1.265470e+03 |              8.549444e+05 |   6.403851e+02 |   7.442989e+02 |   2.248675e+03 |   6.073112e+02 |
[36msolid0: [39m|   8.000000e+00 |   1.315462e+03 |              8.549444e+05 |   6.402043e+02 |   7.506500e+02 |   2.365450e+03 |   6.070970e+02 |
[36msolid0: [39m|   9.000000e+00 |   1.353935e+03 |              8.549444e+05 |   6.400073e+02 |   7.535466e+02 |   2.455033e+03 |   6.070500e+02 |
[36msolid0: [39m|   1.000000e+01 |   1.383600e+03 |              8.549444e+05 |   6.400177e+02 |   7.571308e+02 |   2.526494e+03 |   6.068955e+02 |
[36msolid0: [39m|   1.100000e+01 |   1.406463e+03 |              8.549444e+05 |   6.397755e+02 |   7.597272e+02 |   2.582900e+03 |   6.067605e+02 |
[36msolid0: [39m|   1.200000e+01 |   1.424070e+03 |              8.549444e+05 |   6.393915e+02 |   7.613982e+02 |   2.629024e+03 |   6.069612e+02 |
[36msolid0: [39m+----------------+----------------+---------------------------+----------------+----------------+----------------+----------------+
[36msolid0: [39m
[36msolid0: [39m
[36msolid0: [39mPostprocessor Values:
[36msolid0: [39m+----------------+----------------+---------------------------+----------------+----------------+----------------+----------------+
[36msolid0: [39m| time           | avg_fuel_T     | conduction_power_integral | max_T_wall_send| max_clad_T     | max_fuel_T     | min_T_wall_send|
[36msolid0: [39m+----------------+----------------+---------------------------+----------------+----------------+----------------+----------------+
[36msolid0: [39m|   0.000000e+00 |   0.000000e+00 |              0.000000e+00 |   0.000000e+00 |   0.000000e+00 |   0.000000e+00 |   0.000000e+00 |
[36msolid0: [39m|   1.000000e+00 |   3.883513e+02 |              8.549444e+05 |   5.599995e+02 |   5.580360e+02 |   5.631977e+02 |   5.599956e+02 |
[36msolid0: [39m|   2.000000e+00 |   6.636712e+02 |              8.549444e+05 |   6.409837e+02 |   6.746879e+02 |   9.544290e+02 |   5.986320e+02 |
[36msolid0: [39m|   3.000000e+00 |   8.596146e+02 |              8.549444e+05 |   6.399973e+02 |   7.036338e+02 |   1.336825e+03 |   6.056526e+02 |
[36msolid0: [39m|   4.000000e+00 |   1.005370e+03 |              8.549444e+05 |   6.411135e+02 |   7.175352e+02 |   1.650408e+03 |   6.065568e+02 |
[36msolid0: [39m|   5.000000e+00 |   1.115926e+03 |              8.549444e+05 |   6.410041e+02 |   7.288512e+02 |   1.909306e+03 |   6.070431e+02 |
[36msolid0: [39m|   6.000000e+00 |   1.200545e+03 |              8.549444e+05 |   6.409744e+02 |   7.374952e+02 |   2.100466e+03 |   6.067786e+02 |
[36msolid0: [39m|   7.000000e+00 |   1.265470e+03 |              8.549444e+05 |   6.403851e+02 |   7.442989e+02 |   2.248675e+03 |   6.073112e+02 |
[36msolid0: [39m|   8.000000e+00 |   1.315462e+03 |              8.549444e+05 |   6.402043e+02 |   7.506500e+02 |   2.365450e+03 |   6.070970e+02 |
[36msolid0: [39m|   9.000000e+00 |   1.353935e+03 |              8.549444e+05 |   6.400073e+02 |   7.535466e+02 |   2.455033e+03 |   6.070500e+02 |
[36msolid0: [39m|   1.000000e+01 |   1.383600e+03 |              8.549444e+05 |   6.400177e+02 |   7.571308e+02 |   2.526494e+03 |   6.068955e+02 |
[36msolid0: [39m|   1.100000e+01 |   1.406463e+03 |              8.549444e+05 |   6.397755e+02 |   7.597272e+02 |   2.582900e+03 |   6.067605e+02 |
[36msolid0: [39m|   1.200000e+01 |   1.424070e+03 |              8.549444e+05 |   6.393915e+02 |   7.613982e+02 |   2.629024e+03 |   6.069612e+02 |
[36msolid0: [39m+----------------+----------------+---------------------------+----------------+----------------+----------------+----------------+
[36msolid0: [39m
    Finished Executing MultiApps                                                         [[33m  8.15 s[39m] [[33m 1321 MB[39m]
  Finished Executing MultiApps                                                           [[33m  8.15 s[39m] [[33m 1321 MB[39m]

Postprocessor Values:
+----------------+----------------+----------------+----------------+----------------+----------------+----------------+
| time           | avg_coolant_T  | avg_coolant_rho| k              | k_std_dev      | max_coolant_T  | max_coolant_rho|
+----------------+----------------+----------------+----------------+----------------+----------------+----------------+
|   0.000000e+00 |   0.000000e+00 |   0.000000e+00 |   0.000000e+00 |   0.000000e+00 |   0.000000e+00 |   0.000000e+00 |
|   1.000000e+00 |   5.599964e+02 |   7.524099e+02 |   1.355427e+00 |   1.883971e-03 |   5.599976e+02 |   7.524436e+02 |
|   2.000000e+00 |   5.825279e+02 |   7.054159e+02 |   1.322142e+00 |   2.256852e-03 |   5.945761e+02 |   7.496028e+02 |
|   3.000000e+00 |   5.851160e+02 |   6.987270e+02 |   1.300051e+00 |   2.274927e-03 |   6.006535e+02 |   7.494878e+02 |
|   4.000000e+00 |   5.852629e+02 |   6.982710e+02 |   1.292876e+00 |   1.892578e-03 |   6.013537e+02 |   7.495374e+02 |
|   5.000000e+00 |   5.851992e+02 |   6.983959e+02 |   1.287122e+00 |   2.111398e-03 |   6.014135e+02 |   7.496100e+02 |
|   6.000000e+00 |   5.852670e+02 |   6.982515e+02 |   1.282333e+00 |   2.154120e-03 |   6.013515e+02 |   7.495743e+02 |
|   7.000000e+00 |   5.851444e+02 |   6.985239e+02 |   1.283675e+00 |   2.033348e-03 |   6.014103e+02 |   7.496564e+02 |
|   8.000000e+00 |   5.851747e+02 |   6.984657e+02 |   1.281027e+00 |   2.306970e-03 |   6.013597e+02 |   7.496474e+02 |
|   9.000000e+00 |   5.851411e+02 |   6.985391e+02 |   1.282167e+00 |   1.929077e-03 |   6.013800e+02 |   7.496560e+02 |
|   1.000000e+01 |   5.852189e+02 |   6.983582e+02 |   1.279780e+00 |   2.008471e-03 |   6.013393e+02 |   7.496230e+02 |
|   1.100000e+01 |   5.852661e+02 |   6.982511e+02 |   1.277583e+00 |   2.132238e-03 |   6.013526e+02 |   7.495874e+02 |
|   1.200000e+01 |   5.852170e+02 |   6.983632e+02 |   1.274756e+00 |   1.935365e-03 |   6.013825e+02 |   7.496185e+02 |
+----------------+----------------+----------------+----------------+----------------+----------------+----------------+
+----------------+----------------+----------------+-----------------------+
| time           | min_coolant_T  | min_coolant_rho| openmc_power_integral |
+----------------+----------------+----------------+-----------------------+
|   0.000000e+00 |   0.000000e+00 |   0.000000e+00 |          0.000000e+00 |
|   1.000000e+00 |   5.599956e+02 |   7.523759e+02 |          8.549444e+05 |
|   2.000000e+00 |   5.615372e+02 |   6.770036e+02 |          8.549444e+05 |
|   3.000000e+00 |   5.615988e+02 |   6.598771e+02 |          8.549444e+05 |
|   4.000000e+00 |   5.615719e+02 |   6.577837e+02 |          8.549444e+05 |
|   5.000000e+00 |   5.615327e+02 |   6.576039e+02 |          8.549444e+05 |
|   6.000000e+00 |   5.615520e+02 |   6.577906e+02 |          8.549444e+05 |
|   7.000000e+00 |   5.615077e+02 |   6.576134e+02 |          8.549444e+05 |
|   8.000000e+00 |   5.615125e+02 |   6.577658e+02 |          8.549444e+05 |
|   9.000000e+00 |   5.615079e+02 |   6.577047e+02 |          8.549444e+05 |
|   1.000000e+01 |   5.615257e+02 |   6.578272e+02 |          8.549444e+05 |
|   1.100000e+01 |   5.615450e+02 |   6.577872e+02 |          8.549444e+05 |
|   1.200000e+01 |   5.615282e+02 |   6.576971e+02 |          8.549444e+05 |
+----------------+----------------+----------------+-----------------------+


Time Step 13, time = 13, dt = 1
[36msub_channel0: [39m
[36msub_channel0: [39mTime Step 0, time = 0
[36msub_channel0: [39m
[36msub_channel0: [39mTime Step 1, time = 1, dt = 1
[36msub_channel0: [39mExecuting subchannel solver
[36msub_channel0: [39mSolution initialized
[36msub_channel0: [39mSolving Outer Iteration : 1
[36msub_channel0: [39mSolving Block: 0 From first level: 1 to last level: 60
[36msub_channel0: [39mBlock: 0 - Enthalpy conservation matrix assembled
[36msub_channel0: [39mStart updating thermophysical properties.
[36msub_channel0: [39mDone updating thermophysical properties.
[36msub_channel0: [39mT_block_error: 1.00612e-05
[36msub_channel0: [39mBlock: 0 - Enthalpy conservation matrix assembled
[36msub_channel0: [39mStart updating thermophysical properties.
[36msub_channel0: [39mDone updating thermophysical properties.
[36msub_channel0: [39mT_block_error: 3.23163e-08
[36msub_channel0: [39mP_error :3.44801e-06
[36msub_channel0: [39mIteration:  1
[36msub_channel0: [39mMaximum iterations: 5
[36msub_channel0: [39mFinished executing subchannel solver
[36msub_channel0: [39mCommencing calculation of Pin surface temperature 
[36msub_channel0: [39m ======================================= 
[36msub_channel0: [39m ======== Subchannel Print Outs ======== 
[36msub_channel0: [39m ======================================= 
[36msub_channel0: [39mTotal flow area :0.000984685 m^2
[36msub_channel0: [39mAssembly hydraulic diameter :0.00943815 m
[36msub_channel0: [39mAssembly Re number :382270 [-]
[36msub_channel0: [39mBulk coolant temperature at outlet :599.788 K
[36msub_channel0: [39mPower added to coolant is : 847939 Watt
[36msub_channel0: [39mMass flow rate in is : 3.7418 kg/sec
[36msub_channel0: [39mMass balance is : -4.60836e-05 kg/sec
[36msub_channel0: [39mUser defined outlet pressure is : 1.57e+07 Pa
[36msub_channel0: [39m ======================================= 
[36msub_channel0: [39m[32m Solve Converged![39m
[36msub_channel0: [39m
[36msub_channel0_viz0: [39m
[36msub_channel0_viz0: [39mPostprocessor Values:
[36msub_channel0_viz0: [39m+----------------+----------------+----------------+----------------+
[36msub_channel0_viz0: [39m| time           | avg_coolant_T  | max_T_fluid    | min_T_fluid    |
[36msub_channel0_viz0: [39m+----------------+----------------+----------------+----------------+
[36msub_channel0_viz0: [39m|   0.000000e+00 |   5.846123e+02 |   6.015195e+02 |   5.603787e+02 |
[36msub_channel0_viz0: [39m+----------------+----------------+----------------+----------------+
[36msub_channel0_viz0: [39m
[36msub_channel0_viz0: [39m[32m Solve Converged![39m
[36msub_channel0_viz0: [39m
[36msub_channel0_viz0: [39m
[36msub_channel0_viz0: [39mPostprocessor Values:
[36msub_channel0_viz0: [39m+----------------+----------------+----------------+----------------+
[36msub_channel0_viz0: [39m| time           | avg_coolant_T  | max_T_fluid    | min_T_fluid    |
[36msub_channel0_viz0: [39m+----------------+----------------+----------------+----------------+
[36msub_channel0_viz0: [39m|   0.000000e+00 |   5.846123e+02 |   6.015195e+02 |   5.603787e+02 |
[36msub_channel0_viz0: [39m|   1.000000e+00 |   5.846058e+02 |   6.015075e+02 |   5.603784e+02 |
[36msub_channel0_viz0: [39m+----------------+----------------+----------------+----------------+
[36msub_channel0_viz0: [39m
Sending temperature to OpenMC cells... 
Setting cell id 13, instance 0 (of 9) [1 contained cells] to temperature (K): 1546.73
Setting cell id 13, instance 1 (of 9) [1 contained cells] to temperature (K): 1548.14
Setting cell id 13, instance 2 (of 9) [1 contained cells] to temperature (K): 1548.86
Setting cell id 13, instance 3 (of 9) [1 contained cells] to temperature (K): 1548.51
Setting cell id 13, instance 4 (of 9) [1 contained cells] to temperature (K): 1551.89
Setting cell id 13, instance 5 (of 9) [1 contained cells] to temperature (K): 1548.76
Setting cell id 13, instance 6 (of 9) [1 contained cells] to temperature (K): 1551.05
Setting cell id 13, instance 7 (of 9) [1 contained cells] to temperature (K): 1551.38
Setting cell id 13, instance 8 (of 9) [1 contained cells] to temperature (K): 1551
Setting cell id 14, instance 0 (of 9) [1 contained cells] to temperature (K): 725.456
Setting cell id 14, instance 1 (of 9) [1 contained cells] to temperature (K): 726.828
Setting cell id 14, instance 2 (of 9) [1 contained cells] to temperature (K): 725.781
Setting cell id 14, instance 3 (of 9) [1 contained cells] to temperature (K): 726.538
Setting cell id 14, instance 4 (of 9) [1 contained cells] to temperature (K): 728.239
Setting cell id 14, instance 5 (of 9) [1 contained cells] to temperature (K): 726.596
Setting cell id 14, instance 6 (of 9) [1 contained cells] to temperature (K): 726.087
Setting cell id 14, instance 7 (of 9) [1 contained cells] to temperature (K): 727.441
Setting cell id 14, instance 8 (of 9) [1 contained cells] to temperature (K): 726.891
Setting cell id 16, instance 0 (of 9) [1 contained cells] to temperature (K): 584.394
Setting cell id 16, instance 1 (of 9) [1 contained cells] to temperature (K): 585.521
Setting cell id 16, instance 2 (of 9) [1 contained cells] to temperature (K): 584.43
Setting cell id 16, instance 3 (of 9) [1 contained cells] to temperature (K): 585.525
Setting cell id 16, instance 4 (of 9) [1 contained cells] to temperature (K): 586.795
Setting cell id 16, instance 5 (of 9) [1 contained cells] to temperature (K): 585.581
Setting cell id 16, instance 6 (of 9) [1 contained cells] to temperature (K): 584.465
Setting cell id 16, instance 7 (of 9) [1 contained cells] to temperature (K): 585.62
Setting cell id 16, instance 8 (of 9) [1 contained cells] to temperature (K): 584.556
Sending density to OpenMC cells... 
Setting cell id 16, instance 0 (of 9) to density (kg/m3): 700.4
Setting cell id 16, instance 1 (of 9) to density (kg/m3): 697.619
Setting cell id 16, instance 2 (of 9) to density (kg/m3): 700.318
Setting cell id 16, instance 3 (of 9) to density (kg/m3): 697.606
Setting cell id 16, instance 4 (of 9) to density (kg/m3): 694.424
Setting cell id 16, instance 5 (of 9) to density (kg/m3): 697.472
Setting cell id 16, instance 6 (of 9) to density (kg/m3): 700.23
Setting cell id 16, instance 7 (of 9) to density (kg/m3): 697.374
Setting cell id 16, instance 8 (of 9) to density (kg/m3): 700.008
 Running OpenMC with 2000 particles per batch...
 Maximum neutron transport energy: 20000000 eV for O17
 Initializing source particles...

 ====================>     K EIGENVALUE SIMULATION     <====================

  Bat./Gen.      k            Average k
  =========   ========   ====================
        1/1    1.19904
        2/1    1.22450
        3/1    1.27089
        4/1    1.27789
        5/1    1.28953
        6/1    1.28582
        7/1    1.21508
        8/1    1.26366
        9/1    1.23062
       10/1    1.24780
       11/1    1.27735
       12/1    1.23785
       13/1    1.21708
       14/1    1.30183
       15/1    1.27248
       16/1    1.25873
       17/1    1.26975
       18/1    1.26281
       19/1    1.26122
       20/1    1.29263
       21/1    1.29977
       22/1    1.26424
       23/1    1.25287
       24/1    1.28333
       25/1    1.24585
       26/1    1.23739
       27/1    1.25235
       28/1    1.20987
       29/1    1.31559
       30/1    1.26786
       31/1    1.22900
       32/1    1.31144
       33/1    1.28595
       34/1    1.32143
       35/1    1.27359
       36/1    1.29114
       37/1    1.29670
       38/1    1.26006
       39/1    1.26760
       40/1    1.23444
       41/1    1.27765
       42/1    1.30317
       43/1    1.35052
       44/1    1.24475
       45/1    1.23328
       46/1    1.35465
       47/1    1.24945
       48/1    1.27730
       49/1    1.23823
       50/1    1.28956
       51/1    1.31802
       52/1    1.33293    1.32547 +/- 0.00745
       53/1    1.30780    1.31958 +/- 0.00729
       54/1    1.26498    1.30593 +/- 0.01459
       55/1    1.23507    1.29176 +/- 0.01813
       56/1    1.20583    1.27744 +/- 0.02060
       57/1    1.24154    1.27231 +/- 0.01815
       58/1    1.32028    1.27831 +/- 0.01682
       59/1    1.29780    1.28047 +/- 0.01499
       60/1    1.25538    1.27796 +/- 0.01364
       61/1    1.23269    1.27385 +/- 0.01301
       62/1    1.35454    1.28057 +/- 0.01365
       63/1    1.24593    1.27791 +/- 0.01283
       64/1    1.26380    1.27690 +/- 0.01192
       65/1    1.24741    1.27493 +/- 0.01127
       66/1    1.25970    1.27398 +/- 0.01059
       67/1    1.34192    1.27798 +/- 0.01072
       68/1    1.29684    1.27903 +/- 0.01016
       69/1    1.25797    1.27792 +/- 0.00967
       70/1    1.33551    1.28080 +/- 0.00962
       71/1    1.27452    1.28050 +/- 0.00915
       72/1    1.19211    1.27648 +/- 0.00961
       73/1    1.24176    1.27497 +/- 0.00930
       74/1    1.31360    1.27658 +/- 0.00905
       75/1    1.29090    1.27715 +/- 0.00870
       76/1    1.26429    1.27666 +/- 0.00837
       77/1    1.27099    1.27645 +/- 0.00806
       78/1    1.28711    1.27683 +/- 0.00778
       79/1    1.26530    1.27643 +/- 0.00751
       80/1    1.28219    1.27662 +/- 0.00726
       81/1    1.24749    1.27568 +/- 0.00709
       82/1    1.26672    1.27540 +/- 0.00687
       83/1    1.29477    1.27599 +/- 0.00668
       84/1    1.23070    1.27466 +/- 0.00662
       85/1    1.22381    1.27321 +/- 0.00659
       86/1    1.29519    1.27382 +/- 0.00643
       87/1    1.32983    1.27533 +/- 0.00644
       88/1    1.27845    1.27541 +/- 0.00626
       89/1    1.23989    1.27450 +/- 0.00617
       90/1    1.32963    1.27588 +/- 0.00617
       91/1    1.26608    1.27564 +/- 0.00602
       92/1    1.28865    1.27595 +/- 0.00588
       93/1    1.27471    1.27592 +/- 0.00575
       94/1    1.30631    1.27661 +/- 0.00566
       95/1    1.34367    1.27810 +/- 0.00573
       96/1    1.30633    1.27872 +/- 0.00563
       97/1    1.27829    1.27871 +/- 0.00551
       98/1    1.23625    1.27782 +/- 0.00547
       99/1    1.32337    1.27875 +/- 0.00544
      100/1    1.26531    1.27848 +/- 0.00533
      101/1    1.28777    1.27867 +/- 0.00523
      102/1    1.30639    1.27920 +/- 0.00516
      103/1    1.30118    1.27961 +/- 0.00508
      104/1    1.23093    1.27871 +/- 0.00506
      105/1    1.25727    1.27832 +/- 0.00498
      106/1    1.26154    1.27802 +/- 0.00490
      107/1    1.28625    1.27817 +/- 0.00482
      108/1    1.26642    1.27796 +/- 0.00474
      109/1    1.26477    1.27774 +/- 0.00466
      110/1    1.29564    1.27804 +/- 0.00460
      111/1    1.26152    1.27777 +/- 0.00453
      112/1    1.34226    1.27881 +/- 0.00457
      113/1    1.34987    1.27994 +/- 0.00464
      114/1    1.25333    1.27952 +/- 0.00459
      115/1    1.27148    1.27940 +/- 0.00452
      116/1    1.25727    1.27906 +/- 0.00446
      117/1    1.24119    1.27850 +/- 0.00443
      118/1    1.26027    1.27823 +/- 0.00437
      119/1    1.28140    1.27827 +/- 0.00431
      120/1    1.33440    1.27908 +/- 0.00432
      121/1    1.30402    1.27943 +/- 0.00427
      122/1    1.29981    1.27971 +/- 0.00422
      123/1    1.24366    1.27922 +/- 0.00419
      124/1    1.28012    1.27923 +/- 0.00414
      125/1    1.19032    1.27804 +/- 0.00425
      126/1    1.24859    1.27766 +/- 0.00421
      127/1    1.26314    1.27747 +/- 0.00416
      128/1    1.31406    1.27794 +/- 0.00413
      129/1    1.27326    1.27788 +/- 0.00408
      130/1    1.25045    1.27753 +/- 0.00405
      131/1    1.26415    1.27737 +/- 0.00400
      132/1    1.25834    1.27714 +/- 0.00396
      133/1    1.31872    1.27764 +/- 0.00394
      134/1    1.25172    1.27733 +/- 0.00391
      135/1    1.29071    1.27749 +/- 0.00386
      136/1    1.23704    1.27702 +/- 0.00385
      137/1    1.30553    1.27734 +/- 0.00382
      138/1    1.29490    1.27754 +/- 0.00378
      139/1    1.24336    1.27716 +/- 0.00375
      140/1    1.27636    1.27715 +/- 0.00371
      141/1    1.24629    1.27681 +/- 0.00369
      142/1    1.28917    1.27695 +/- 0.00365
      143/1    1.30403    1.27724 +/- 0.00362
      144/1    1.23902    1.27683 +/- 0.00361
      145/1    1.31057    1.27719 +/- 0.00359
      146/1    1.29364    1.27736 +/- 0.00355
      147/1    1.26765    1.27726 +/- 0.00352
      148/1    1.27590    1.27724 +/- 0.00348
      149/1    1.31374    1.27761 +/- 0.00346
      150/1    1.27150    1.27755 +/- 0.00343
 Creating state point statepoint.150.h5...

 =======================>     TIMING STATISTICS     <=======================

 Total time for initialization     = 0.0000e+00 seconds
   Reading cross sections          = 0.0000e+00 seconds
 Total time in simulation          = 5.4696e+00 seconds
   Time in transport only          = 5.4074e+00 seconds
   Time in inactive batches        = 8.6040e-01 seconds
   Time in active batches          = 4.6092e+00 seconds
   Time synchronizing fission bank = 1.6313e-02 seconds
     Sampling source sites         = 1.3885e-02 seconds
     SEND/RECV source sites        = 2.1701e-03 seconds
   Time accumulating tallies       = 2.8909e-02 seconds
   Time writing statepoints        = 5.2128e-03 seconds
 Total time for finalization       = 2.9692e-02 seconds
 Total time elapsed                = 5.5111e+00 seconds
 Calculation Rate (inactive)       = 116225 particles/second
 Calculation Rate (active)         = 43391.6 particles/second

 ============================>     RESULTS     <============================

 k-effective (Collision)     = 1.27617 +/- 0.00291
 k-effective (Track-length)  = 1.27755 +/- 0.00343
 k-effective (Absorption)    = 1.27810 +/- 0.00215
 Combined k-effective        = 1.27785 +/- 0.00203
 Leakage Fraction            = 0.00019 +/- 0.00003

    Finished Solving OpenMC                                                              [[33m  5.51 s[39m] [[33m 1278 MB[39m]
Extracting OpenMC tallies...
[32m Solve Converged![39m

  Finished Solving                                                                       [[33m  5.55 s[39m] [[33m 1278 MB[39m]
[36msolid0: [39m
[36msolid0: [39mTime Step 13, time = 13, dt = 1
[36msolid0: [39m 0 Nonlinear |R| = [32m2.351807e+02[39m
[36msolid0: [39m      0 Linear |R| = [32m2.351807e+02[39m
[36msolid0: [39m      1 Linear |R| = [32m6.452310e+01[39m
[36msolid0: [39m      2 Linear |R| = [32m3.139263e+01[39m
[36msolid0: [39m      3 Linear |R| = [32m8.038017e+00[39m
[36msolid0: [39m      4 Linear |R| = [32m1.343480e+00[39m
[36msolid0: [39m      5 Linear |R| = [32m2.675274e-01[39m
[36msolid0: [39m      6 Linear |R| = [32m6.353529e-02[39m
[36msolid0: [39m      7 Linear |R| = [32m8.990060e-03[39m
[36msolid0: [39m      8 Linear |R| = [32m9.161041e-04[39m
[36msolid0: [39m 1 Nonlinear |R| = [32m5.245470e-03[39m
[36msolid0: [39m      0 Linear |R| = [32m5.245470e-03[39m
[36msolid0: [39m      1 Linear |R| = [32m2.446525e-04[39m
[36msolid0: [39m      2 Linear |R| = [32m6.859455e-05[39m
[36msolid0: [39m      3 Linear |R| = [32m3.734291e-05[39m
[36msolid0: [39m      4 Linear |R| = [32m9.955676e-06[39m
[36msolid0: [39m      5 Linear |R| = [32m2.140071e-06[39m
[36msolid0: [39m      6 Linear |R| = [32m4.115494e-07[39m
[36msolid0: [39m      7 Linear |R| = [32m6.729048e-08[39m
[36msolid0: [39m      8 Linear |R| = [32m1.497085e-08[39m
[36msolid0: [39m 2 Nonlinear |R| = [32m2.319037e-08[39m
[36msolid0: [39m[32m Solve Converged![39m
[36msolid0: [39m
[36msolid0: [39mFinished Solving                                                                 [[33m  7.54 s[39m] [[33m 1278 MB[39m]
[36msolid0: [39m
[36msolid0: [39mPostprocessor Values:
[36msolid0: [39m+----------------+----------------+---------------------------+----------------+----------------+----------------+----------------+
[36msolid0: [39m| time           | avg_fuel_T     | conduction_power_integral | max_T_wall_send| max_clad_T     | max_fuel_T     | min_T_wall_send|
[36msolid0: [39m+----------------+----------------+---------------------------+----------------+----------------+----------------+----------------+
[36msolid0: [39m|   0.000000e+00 |   0.000000e+00 |              0.000000e+00 |   0.000000e+00 |   0.000000e+00 |   0.000000e+00 |   0.000000e+00 |
[36msolid0: [39m|   1.000000e+00 |   3.883513e+02 |              8.549444e+05 |   5.599995e+02 |   5.580360e+02 |   5.631977e+02 |   5.599956e+02 |
[36msolid0: [39m|   2.000000e+00 |   6.636712e+02 |              8.549444e+05 |   6.409837e+02 |   6.746879e+02 |   9.544290e+02 |   5.986320e+02 |
[36msolid0: [39m|   3.000000e+00 |   8.596146e+02 |              8.549444e+05 |   6.399973e+02 |   7.036338e+02 |   1.336825e+03 |   6.056526e+02 |
[36msolid0: [39m|   4.000000e+00 |   1.005370e+03 |              8.549444e+05 |   6.411135e+02 |   7.175352e+02 |   1.650408e+03 |   6.065568e+02 |
[36msolid0: [39m|   5.000000e+00 |   1.115926e+03 |              8.549444e+05 |   6.410041e+02 |   7.288512e+02 |   1.909306e+03 |   6.070431e+02 |
[36msolid0: [39m|   6.000000e+00 |   1.200545e+03 |              8.549444e+05 |   6.409744e+02 |   7.374952e+02 |   2.100466e+03 |   6.067786e+02 |
[36msolid0: [39m|   7.000000e+00 |   1.265470e+03 |              8.549444e+05 |   6.403851e+02 |   7.442989e+02 |   2.248675e+03 |   6.073112e+02 |
[36msolid0: [39m|   8.000000e+00 |   1.315462e+03 |              8.549444e+05 |   6.402043e+02 |   7.506500e+02 |   2.365450e+03 |   6.070970e+02 |
[36msolid0: [39m|   9.000000e+00 |   1.353935e+03 |              8.549444e+05 |   6.400073e+02 |   7.535466e+02 |   2.455033e+03 |   6.070500e+02 |
[36msolid0: [39m|   1.000000e+01 |   1.383600e+03 |              8.549444e+05 |   6.400177e+02 |   7.571308e+02 |   2.526494e+03 |   6.068955e+02 |
[36msolid0: [39m|   1.100000e+01 |   1.406463e+03 |              8.549444e+05 |   6.397755e+02 |   7.597272e+02 |   2.582900e+03 |   6.067605e+02 |
[36msolid0: [39m|   1.200000e+01 |   1.424070e+03 |              8.549444e+05 |   6.393915e+02 |   7.613982e+02 |   2.629024e+03 |   6.069612e+02 |
[36msolid0: [39m|   1.300000e+01 |   1.437618e+03 |              8.549444e+05 |   6.392046e+02 |   7.623323e+02 |   2.659306e+03 |   6.070022e+02 |
[36msolid0: [39m+----------------+----------------+---------------------------+----------------+----------------+----------------+----------------+
[36msolid0: [39m
[36msolid0: [39m
[36msolid0: [39mPostprocessor Values:
[36msolid0: [39m+----------------+----------------+---------------------------+----------------+----------------+----------------+----------------+
[36msolid0: [39m| time           | avg_fuel_T     | conduction_power_integral | max_T_wall_send| max_clad_T     | max_fuel_T     | min_T_wall_send|
[36msolid0: [39m+----------------+----------------+---------------------------+----------------+----------------+----------------+----------------+
[36msolid0: [39m|   0.000000e+00 |   0.000000e+00 |              0.000000e+00 |   0.000000e+00 |   0.000000e+00 |   0.000000e+00 |   0.000000e+00 |
[36msolid0: [39m|   1.000000e+00 |   3.883513e+02 |              8.549444e+05 |   5.599995e+02 |   5.580360e+02 |   5.631977e+02 |   5.599956e+02 |
[36msolid0: [39m|   2.000000e+00 |   6.636712e+02 |              8.549444e+05 |   6.409837e+02 |   6.746879e+02 |   9.544290e+02 |   5.986320e+02 |
[36msolid0: [39m|   3.000000e+00 |   8.596146e+02 |              8.549444e+05 |   6.399973e+02 |   7.036338e+02 |   1.336825e+03 |   6.056526e+02 |
[36msolid0: [39m|   4.000000e+00 |   1.005370e+03 |              8.549444e+05 |   6.411135e+02 |   7.175352e+02 |   1.650408e+03 |   6.065568e+02 |
[36msolid0: [39m|   5.000000e+00 |   1.115926e+03 |              8.549444e+05 |   6.410041e+02 |   7.288512e+02 |   1.909306e+03 |   6.070431e+02 |
[36msolid0: [39m|   6.000000e+00 |   1.200545e+03 |              8.549444e+05 |   6.409744e+02 |   7.374952e+02 |   2.100466e+03 |   6.067786e+02 |
[36msolid0: [39m|   7.000000e+00 |   1.265470e+03 |              8.549444e+05 |   6.403851e+02 |   7.442989e+02 |   2.248675e+03 |   6.073112e+02 |
[36msolid0: [39m|   8.000000e+00 |   1.315462e+03 |              8.549444e+05 |   6.402043e+02 |   7.506500e+02 |   2.365450e+03 |   6.070970e+02 |
[36msolid0: [39m|   9.000000e+00 |   1.353935e+03 |              8.549444e+05 |   6.400073e+02 |   7.535466e+02 |   2.455033e+03 |   6.070500e+02 |
[36msolid0: [39m|   1.000000e+01 |   1.383600e+03 |              8.549444e+05 |   6.400177e+02 |   7.571308e+02 |   2.526494e+03 |   6.068955e+02 |
[36msolid0: [39m|   1.100000e+01 |   1.406463e+03 |              8.549444e+05 |   6.397755e+02 |   7.597272e+02 |   2.582900e+03 |   6.067605e+02 |
[36msolid0: [39m|   1.200000e+01 |   1.424070e+03 |              8.549444e+05 |   6.393915e+02 |   7.613982e+02 |   2.629024e+03 |   6.069612e+02 |
[36msolid0: [39m|   1.300000e+01 |   1.437618e+03 |              8.549444e+05 |   6.392046e+02 |   7.623323e+02 |   2.659306e+03 |   6.070022e+02 |
[36msolid0: [39m+----------------+----------------+---------------------------+----------------+----------------+----------------+----------------+
[36msolid0: [39m
    Finished Executing MultiApps                                                         [[33m  8.12 s[39m] [[33m 1278 MB[39m]
  Finished Executing MultiApps                                                           [[33m  8.12 s[39m] [[33m 1278 MB[39m]

Postprocessor Values:
+----------------+----------------+----------------+----------------+----------------+----------------+----------------+
| time           | avg_coolant_T  | avg_coolant_rho| k              | k_std_dev      | max_coolant_T  | max_coolant_rho|
+----------------+----------------+----------------+----------------+----------------+----------------+----------------+
|   0.000000e+00 |   0.000000e+00 |   0.000000e+00 |   0.000000e+00 |   0.000000e+00 |   0.000000e+00 |   0.000000e+00 |
|   1.000000e+00 |   5.599964e+02 |   7.524099e+02 |   1.355427e+00 |   1.883971e-03 |   5.599976e+02 |   7.524436e+02 |
|   2.000000e+00 |   5.825279e+02 |   7.054159e+02 |   1.322142e+00 |   2.256852e-03 |   5.945761e+02 |   7.496028e+02 |
|   3.000000e+00 |   5.851160e+02 |   6.987270e+02 |   1.300051e+00 |   2.274927e-03 |   6.006535e+02 |   7.494878e+02 |
|   4.000000e+00 |   5.852629e+02 |   6.982710e+02 |   1.292876e+00 |   1.892578e-03 |   6.013537e+02 |   7.495374e+02 |
|   5.000000e+00 |   5.851992e+02 |   6.983959e+02 |   1.287122e+00 |   2.111398e-03 |   6.014135e+02 |   7.496100e+02 |
|   6.000000e+00 |   5.852670e+02 |   6.982515e+02 |   1.282333e+00 |   2.154120e-03 |   6.013515e+02 |   7.495743e+02 |
|   7.000000e+00 |   5.851444e+02 |   6.985239e+02 |   1.283675e+00 |   2.033348e-03 |   6.014103e+02 |   7.496564e+02 |
|   8.000000e+00 |   5.851747e+02 |   6.984657e+02 |   1.281027e+00 |   2.306970e-03 |   6.013597e+02 |   7.496474e+02 |
|   9.000000e+00 |   5.851411e+02 |   6.985391e+02 |   1.282167e+00 |   1.929077e-03 |   6.013800e+02 |   7.496560e+02 |
|   1.000000e+01 |   5.852189e+02 |   6.983582e+02 |   1.279780e+00 |   2.008471e-03 |   6.013393e+02 |   7.496230e+02 |
|   1.100000e+01 |   5.852661e+02 |   6.982511e+02 |   1.277583e+00 |   2.132238e-03 |   6.013526e+02 |   7.495874e+02 |
|   1.200000e+01 |   5.852170e+02 |   6.983632e+02 |   1.274756e+00 |   1.935365e-03 |   6.013825e+02 |   7.496185e+02 |
|   1.300000e+01 |   5.852097e+02 |   6.983833e+02 |   1.277850e+00 |   2.030448e-03 |   6.013711e+02 |   7.496207e+02 |
+----------------+----------------+----------------+----------------+----------------+----------------+----------------+
+----------------+----------------+----------------+-----------------------+
| time           | min_coolant_T  | min_coolant_rho| openmc_power_integral |
+----------------+----------------+----------------+-----------------------+
|   0.000000e+00 |   0.000000e+00 |   0.000000e+00 |          0.000000e+00 |
|   1.000000e+00 |   5.599956e+02 |   7.523759e+02 |          8.549444e+05 |
|   2.000000e+00 |   5.615372e+02 |   6.770036e+02 |          8.549444e+05 |
|   3.000000e+00 |   5.615988e+02 |   6.598771e+02 |          8.549444e+05 |
|   4.000000e+00 |   5.615719e+02 |   6.577837e+02 |          8.549444e+05 |
|   5.000000e+00 |   5.615327e+02 |   6.576039e+02 |          8.549444e+05 |
|   6.000000e+00 |   5.615520e+02 |   6.577906e+02 |          8.549444e+05 |
|   7.000000e+00 |   5.615077e+02 |   6.576134e+02 |          8.549444e+05 |
|   8.000000e+00 |   5.615125e+02 |   6.577658e+02 |          8.549444e+05 |
|   9.000000e+00 |   5.615079e+02 |   6.577047e+02 |          8.549444e+05 |
|   1.000000e+01 |   5.615257e+02 |   6.578272e+02 |          8.549444e+05 |
|   1.100000e+01 |   5.615450e+02 |   6.577872e+02 |          8.549444e+05 |
|   1.200000e+01 |   5.615282e+02 |   6.576971e+02 |          8.549444e+05 |
|   1.300000e+01 |   5.615270e+02 |   6.577315e+02 |          8.549444e+05 |
+----------------+----------------+----------------+-----------------------+


Time Step 14, time = 14, dt = 1
[36msub_channel0: [39m
[36msub_channel0: [39mTime Step 0, time = 0
[36msub_channel0: [39m
[36msub_channel0: [39mTime Step 1, time = 1, dt = 1
[36msub_channel0: [39mExecuting subchannel solver
[36msub_channel0: [39mSolution initialized
[36msub_channel0: [39mSolving Outer Iteration : 1
[36msub_channel0: [39mSolving Block: 0 From first level: 1 to last level: 60
[36msub_channel0: [39mBlock: 0 - Enthalpy conservation matrix assembled
[36msub_channel0: [39mStart updating thermophysical properties.
[36msub_channel0: [39mDone updating thermophysical properties.
[36msub_channel0: [39mT_block_error: 6.85049e-05
[36msub_channel0: [39mBlock: 0 - Enthalpy conservation matrix assembled
[36msub_channel0: [39mStart updating thermophysical properties.
[36msub_channel0: [39mDone updating thermophysical properties.
[36msub_channel0: [39mT_block_error: 7.53745e-07
[36msub_channel0: [39mP_error :3.63438e-06
[36msub_channel0: [39mIteration:  1
[36msub_channel0: [39mMaximum iterations: 5
[36msub_channel0: [39mFinished executing subchannel solver
[36msub_channel0: [39mCommencing calculation of Pin surface temperature 
[36msub_channel0: [39m ======================================= 
[36msub_channel0: [39m ======== Subchannel Print Outs ======== 
[36msub_channel0: [39m ======================================= 
[36msub_channel0: [39mTotal flow area :0.000984685 m^2
[36msub_channel0: [39mAssembly hydraulic diameter :0.00943815 m
[36msub_channel0: [39mAssembly Re number :382270 [-]
[36msub_channel0: [39mBulk coolant temperature at outlet :599.803 K
[36msub_channel0: [39mPower added to coolant is : 848097 Watt
[36msub_channel0: [39mMass flow rate in is : 3.7418 kg/sec
[36msub_channel0: [39mMass balance is : -0.000188911 kg/sec
[36msub_channel0: [39mUser defined outlet pressure is : 1.57e+07 Pa
[36msub_channel0: [39m ======================================= 
[36msub_channel0: [39m[32m Solve Converged![39m
[36msub_channel0: [39m
[36msub_channel0_viz0: [39m
[36msub_channel0_viz0: [39mPostprocessor Values:
[36msub_channel0_viz0: [39m+----------------+----------------+----------------+----------------+
[36msub_channel0_viz0: [39m| time           | avg_coolant_T  | max_T_fluid    | min_T_fluid    |
[36msub_channel0_viz0: [39m+----------------+----------------+----------------+----------------+
[36msub_channel0_viz0: [39m|   0.000000e+00 |   5.846058e+02 |   6.015075e+02 |   5.603784e+02 |
[36msub_channel0_viz0: [39m+----------------+----------------+----------------+----------------+
[36msub_channel0_viz0: [39m
[36msub_channel0_viz0: [39m[32m Solve Converged![39m
[36msub_channel0_viz0: [39m
[36msub_channel0_viz0: [39m
[36msub_channel0_viz0: [39mPostprocessor Values:
[36msub_channel0_viz0: [39m+----------------+----------------+----------------+----------------+
[36msub_channel0_viz0: [39m| time           | avg_coolant_T  | max_T_fluid    | min_T_fluid    |
[36msub_channel0_viz0: [39m+----------------+----------------+----------------+----------------+
[36msub_channel0_viz0: [39m|   0.000000e+00 |   5.846058e+02 |   6.015075e+02 |   5.603784e+02 |
[36msub_channel0_viz0: [39m|   1.000000e+00 |   5.845637e+02 |   6.015293e+02 |   5.603776e+02 |
[36msub_channel0_viz0: [39m+----------------+----------------+----------------+----------------+
[36msub_channel0_viz0: [39m
Sending temperature to OpenMC cells... 
Setting cell id 13, instance 0 (of 9) [1 contained cells] to temperature (K): 1562.34
Setting cell id 13, instance 1 (of 9) [1 contained cells] to temperature (K): 1563.34
Setting cell id 13, instance 2 (of 9) [1 contained cells] to temperature (K): 1564.35
Setting cell id 13, instance 3 (of 9) [1 contained cells] to temperature (K): 1563.83
Setting cell id 13, instance 4 (of 9) [1 contained cells] to temperature (K): 1566.57
Setting cell id 13, instance 5 (of 9) [1 contained cells] to temperature (K): 1564.23
Setting cell id 13, instance 6 (of 9) [1 contained cells] to temperature (K): 1566.36
Setting cell id 13, instance 7 (of 9) [1 contained cells] to temperature (K): 1567.07
Setting cell id 13, instance 8 (of 9) [1 contained cells] to temperature (K): 1567.11
Setting cell id 14, instance 0 (of 9) [1 contained cells] to temperature (K): 726.858
Setting cell id 14, instance 1 (of 9) [1 contained cells] to temperature (K): 728.109
Setting cell id 14, instance 2 (of 9) [1 contained cells] to temperature (K): 727.184
Setting cell id 14, instance 3 (of 9) [1 contained cells] to temperature (K): 727.911
Setting cell id 14, instance 4 (of 9) [1 contained cells] to temperature (K): 729.424
Setting cell id 14, instance 5 (of 9) [1 contained cells] to temperature (K): 728.013
Setting cell id 14, instance 6 (of 9) [1 contained cells] to temperature (K): 727.399
Setting cell id 14, instance 7 (of 9) [1 contained cells] to temperature (K): 728.804
Setting cell id 14, instance 8 (of 9) [1 contained cells] to temperature (K): 728.35
Setting cell id 16, instance 0 (of 9) [1 contained cells] to temperature (K): 584.354
Setting cell id 16, instance 1 (of 9) [1 contained cells] to temperature (K): 585.473
Setting cell id 16, instance 2 (of 9) [1 contained cells] to temperature (K): 584.385
Setting cell id 16, instance 3 (of 9) [1 contained cells] to temperature (K): 585.48
Setting cell id 16, instance 4 (of 9) [1 contained cells] to temperature (K): 586.746
Setting cell id 16, instance 5 (of 9) [1 contained cells] to temperature (K): 585.54
Setting cell id 16, instance 6 (of 9) [1 contained cells] to temperature (K): 584.419
Setting cell id 16, instance 7 (of 9) [1 contained cells] to temperature (K): 585.575
Setting cell id 16, instance 8 (of 9) [1 contained cells] to temperature (K): 584.524
Sending density to OpenMC cells... 
Setting cell id 16, instance 0 (of 9) to density (kg/m3): 700.486
Setting cell id 16, instance 1 (of 9) to density (kg/m3): 697.725
Setting cell id 16, instance 2 (of 9) to density (kg/m3): 700.415
Setting cell id 16, instance 3 (of 9) to density (kg/m3): 697.706
Setting cell id 16, instance 4 (of 9) to density (kg/m3): 694.534
Setting cell id 16, instance 5 (of 9) to density (kg/m3): 697.559
Setting cell id 16, instance 6 (of 9) to density (kg/m3): 700.331
Setting cell id 16, instance 7 (of 9) to density (kg/m3): 697.473
Setting cell id 16, instance 8 (of 9) to density (kg/m3): 700.075
 Running OpenMC with 2000 particles per batch...
 Maximum neutron transport energy: 20000000 eV for O17
 Initializing source particles...

 ====================>     K EIGENVALUE SIMULATION     <====================

  Bat./Gen.      k            Average k
  =========   ========   ====================
        1/1    1.18486
        2/1    1.23115
        3/1    1.25277
        4/1    1.26646
        5/1    1.19950
        6/1    1.29224
        7/1    1.32303
        8/1    1.26751
        9/1    1.22144
       10/1    1.28055
       11/1    1.31211
       12/1    1.27214
       13/1    1.22734
       14/1    1.33184
       15/1    1.16957
       16/1    1.24333
       17/1    1.29163
       18/1    1.28366
       19/1    1.34516
       20/1    1.26651
       21/1    1.20491
       22/1    1.20886
       23/1    1.28286
       24/1    1.33815
       25/1    1.33618
       26/1    1.30874
       27/1    1.24995
       28/1    1.31859
       29/1    1.21819
       30/1    1.25470
       31/1    1.28265
       32/1    1.31418
       33/1    1.22410
       34/1    1.26118
       35/1    1.28823
       36/1    1.25759
       37/1    1.28238
       38/1    1.27773
       39/1    1.27706
       40/1    1.25070
       41/1    1.34140
       42/1    1.30661
       43/1    1.24333
       44/1    1.29006
       45/1    1.30592
       46/1    1.24846
       47/1    1.29095
       48/1    1.27807
       49/1    1.28027
       50/1    1.29279
       51/1    1.27297
       52/1    1.26886    1.27092 +/- 0.00205
       53/1    1.29223    1.27802 +/- 0.00720
       54/1    1.25071    1.27119 +/- 0.00852
       55/1    1.29059    1.27507 +/- 0.00765
       56/1    1.26751    1.27381 +/- 0.00638
       57/1    1.27855    1.27449 +/- 0.00543
       58/1    1.23784    1.26991 +/- 0.00657
       59/1    1.27230    1.27017 +/- 0.00580
       60/1    1.24243    1.26740 +/- 0.00588
       61/1    1.27283    1.26789 +/- 0.00534
       62/1    1.30156    1.27070 +/- 0.00563
       63/1    1.26090    1.26995 +/- 0.00523
       64/1    1.21814    1.26624 +/- 0.00609
       65/1    1.25659    1.26560 +/- 0.00571
       66/1    1.24670    1.26442 +/- 0.00547
       67/1    1.30016    1.26652 +/- 0.00555
       68/1    1.31297    1.26910 +/- 0.00584
       69/1    1.27692    1.26951 +/- 0.00554
       70/1    1.29623    1.27085 +/- 0.00542
       71/1    1.28060    1.27131 +/- 0.00517
       72/1    1.31658    1.27337 +/- 0.00535
       73/1    1.23486    1.27170 +/- 0.00538
       74/1    1.28102    1.27209 +/- 0.00516
       75/1    1.20890    1.26956 +/- 0.00556
       76/1    1.28365    1.27010 +/- 0.00537
       77/1    1.21280    1.26798 +/- 0.00558
       78/1    1.25857    1.26764 +/- 0.00539
       79/1    1.20750    1.26557 +/- 0.00560
       80/1    1.27556    1.26590 +/- 0.00542
       81/1    1.25711    1.26562 +/- 0.00525
       82/1    1.32825    1.26757 +/- 0.00545
       83/1    1.30033    1.26857 +/- 0.00537
       84/1    1.30274    1.26957 +/- 0.00531
       85/1    1.25773    1.26923 +/- 0.00517
       86/1    1.31543    1.27052 +/- 0.00518
       87/1    1.23743    1.26962 +/- 0.00512
       88/1    1.25469    1.26923 +/- 0.00500
       89/1    1.30373    1.27011 +/- 0.00495
       90/1    1.25496    1.26974 +/- 0.00484
       91/1    1.31503    1.27084 +/- 0.00484
       92/1    1.23195    1.26991 +/- 0.00482
       93/1    1.25797    1.26964 +/- 0.00471
       94/1    1.23047    1.26875 +/- 0.00469
       95/1    1.26479    1.26866 +/- 0.00458
       96/1    1.32154    1.26981 +/- 0.00463
       97/1    1.28638    1.27016 +/- 0.00454
       98/1    1.25864    1.26992 +/- 0.00445
       99/1    1.32951    1.27114 +/- 0.00453
      100/1    1.33892    1.27249 +/- 0.00464
      101/1    1.28670    1.27277 +/- 0.00456
      102/1    1.24574    1.27225 +/- 0.00450
      103/1    1.24961    1.27182 +/- 0.00443
      104/1    1.26869    1.27177 +/- 0.00435
      105/1    1.32159    1.27267 +/- 0.00437
      106/1    1.27657    1.27274 +/- 0.00429
      107/1    1.24381    1.27223 +/- 0.00424
      108/1    1.23422    1.27158 +/- 0.00422
      109/1    1.33882    1.27272 +/- 0.00430
      110/1    1.28231    1.27288 +/- 0.00423
      111/1    1.23686    1.27229 +/- 0.00420
      112/1    1.35128    1.27356 +/- 0.00433
      113/1    1.23955    1.27302 +/- 0.00429
      114/1    1.24695    1.27261 +/- 0.00424
      115/1    1.31113    1.27321 +/- 0.00422
      116/1    1.27521    1.27324 +/- 0.00416
      117/1    1.24516    1.27282 +/- 0.00411
      118/1    1.24160    1.27236 +/- 0.00408
      119/1    1.25753    1.27214 +/- 0.00403
      120/1    1.31630    1.27278 +/- 0.00402
      121/1    1.29508    1.27309 +/- 0.00397
      122/1    1.27053    1.27305 +/- 0.00392
      123/1    1.33203    1.27386 +/- 0.00395
      124/1    1.26249    1.27371 +/- 0.00390
      125/1    1.26901    1.27365 +/- 0.00384
      126/1    1.33646    1.27447 +/- 0.00388
      127/1    1.30924    1.27492 +/- 0.00386
      128/1    1.26783    1.27483 +/- 0.00381
      129/1    1.23222    1.27429 +/- 0.00380
      130/1    1.22776    1.27371 +/- 0.00380
      131/1    1.23587    1.27324 +/- 0.00378
      132/1    1.28974    1.27345 +/- 0.00374
      133/1    1.27943    1.27352 +/- 0.00369
      134/1    1.31568    1.27402 +/- 0.00368
      135/1    1.31508    1.27450 +/- 0.00367
      136/1    1.31609    1.27499 +/- 0.00366
      137/1    1.23899    1.27457 +/- 0.00364
      138/1    1.25972    1.27440 +/- 0.00360
      139/1    1.26539    1.27430 +/- 0.00356
      140/1    1.21324    1.27362 +/- 0.00359
      141/1    1.29001    1.27380 +/- 0.00355
      142/1    1.26127    1.27367 +/- 0.00352
      143/1    1.26426    1.27357 +/- 0.00348
      144/1    1.22287    1.27303 +/- 0.00349
      145/1    1.26910    1.27299 +/- 0.00345
      146/1    1.21713    1.27240 +/- 0.00346
      147/1    1.31009    1.27279 +/- 0.00345
      148/1    1.27880    1.27285 +/- 0.00341
      149/1    1.26481    1.27277 +/- 0.00338
      150/1    1.27617    1.27281 +/- 0.00335
 Creating state point statepoint.150.h5...

 =======================>     TIMING STATISTICS     <=======================

 Total time for initialization     = 0.0000e+00 seconds
   Reading cross sections          = 0.0000e+00 seconds
 Total time in simulation          = 5.5256e+00 seconds
   Time in transport only          = 5.4627e+00 seconds
   Time in inactive batches        = 8.5600e-01 seconds
   Time in active batches          = 4.6696e+00 seconds
   Time synchronizing fission bank = 1.7008e-02 seconds
     Sampling source sites         = 1.4432e-02 seconds
     SEND/RECV source sites        = 2.1627e-03 seconds
   Time accumulating tallies       = 2.8920e-02 seconds
   Time writing statepoints        = 4.7467e-03 seconds
 Total time for finalization       = 3.4650e-02 seconds
 Total time elapsed                = 5.5721e+00 seconds
 Calculation Rate (inactive)       = 116822 particles/second
 Calculation Rate (active)         = 42830.4 particles/second

 ============================>     RESULTS     <============================

 k-effective (Collision)     = 1.27639 +/- 0.00283
 k-effective (Track-length)  = 1.27281 +/- 0.00335
 k-effective (Absorption)    = 1.27371 +/- 0.00202
 Combined k-effective        = 1.27411 +/- 0.00190
 Leakage Fraction            = 0.00014 +/- 0.00003

    Finished Solving OpenMC                                                              [[33m  5.57 s[39m] [[33m 1291 MB[39m]
Extracting OpenMC tallies...
[32m Solve Converged![39m

  Finished Solving                                                                       [[33m  5.62 s[39m] [[33m 1291 MB[39m]
[36msolid0: [39m
[36msolid0: [39mTime Step 14, time = 14, dt = 1
[36msolid0: [39m 0 Nonlinear |R| = [32m1.852956e+02[39m
[36msolid0: [39m      0 Linear |R| = [32m1.852956e+02[39m
[36msolid0: [39m      1 Linear |R| = [32m5.011457e+01[39m
[36msolid0: [39m      2 Linear |R| = [32m2.425522e+01[39m
[36msolid0: [39m      3 Linear |R| = [32m6.256403e+00[39m
[36msolid0: [39m      4 Linear |R| = [32m1.035022e+00[39m
[36msolid0: [39m      5 Linear |R| = [32m2.111649e-01[39m
[36msolid0: [39m      6 Linear |R| = [32m4.945223e-02[39m
[36msolid0: [39m      7 Linear |R| = [32m6.983175e-03[39m
[36msolid0: [39m      8 Linear |R| = [32m7.359784e-04[39m
[36msolid0: [39m 1 Nonlinear |R| = [32m3.934504e-03[39m
[36msolid0: [39m      0 Linear |R| = [32m3.934504e-03[39m
[36msolid0: [39m      1 Linear |R| = [32m1.896475e-04[39m
[36msolid0: [39m      2 Linear |R| = [32m5.636607e-05[39m
[36msolid0: [39m      3 Linear |R| = [32m3.032062e-05[39m
[36msolid0: [39m      4 Linear |R| = [32m8.277083e-06[39m
[36msolid0: [39m      5 Linear |R| = [32m1.767806e-06[39m
[36msolid0: [39m      6 Linear |R| = [32m3.377697e-07[39m
[36msolid0: [39m      7 Linear |R| = [32m5.637483e-08[39m
[36msolid0: [39m      8 Linear |R| = [32m1.247427e-08[39m
[36msolid0: [39m 2 Nonlinear |R| = [32m1.860910e-08[39m
[36msolid0: [39m[32m Solve Converged![39m
[36msolid0: [39m
[36msolid0: [39mFinished Solving                                                                 [[33m  7.57 s[39m] [[33m 1291 MB[39m]
[36msolid0: [39m
[36msolid0: [39mPostprocessor Values:
[36msolid0: [39m+----------------+----------------+---------------------------+----------------+----------------+----------------+----------------+
[36msolid0: [39m| time           | avg_fuel_T     | conduction_power_integral | max_T_wall_send| max_clad_T     | max_fuel_T     | min_T_wall_send|
[36msolid0: [39m+----------------+----------------+---------------------------+----------------+----------------+----------------+----------------+
[36msolid0: [39m|   0.000000e+00 |   0.000000e+00 |              0.000000e+00 |   0.000000e+00 |   0.000000e+00 |   0.000000e+00 |   0.000000e+00 |
[36msolid0: [39m|   1.000000e+00 |   3.883513e+02 |              8.549444e+05 |   5.599995e+02 |   5.580360e+02 |   5.631977e+02 |   5.599956e+02 |
[36msolid0: [39m|   2.000000e+00 |   6.636712e+02 |              8.549444e+05 |   6.409837e+02 |   6.746879e+02 |   9.544290e+02 |   5.986320e+02 |
[36msolid0: [39m|   3.000000e+00 |   8.596146e+02 |              8.549444e+05 |   6.399973e+02 |   7.036338e+02 |   1.336825e+03 |   6.056526e+02 |
[36msolid0: [39m|   4.000000e+00 |   1.005370e+03 |              8.549444e+05 |   6.411135e+02 |   7.175352e+02 |   1.650408e+03 |   6.065568e+02 |
[36msolid0: [39m|   5.000000e+00 |   1.115926e+03 |              8.549444e+05 |   6.410041e+02 |   7.288512e+02 |   1.909306e+03 |   6.070431e+02 |
[36msolid0: [39m|   6.000000e+00 |   1.200545e+03 |              8.549444e+05 |   6.409744e+02 |   7.374952e+02 |   2.100466e+03 |   6.067786e+02 |
[36msolid0: [39m|   7.000000e+00 |   1.265470e+03 |              8.549444e+05 |   6.403851e+02 |   7.442989e+02 |   2.248675e+03 |   6.073112e+02 |
[36msolid0: [39m|   8.000000e+00 |   1.315462e+03 |              8.549444e+05 |   6.402043e+02 |   7.506500e+02 |   2.365450e+03 |   6.070970e+02 |
[36msolid0: [39m|   9.000000e+00 |   1.353935e+03 |              8.549444e+05 |   6.400073e+02 |   7.535466e+02 |   2.455033e+03 |   6.070500e+02 |
[36msolid0: [39m|   1.000000e+01 |   1.383600e+03 |              8.549444e+05 |   6.400177e+02 |   7.571308e+02 |   2.526494e+03 |   6.068955e+02 |
[36msolid0: [39m|   1.100000e+01 |   1.406463e+03 |              8.549444e+05 |   6.397755e+02 |   7.597272e+02 |   2.582900e+03 |   6.067605e+02 |
[36msolid0: [39m|   1.200000e+01 |   1.424070e+03 |              8.549444e+05 |   6.393915e+02 |   7.613982e+02 |   2.629024e+03 |   6.069612e+02 |
[36msolid0: [39m|   1.300000e+01 |   1.437618e+03 |              8.549444e+05 |   6.392046e+02 |   7.623323e+02 |   2.659306e+03 |   6.070022e+02 |
[36msolid0: [39m|   1.400000e+01 |   1.448038e+03 |              8.549444e+05 |   6.391765e+02 |   7.621235e+02 |   2.682551e+03 |   6.071461e+02 |
[36msolid0: [39m+----------------+----------------+---------------------------+----------------+----------------+----------------+----------------+
[36msolid0: [39m
[36msolid0: [39m
[36msolid0: [39mPostprocessor Values:
[36msolid0: [39m+----------------+----------------+---------------------------+----------------+----------------+----------------+----------------+
[36msolid0: [39m| time           | avg_fuel_T     | conduction_power_integral | max_T_wall_send| max_clad_T     | max_fuel_T     | min_T_wall_send|
[36msolid0: [39m+----------------+----------------+---------------------------+----------------+----------------+----------------+----------------+
[36msolid0: [39m|   0.000000e+00 |   0.000000e+00 |              0.000000e+00 |   0.000000e+00 |   0.000000e+00 |   0.000000e+00 |   0.000000e+00 |
[36msolid0: [39m|   1.000000e+00 |   3.883513e+02 |              8.549444e+05 |   5.599995e+02 |   5.580360e+02 |   5.631977e+02 |   5.599956e+02 |
[36msolid0: [39m|   2.000000e+00 |   6.636712e+02 |              8.549444e+05 |   6.409837e+02 |   6.746879e+02 |   9.544290e+02 |   5.986320e+02 |
[36msolid0: [39m|   3.000000e+00 |   8.596146e+02 |              8.549444e+05 |   6.399973e+02 |   7.036338e+02 |   1.336825e+03 |   6.056526e+02 |
[36msolid0: [39m|   4.000000e+00 |   1.005370e+03 |              8.549444e+05 |   6.411135e+02 |   7.175352e+02 |   1.650408e+03 |   6.065568e+02 |
[36msolid0: [39m|   5.000000e+00 |   1.115926e+03 |              8.549444e+05 |   6.410041e+02 |   7.288512e+02 |   1.909306e+03 |   6.070431e+02 |
[36msolid0: [39m|   6.000000e+00 |   1.200545e+03 |              8.549444e+05 |   6.409744e+02 |   7.374952e+02 |   2.100466e+03 |   6.067786e+02 |
[36msolid0: [39m|   7.000000e+00 |   1.265470e+03 |              8.549444e+05 |   6.403851e+02 |   7.442989e+02 |   2.248675e+03 |   6.073112e+02 |
[36msolid0: [39m|   8.000000e+00 |   1.315462e+03 |              8.549444e+05 |   6.402043e+02 |   7.506500e+02 |   2.365450e+03 |   6.070970e+02 |
[36msolid0: [39m|   9.000000e+00 |   1.353935e+03 |              8.549444e+05 |   6.400073e+02 |   7.535466e+02 |   2.455033e+03 |   6.070500e+02 |
[36msolid0: [39m|   1.000000e+01 |   1.383600e+03 |              8.549444e+05 |   6.400177e+02 |   7.571308e+02 |   2.526494e+03 |   6.068955e+02 |
[36msolid0: [39m|   1.100000e+01 |   1.406463e+03 |              8.549444e+05 |   6.397755e+02 |   7.597272e+02 |   2.582900e+03 |   6.067605e+02 |
[36msolid0: [39m|   1.200000e+01 |   1.424070e+03 |              8.549444e+05 |   6.393915e+02 |   7.613982e+02 |   2.629024e+03 |   6.069612e+02 |
[36msolid0: [39m|   1.300000e+01 |   1.437618e+03 |              8.549444e+05 |   6.392046e+02 |   7.623323e+02 |   2.659306e+03 |   6.070022e+02 |
[36msolid0: [39m|   1.400000e+01 |   1.448038e+03 |              8.549444e+05 |   6.391765e+02 |   7.621235e+02 |   2.682551e+03 |   6.071461e+02 |
[36msolid0: [39m+----------------+----------------+---------------------------+----------------+----------------+----------------+----------------+
[36msolid0: [39m
    Finished Executing MultiApps                                                         [[33m  8.10 s[39m] [[33m 1291 MB[39m]
  Finished Executing MultiApps                                                           [[33m  8.10 s[39m] [[33m 1291 MB[39m]

Postprocessor Values:
+----------------+----------------+----------------+----------------+----------------+----------------+----------------+
| time           | avg_coolant_T  | avg_coolant_rho| k              | k_std_dev      | max_coolant_T  | max_coolant_rho|
+----------------+----------------+----------------+----------------+----------------+----------------+----------------+
|   0.000000e+00 |   0.000000e+00 |   0.000000e+00 |   0.000000e+00 |   0.000000e+00 |   0.000000e+00 |   0.000000e+00 |
|   1.000000e+00 |   5.599964e+02 |   7.524099e+02 |   1.355427e+00 |   1.883971e-03 |   5.599976e+02 |   7.524436e+02 |
|   2.000000e+00 |   5.825279e+02 |   7.054159e+02 |   1.322142e+00 |   2.256852e-03 |   5.945761e+02 |   7.496028e+02 |
|   3.000000e+00 |   5.851160e+02 |   6.987270e+02 |   1.300051e+00 |   2.274927e-03 |   6.006535e+02 |   7.494878e+02 |
|   4.000000e+00 |   5.852629e+02 |   6.982710e+02 |   1.292876e+00 |   1.892578e-03 |   6.013537e+02 |   7.495374e+02 |
|   5.000000e+00 |   5.851992e+02 |   6.983959e+02 |   1.287122e+00 |   2.111398e-03 |   6.014135e+02 |   7.496100e+02 |
|   6.000000e+00 |   5.852670e+02 |   6.982515e+02 |   1.282333e+00 |   2.154120e-03 |   6.013515e+02 |   7.495743e+02 |
|   7.000000e+00 |   5.851444e+02 |   6.985239e+02 |   1.283675e+00 |   2.033348e-03 |   6.014103e+02 |   7.496564e+02 |
|   8.000000e+00 |   5.851747e+02 |   6.984657e+02 |   1.281027e+00 |   2.306970e-03 |   6.013597e+02 |   7.496474e+02 |
|   9.000000e+00 |   5.851411e+02 |   6.985391e+02 |   1.282167e+00 |   1.929077e-03 |   6.013800e+02 |   7.496560e+02 |
|   1.000000e+01 |   5.852189e+02 |   6.983582e+02 |   1.279780e+00 |   2.008471e-03 |   6.013393e+02 |   7.496230e+02 |
|   1.100000e+01 |   5.852661e+02 |   6.982511e+02 |   1.277583e+00 |   2.132238e-03 |   6.013526e+02 |   7.495874e+02 |
|   1.200000e+01 |   5.852170e+02 |   6.983632e+02 |   1.274756e+00 |   1.935365e-03 |   6.013825e+02 |   7.496185e+02 |
|   1.300000e+01 |   5.852097e+02 |   6.983833e+02 |   1.277850e+00 |   2.030448e-03 |   6.013711e+02 |   7.496207e+02 |
|   1.400000e+01 |   5.851663e+02 |   6.984783e+02 |   1.274109e+00 |   1.902236e-03 |   6.013927e+02 |   7.496271e+02 |
+----------------+----------------+----------------+----------------+----------------+----------------+----------------+
+----------------+----------------+----------------+-----------------------+
| time           | min_coolant_T  | min_coolant_rho| openmc_power_integral |
+----------------+----------------+----------------+-----------------------+
|   0.000000e+00 |   0.000000e+00 |   0.000000e+00 |          0.000000e+00 |
|   1.000000e+00 |   5.599956e+02 |   7.523759e+02 |          8.549444e+05 |
|   2.000000e+00 |   5.615372e+02 |   6.770036e+02 |          8.549444e+05 |
|   3.000000e+00 |   5.615988e+02 |   6.598771e+02 |          8.549444e+05 |
|   4.000000e+00 |   5.615719e+02 |   6.577837e+02 |          8.549444e+05 |
|   5.000000e+00 |   5.615327e+02 |   6.576039e+02 |          8.549444e+05 |
|   6.000000e+00 |   5.615520e+02 |   6.577906e+02 |          8.549444e+05 |
|   7.000000e+00 |   5.615077e+02 |   6.576134e+02 |          8.549444e+05 |
|   8.000000e+00 |   5.615125e+02 |   6.577658e+02 |          8.549444e+05 |
|   9.000000e+00 |   5.615079e+02 |   6.577047e+02 |          8.549444e+05 |
|   1.000000e+01 |   5.615257e+02 |   6.578272e+02 |          8.549444e+05 |
|   1.100000e+01 |   5.615450e+02 |   6.577872e+02 |          8.549444e+05 |
|   1.200000e+01 |   5.615282e+02 |   6.576971e+02 |          8.549444e+05 |
|   1.300000e+01 |   5.615270e+02 |   6.577315e+02 |          8.549444e+05 |
|   1.400000e+01 |   5.615235e+02 |   6.576664e+02 |          8.549444e+05 |
+----------------+----------------+----------------+-----------------------+


Time Step 15, time = 15, dt = 1
[36msub_channel0: [39m
[36msub_channel0: [39mTime Step 0, time = 0
[36msub_channel0: [39m
[36msub_channel0: [39mTime Step 1, time = 1, dt = 1
[36msub_channel0: [39mExecuting subchannel solver
[36msub_channel0: [39mSolution initialized
[36msub_channel0: [39mSolving Outer Iteration : 1
[36msub_channel0: [39mSolving Block: 0 From first level: 1 to last level: 60
[36msub_channel0: [39mBlock: 0 - Enthalpy conservation matrix assembled
[36msub_channel0: [39mStart updating thermophysical properties.
[36msub_channel0: [39mDone updating thermophysical properties.
[36msub_channel0: [39mT_block_error: 1.17591e-05
[36msub_channel0: [39mBlock: 0 - Enthalpy conservation matrix assembled
[36msub_channel0: [39mStart updating thermophysical properties.
[36msub_channel0: [39mDone updating thermophysical properties.
[36msub_channel0: [39mT_block_error: 2.05409e-07
[36msub_channel0: [39mP_error :1.16149e-06
[36msub_channel0: [39mIteration:  1
[36msub_channel0: [39mMaximum iterations: 5
[36msub_channel0: [39mFinished executing subchannel solver
[36msub_channel0: [39mCommencing calculation of Pin surface temperature 
[36msub_channel0: [39m ======================================= 
[36msub_channel0: [39m ======== Subchannel Print Outs ======== 
[36msub_channel0: [39m ======================================= 
[36msub_channel0: [39mTotal flow area :0.000984685 m^2
[36msub_channel0: [39mAssembly hydraulic diameter :0.00943815 m
[36msub_channel0: [39mAssembly Re number :382270 [-]
[36msub_channel0: [39mBulk coolant temperature at outlet :599.786 K
[36msub_channel0: [39mPower added to coolant is : 847964 Watt
[36msub_channel0: [39mMass flow rate in is : 3.7418 kg/sec
[36msub_channel0: [39mMass balance is : 1.39779e-05 kg/sec
[36msub_channel0: [39mUser defined outlet pressure is : 1.57e+07 Pa
[36msub_channel0: [39m ======================================= 
[36msub_channel0: [39m[32m Solve Converged![39m
[36msub_channel0: [39m
[36msub_channel0_viz0: [39m
[36msub_channel0_viz0: [39mPostprocessor Values:
[36msub_channel0_viz0: [39m+----------------+----------------+----------------+----------------+
[36msub_channel0_viz0: [39m| time           | avg_coolant_T  | max_T_fluid    | min_T_fluid    |
[36msub_channel0_viz0: [39m+----------------+----------------+----------------+----------------+
[36msub_channel0_viz0: [39m|   0.000000e+00 |   5.845637e+02 |   6.015293e+02 |   5.603776e+02 |
[36msub_channel0_viz0: [39m+----------------+----------------+----------------+----------------+
[36msub_channel0_viz0: [39m
[36msub_channel0_viz0: [39m[32m Solve Converged![39m
[36msub_channel0_viz0: [39m
[36msub_channel0_viz0: [39m
[36msub_channel0_viz0: [39mPostprocessor Values:
[36msub_channel0_viz0: [39m+----------------+----------------+----------------+----------------+
[36msub_channel0_viz0: [39m| time           | avg_coolant_T  | max_T_fluid    | min_T_fluid    |
[36msub_channel0_viz0: [39m+----------------+----------------+----------------+----------------+
[36msub_channel0_viz0: [39m|   0.000000e+00 |   5.845637e+02 |   6.015293e+02 |   5.603776e+02 |
[36msub_channel0_viz0: [39m|   1.000000e+00 |   5.845712e+02 |   6.015069e+02 |   5.603795e+02 |
[36msub_channel0_viz0: [39m+----------------+----------------+----------------+----------------+
[36msub_channel0_viz0: [39m
Sending temperature to OpenMC cells... 
Setting cell id 13, instance 0 (of 9) [1 contained cells] to temperature (K): 1574.63
Setting cell id 13, instance 1 (of 9) [1 contained cells] to temperature (K): 1575.01
Setting cell id 13, instance 2 (of 9) [1 contained cells] to temperature (K): 1576.1
Setting cell id 13, instance 3 (of 9) [1 contained cells] to temperature (K): 1575.68
Setting cell id 13, instance 4 (of 9) [1 contained cells] to temperature (K): 1577.87
Setting cell id 13, instance 5 (of 9) [1 contained cells] to temperature (K): 1576.21
Setting cell id 13, instance 6 (of 9) [1 contained cells] to temperature (K): 1578.13
Setting cell id 13, instance 7 (of 9) [1 contained cells] to temperature (K): 1579.14
Setting cell id 13, instance 8 (of 9) [1 contained cells] to temperature (K): 1579.44
Setting cell id 14, instance 0 (of 9) [1 contained cells] to temperature (K): 727.991
Setting cell id 14, instance 1 (of 9) [1 contained cells] to temperature (K): 729.076
Setting cell id 14, instance 2 (of 9) [1 contained cells] to temperature (K): 728.157
Setting cell id 14, instance 3 (of 9) [1 contained cells] to temperature (K): 728.934
Setting cell id 14, instance 4 (of 9) [1 contained cells] to temperature (K): 730.314
Setting cell id 14, instance 5 (of 9) [1 contained cells] to temperature (K): 729.053
Setting cell id 14, instance 6 (of 9) [1 contained cells] to temperature (K): 728.397
Setting cell id 14, instance 7 (of 9) [1 contained cells] to temperature (K): 729.801
Setting cell id 14, instance 8 (of 9) [1 contained cells] to temperature (K): 729.422
Setting cell id 16, instance 0 (of 9) [1 contained cells] to temperature (K): 584.378
Setting cell id 16, instance 1 (of 9) [1 contained cells] to temperature (K): 585.485
Setting cell id 16, instance 2 (of 9) [1 contained cells] to temperature (K): 584.386
Setting cell id 16, instance 3 (of 9) [1 contained cells] to temperature (K): 585.496
Setting cell id 16, instance 4 (of 9) [1 contained cells] to temperature (K): 586.754
Setting cell id 16, instance 5 (of 9) [1 contained cells] to temperature (K): 585.543
Setting cell id 16, instance 6 (of 9) [1 contained cells] to temperature (K): 584.426
Setting cell id 16, instance 7 (of 9) [1 contained cells] to temperature (K): 585.577
Setting cell id 16, instance 8 (of 9) [1 contained cells] to temperature (K): 584.52
Sending density to OpenMC cells... 
Setting cell id 16, instance 0 (of 9) to density (kg/m3): 700.434
Setting cell id 16, instance 1 (of 9) to density (kg/m3): 697.704
Setting cell id 16, instance 2 (of 9) to density (kg/m3): 700.42
Setting cell id 16, instance 3 (of 9) to density (kg/m3): 697.672
Setting cell id 16, instance 4 (of 9) to density (kg/m3): 694.52
Setting cell id 16, instance 5 (of 9) to density (kg/m3): 697.56
Setting cell id 16, instance 6 (of 9) to density (kg/m3): 700.317
Setting cell id 16, instance 7 (of 9) to density (kg/m3): 697.474
Setting cell id 16, instance 8 (of 9) to density (kg/m3): 700.088
 Running OpenMC with 2000 particles per batch...
 Maximum neutron transport energy: 20000000 eV for O17
 Initializing source particles...

 ====================>     K EIGENVALUE SIMULATION     <====================

  Bat./Gen.      k            Average k
  =========   ========   ====================
        1/1    1.33504
        2/1    1.23295
        3/1    1.29851
        4/1    1.28794
        5/1    1.22416
        6/1    1.24157
        7/1    1.22792
        8/1    1.23784
        9/1    1.25531
       10/1    1.23703
       11/1    1.26999
       12/1    1.22206
       13/1    1.27033
       14/1    1.28949
       15/1    1.23979
       16/1    1.26562
       17/1    1.26051
       18/1    1.33473
       19/1    1.30267
       20/1    1.28290
       21/1    1.33818
       22/1    1.29105
       23/1    1.26174
       24/1    1.27848
       25/1    1.29023
       26/1    1.25245
       27/1    1.29819
       28/1    1.30266
       29/1    1.35083
       30/1    1.29989
       31/1    1.27439
       32/1    1.29436
       33/1    1.26925
       34/1    1.25709
       35/1    1.28241
       36/1    1.24713
       37/1    1.26363
       38/1    1.26483
       39/1    1.30896
       40/1    1.31140
       41/1    1.25190
       42/1    1.23074
       43/1    1.26277
       44/1    1.29178
       45/1    1.28395
       46/1    1.30217
       47/1    1.26321
       48/1    1.20117
       49/1    1.27378
       50/1    1.27135
       51/1    1.28339
       52/1    1.29181    1.28760 +/- 0.00421
       53/1    1.28490    1.28670 +/- 0.00259
       54/1    1.19790    1.26450 +/- 0.02227
       55/1    1.24319    1.26024 +/- 0.01777
       56/1    1.31313    1.26905 +/- 0.01698
       57/1    1.28309    1.27106 +/- 0.01449
       58/1    1.22594    1.26542 +/- 0.01376
       59/1    1.26710    1.26560 +/- 0.01213
       60/1    1.27055    1.26610 +/- 0.01086
       61/1    1.29078    1.26834 +/- 0.01008
       62/1    1.29159    1.27028 +/- 0.00940
       63/1    1.26032    1.26951 +/- 0.00868
       64/1    1.29534    1.27136 +/- 0.00825
       65/1    1.31184    1.27406 +/- 0.00814
       66/1    1.20976    1.27004 +/- 0.00861
       67/1    1.28908    1.27116 +/- 0.00816
       68/1    1.29871    1.27269 +/- 0.00785
       69/1    1.21726    1.26977 +/- 0.00798
       70/1    1.29805    1.27119 +/- 0.00770
       71/1    1.24620    1.27000 +/- 0.00742
       72/1    1.30607    1.27164 +/- 0.00726
       73/1    1.26500    1.27135 +/- 0.00694
       74/1    1.25435    1.27064 +/- 0.00669
       75/1    1.25483    1.27001 +/- 0.00644
       76/1    1.26161    1.26968 +/- 0.00620
       77/1    1.33018    1.27192 +/- 0.00637
       78/1    1.34231    1.27444 +/- 0.00663
       79/1    1.28037    1.27464 +/- 0.00641
       80/1    1.28863    1.27511 +/- 0.00621
       81/1    1.29988    1.27591 +/- 0.00606
       82/1    1.26359    1.27552 +/- 0.00588
       83/1    1.34138    1.27752 +/- 0.00603
       84/1    1.30690    1.27838 +/- 0.00592
       85/1    1.35861    1.28067 +/- 0.00619
       86/1    1.28762    1.28087 +/- 0.00601
       87/1    1.30032    1.28139 +/- 0.00587
       88/1    1.24462    1.28043 +/- 0.00580
       89/1    1.27490    1.28028 +/- 0.00565
       90/1    1.27355    1.28012 +/- 0.00551
       91/1    1.21232    1.27846 +/- 0.00562
       92/1    1.28695    1.27866 +/- 0.00549
       93/1    1.24796    1.27795 +/- 0.00541
       94/1    1.24914    1.27730 +/- 0.00532
       95/1    1.30816    1.27798 +/- 0.00525
       96/1    1.26715    1.27775 +/- 0.00514
       97/1    1.33511    1.27897 +/- 0.00517
       98/1    1.30960    1.27960 +/- 0.00511
       99/1    1.25286    1.27906 +/- 0.00503
      100/1    1.30330    1.27954 +/- 0.00495
      101/1    1.26200    1.27920 +/- 0.00487
      102/1    1.25579    1.27875 +/- 0.00479
      103/1    1.22268    1.27769 +/- 0.00482
      104/1    1.24231    1.27704 +/- 0.00477
      105/1    1.36119    1.27857 +/- 0.00493
      106/1    1.28158    1.27862 +/- 0.00484
      107/1    1.26461    1.27837 +/- 0.00476
      108/1    1.29194    1.27861 +/- 0.00469
      109/1    1.24437    1.27803 +/- 0.00464
      110/1    1.23978    1.27739 +/- 0.00461
      111/1    1.28358    1.27749 +/- 0.00453
      112/1    1.31124    1.27804 +/- 0.00449
      113/1    1.29603    1.27832 +/- 0.00443
      114/1    1.26907    1.27818 +/- 0.00436
      115/1    1.27379    1.27811 +/- 0.00430
      116/1    1.29257    1.27833 +/- 0.00424
      117/1    1.31405    1.27886 +/- 0.00421
      118/1    1.27488    1.27880 +/- 0.00414
      119/1    1.28139    1.27884 +/- 0.00408
      120/1    1.29001    1.27900 +/- 0.00403
      121/1    1.28626    1.27910 +/- 0.00397
      122/1    1.25163    1.27872 +/- 0.00394
      123/1    1.31607    1.27923 +/- 0.00391
      124/1    1.25158    1.27886 +/- 0.00388
      125/1    1.32330    1.27945 +/- 0.00387
      126/1    1.36692    1.28060 +/- 0.00399
      127/1    1.28671    1.28068 +/- 0.00394
      128/1    1.21855    1.27989 +/- 0.00397
      129/1    1.29148    1.28003 +/- 0.00392
      130/1    1.27801    1.28001 +/- 0.00387
      131/1    1.28438    1.28006 +/- 0.00382
      132/1    1.26730    1.27991 +/- 0.00378
      133/1    1.30817    1.28025 +/- 0.00375
      134/1    1.26990    1.28012 +/- 0.00371
      135/1    1.21015    1.27930 +/- 0.00376
      136/1    1.29668    1.27950 +/- 0.00372
      137/1    1.24827    1.27914 +/- 0.00369
      138/1    1.27146    1.27905 +/- 0.00365
      139/1    1.25215    1.27875 +/- 0.00362
      140/1    1.25552    1.27849 +/- 0.00359
      141/1    1.28603    1.27858 +/- 0.00355
      142/1    1.28680    1.27867 +/- 0.00351
      143/1    1.30854    1.27899 +/- 0.00349
      144/1    1.25503    1.27873 +/- 0.00346
      145/1    1.22905    1.27821 +/- 0.00347
      146/1    1.30551    1.27849 +/- 0.00344
      147/1    1.24057    1.27810 +/- 0.00343
      148/1    1.26815    1.27800 +/- 0.00339
      149/1    1.28055    1.27803 +/- 0.00336
      150/1    1.32915    1.27854 +/- 0.00337
 Creating state point statepoint.150.h5...

 =======================>     TIMING STATISTICS     <=======================

 Total time for initialization     = 0.0000e+00 seconds
   Reading cross sections          = 0.0000e+00 seconds
 Total time in simulation          = 5.5951e+00 seconds
   Time in transport only          = 5.5280e+00 seconds
   Time in inactive batches        = 8.6680e-01 seconds
   Time in active batches          = 4.7283e+00 seconds
   Time synchronizing fission bank = 1.7582e-02 seconds
     Sampling source sites         = 1.4858e-02 seconds
     SEND/RECV source sites        = 2.4617e-03 seconds
   Time accumulating tallies       = 3.0904e-02 seconds
   Time writing statepoints        = 5.6034e-03 seconds
 Total time for finalization       = 2.3341e-02 seconds
 Total time elapsed                = 5.6302e+00 seconds
 Calculation Rate (inactive)       = 115367 particles/second
 Calculation Rate (active)         = 42298.8 particles/second

 ============================>     RESULTS     <============================

 k-effective (Collision)     = 1.27951 +/- 0.00263
 k-effective (Track-length)  = 1.27854 +/- 0.00337
 k-effective (Absorption)    = 1.27358 +/- 0.00208
 Combined k-effective        = 1.27551 +/- 0.00184
 Leakage Fraction            = 0.00010 +/- 0.00002

    Finished Solving OpenMC                                                              [[33m  5.63 s[39m] [[33m 1291 MB[39m]
Extracting OpenMC tallies...
[32m Solve Converged![39m

  Finished Solving                                                                       [[33m  5.68 s[39m] [[33m 1291 MB[39m]
[36msolid0: [39m
[36msolid0: [39mTime Step 15, time = 15, dt = 1
[36msolid0: [39m 0 Nonlinear |R| = [32m1.485568e+02[39m
[36msolid0: [39m      0 Linear |R| = [32m1.485568e+02[39m
[36msolid0: [39m      1 Linear |R| = [32m3.988561e+01[39m
[36msolid0: [39m      2 Linear |R| = [32m1.930495e+01[39m
[36msolid0: [39m      3 Linear |R| = [32m5.056163e+00[39m
[36msolid0: [39m      4 Linear |R| = [32m8.511118e-01[39m
[36msolid0: [39m      5 Linear |R| = [32m1.693831e-01[39m
[36msolid0: [39m      6 Linear |R| = [32m4.008698e-02[39m
[36msolid0: [39m      7 Linear |R| = [32m5.767823e-03[39m
[36msolid0: [39m      8 Linear |R| = [32m6.054319e-04[39m
[36msolid0: [39m 1 Nonlinear |R| = [32m3.134209e-03[39m
[36msolid0: [39m      0 Linear |R| = [32m3.134209e-03[39m
[36msolid0: [39m      1 Linear |R| = [32m1.563378e-04[39m
[36msolid0: [39m      2 Linear |R| = [32m5.173715e-05[39m
[36msolid0: [39m      3 Linear |R| = [32m2.707002e-05[39m
[36msolid0: [39m      4 Linear |R| = [32m6.908484e-06[39m
[36msolid0: [39m      5 Linear |R| = [32m1.456586e-06[39m
[36msolid0: [39m      6 Linear |R| = [32m2.758452e-07[39m
[36msolid0: [39m      7 Linear |R| = [32m4.721019e-08[39m
[36msolid0: [39m      8 Linear |R| = [32m1.091090e-08[39m
[36msolid0: [39m 2 Nonlinear |R| = [32m1.604407e-08[39m
[36msolid0: [39m[32m Solve Converged![39m
[36msolid0: [39m
[36msolid0: [39mFinished Solving                                                                 [[33m  7.57 s[39m] [[33m 1278 MB[39m]
[36msolid0: [39m
[36msolid0: [39mPostprocessor Values:
[36msolid0: [39m+----------------+----------------+---------------------------+----------------+----------------+----------------+----------------+
[36msolid0: [39m| time           | avg_fuel_T     | conduction_power_integral | max_T_wall_send| max_clad_T     | max_fuel_T     | min_T_wall_send|
[36msolid0: [39m+----------------+----------------+---------------------------+----------------+----------------+----------------+----------------+
[36msolid0: [39m:                :                :                           :                :                :                :                :
[36msolid0: [39m|   1.000000e+00 |   3.883513e+02 |              8.549444e+05 |   5.599995e+02 |   5.580360e+02 |   5.631977e+02 |   5.599956e+02 |
[36msolid0: [39m|   2.000000e+00 |   6.636712e+02 |              8.549444e+05 |   6.409837e+02 |   6.746879e+02 |   9.544290e+02 |   5.986320e+02 |
[36msolid0: [39m|   3.000000e+00 |   8.596146e+02 |              8.549444e+05 |   6.399973e+02 |   7.036338e+02 |   1.336825e+03 |   6.056526e+02 |
[36msolid0: [39m|   4.000000e+00 |   1.005370e+03 |              8.549444e+05 |   6.411135e+02 |   7.175352e+02 |   1.650408e+03 |   6.065568e+02 |
[36msolid0: [39m|   5.000000e+00 |   1.115926e+03 |              8.549444e+05 |   6.410041e+02 |   7.288512e+02 |   1.909306e+03 |   6.070431e+02 |
[36msolid0: [39m|   6.000000e+00 |   1.200545e+03 |              8.549444e+05 |   6.409744e+02 |   7.374952e+02 |   2.100466e+03 |   6.067786e+02 |
[36msolid0: [39m|   7.000000e+00 |   1.265470e+03 |              8.549444e+05 |   6.403851e+02 |   7.442989e+02 |   2.248675e+03 |   6.073112e+02 |
[36msolid0: [39m|   8.000000e+00 |   1.315462e+03 |              8.549444e+05 |   6.402043e+02 |   7.506500e+02 |   2.365450e+03 |   6.070970e+02 |
[36msolid0: [39m|   9.000000e+00 |   1.353935e+03 |              8.549444e+05 |   6.400073e+02 |   7.535466e+02 |   2.455033e+03 |   6.070500e+02 |
[36msolid0: [39m|   1.000000e+01 |   1.383600e+03 |              8.549444e+05 |   6.400177e+02 |   7.571308e+02 |   2.526494e+03 |   6.068955e+02 |
[36msolid0: [39m|   1.100000e+01 |   1.406463e+03 |              8.549444e+05 |   6.397755e+02 |   7.597272e+02 |   2.582900e+03 |   6.067605e+02 |
[36msolid0: [39m|   1.200000e+01 |   1.424070e+03 |              8.549444e+05 |   6.393915e+02 |   7.613982e+02 |   2.629024e+03 |   6.069612e+02 |
[36msolid0: [39m|   1.300000e+01 |   1.437618e+03 |              8.549444e+05 |   6.392046e+02 |   7.623323e+02 |   2.659306e+03 |   6.070022e+02 |
[36msolid0: [39m|   1.400000e+01 |   1.448038e+03 |              8.549444e+05 |   6.391765e+02 |   7.621235e+02 |   2.682551e+03 |   6.071461e+02 |
[36msolid0: [39m|   1.500000e+01 |   1.456080e+03 |              8.549444e+05 |   6.392419e+02 |   7.632614e+02 |   2.706766e+03 |   6.072024e+02 |
[36msolid0: [39m+----------------+----------------+---------------------------+----------------+----------------+----------------+----------------+
[36msolid0: [39m
[36msolid0: [39m
[36msolid0: [39mPostprocessor Values:
[36msolid0: [39m+----------------+----------------+---------------------------+----------------+----------------+----------------+----------------+
[36msolid0: [39m| time           | avg_fuel_T     | conduction_power_integral | max_T_wall_send| max_clad_T     | max_fuel_T     | min_T_wall_send|
[36msolid0: [39m+----------------+----------------+---------------------------+----------------+----------------+----------------+----------------+
[36msolid0: [39m:                :                :                           :                :                :                :                :
[36msolid0: [39m|   1.000000e+00 |   3.883513e+02 |              8.549444e+05 |   5.599995e+02 |   5.580360e+02 |   5.631977e+02 |   5.599956e+02 |
[36msolid0: [39m|   2.000000e+00 |   6.636712e+02 |              8.549444e+05 |   6.409837e+02 |   6.746879e+02 |   9.544290e+02 |   5.986320e+02 |
[36msolid0: [39m|   3.000000e+00 |   8.596146e+02 |              8.549444e+05 |   6.399973e+02 |   7.036338e+02 |   1.336825e+03 |   6.056526e+02 |
[36msolid0: [39m|   4.000000e+00 |   1.005370e+03 |              8.549444e+05 |   6.411135e+02 |   7.175352e+02 |   1.650408e+03 |   6.065568e+02 |
[36msolid0: [39m|   5.000000e+00 |   1.115926e+03 |              8.549444e+05 |   6.410041e+02 |   7.288512e+02 |   1.909306e+03 |   6.070431e+02 |
[36msolid0: [39m|   6.000000e+00 |   1.200545e+03 |              8.549444e+05 |   6.409744e+02 |   7.374952e+02 |   2.100466e+03 |   6.067786e+02 |
[36msolid0: [39m|   7.000000e+00 |   1.265470e+03 |              8.549444e+05 |   6.403851e+02 |   7.442989e+02 |   2.248675e+03 |   6.073112e+02 |
[36msolid0: [39m|   8.000000e+00 |   1.315462e+03 |              8.549444e+05 |   6.402043e+02 |   7.506500e+02 |   2.365450e+03 |   6.070970e+02 |
[36msolid0: [39m|   9.000000e+00 |   1.353935e+03 |              8.549444e+05 |   6.400073e+02 |   7.535466e+02 |   2.455033e+03 |   6.070500e+02 |
[36msolid0: [39m|   1.000000e+01 |   1.383600e+03 |              8.549444e+05 |   6.400177e+02 |   7.571308e+02 |   2.526494e+03 |   6.068955e+02 |
[36msolid0: [39m|   1.100000e+01 |   1.406463e+03 |              8.549444e+05 |   6.397755e+02 |   7.597272e+02 |   2.582900e+03 |   6.067605e+02 |
[36msolid0: [39m|   1.200000e+01 |   1.424070e+03 |              8.549444e+05 |   6.393915e+02 |   7.613982e+02 |   2.629024e+03 |   6.069612e+02 |
[36msolid0: [39m|   1.300000e+01 |   1.437618e+03 |              8.549444e+05 |   6.392046e+02 |   7.623323e+02 |   2.659306e+03 |   6.070022e+02 |
[36msolid0: [39m|   1.400000e+01 |   1.448038e+03 |              8.549444e+05 |   6.391765e+02 |   7.621235e+02 |   2.682551e+03 |   6.071461e+02 |
[36msolid0: [39m|   1.500000e+01 |   1.456080e+03 |              8.549444e+05 |   6.392419e+02 |   7.632614e+02 |   2.706766e+03 |   6.072024e+02 |
[36msolid0: [39m+----------------+----------------+---------------------------+----------------+----------------+----------------+----------------+
[36msolid0: [39m
    Finished Executing MultiApps                                                         [[33m  8.11 s[39m] [[33m 1278 MB[39m]
  Finished Executing MultiApps                                                           [[33m  8.11 s[39m] [[33m 1278 MB[39m]

Postprocessor Values:
+----------------+----------------+----------------+----------------+----------------+----------------+----------------+
| time           | avg_coolant_T  | avg_coolant_rho| k              | k_std_dev      | max_coolant_T  | max_coolant_rho|
+----------------+----------------+----------------+----------------+----------------+----------------+----------------+
:                :                :                :                :                :                :                :
|   1.000000e+00 |   5.599964e+02 |   7.524099e+02 |   1.355427e+00 |   1.883971e-03 |   5.599976e+02 |   7.524436e+02 |
|   2.000000e+00 |   5.825279e+02 |   7.054159e+02 |   1.322142e+00 |   2.256852e-03 |   5.945761e+02 |   7.496028e+02 |
|   3.000000e+00 |   5.851160e+02 |   6.987270e+02 |   1.300051e+00 |   2.274927e-03 |   6.006535e+02 |   7.494878e+02 |
|   4.000000e+00 |   5.852629e+02 |   6.982710e+02 |   1.292876e+00 |   1.892578e-03 |   6.013537e+02 |   7.495374e+02 |
|   5.000000e+00 |   5.851992e+02 |   6.983959e+02 |   1.287122e+00 |   2.111398e-03 |   6.014135e+02 |   7.496100e+02 |
|   6.000000e+00 |   5.852670e+02 |   6.982515e+02 |   1.282333e+00 |   2.154120e-03 |   6.013515e+02 |   7.495743e+02 |
|   7.000000e+00 |   5.851444e+02 |   6.985239e+02 |   1.283675e+00 |   2.033348e-03 |   6.014103e+02 |   7.496564e+02 |
|   8.000000e+00 |   5.851747e+02 |   6.984657e+02 |   1.281027e+00 |   2.306970e-03 |   6.013597e+02 |   7.496474e+02 |
|   9.000000e+00 |   5.851411e+02 |   6.985391e+02 |   1.282167e+00 |   1.929077e-03 |   6.013800e+02 |   7.496560e+02 |
|   1.000000e+01 |   5.852189e+02 |   6.983582e+02 |   1.279780e+00 |   2.008471e-03 |   6.013393e+02 |   7.496230e+02 |
|   1.100000e+01 |   5.852661e+02 |   6.982511e+02 |   1.277583e+00 |   2.132238e-03 |   6.013526e+02 |   7.495874e+02 |
|   1.200000e+01 |   5.852170e+02 |   6.983632e+02 |   1.274756e+00 |   1.935365e-03 |   6.013825e+02 |   7.496185e+02 |
|   1.300000e+01 |   5.852097e+02 |   6.983833e+02 |   1.277850e+00 |   2.030448e-03 |   6.013711e+02 |   7.496207e+02 |
|   1.400000e+01 |   5.851663e+02 |   6.984783e+02 |   1.274109e+00 |   1.902236e-03 |   6.013927e+02 |   7.496271e+02 |
|   1.500000e+01 |   5.851739e+02 |   6.984654e+02 |   1.275514e+00 |   1.836360e-03 |   6.013699e+02 |   7.496123e+02 |
+----------------+----------------+----------------+----------------+----------------+----------------+----------------+
+----------------+----------------+----------------+-----------------------+
| time           | min_coolant_T  | min_coolant_rho| openmc_power_integral |
+----------------+----------------+----------------+-----------------------+
:                :                :                :                       :
|   1.000000e+00 |   5.599956e+02 |   7.523759e+02 |          8.549444e+05 |
|   2.000000e+00 |   5.615372e+02 |   6.770036e+02 |          8.549444e+05 |
|   3.000000e+00 |   5.615988e+02 |   6.598771e+02 |          8.549444e+05 |
|   4.000000e+00 |   5.615719e+02 |   6.577837e+02 |          8.549444e+05 |
|   5.000000e+00 |   5.615327e+02 |   6.576039e+02 |          8.549444e+05 |
|   6.000000e+00 |   5.615520e+02 |   6.577906e+02 |          8.549444e+05 |
|   7.000000e+00 |   5.615077e+02 |   6.576134e+02 |          8.549444e+05 |
|   8.000000e+00 |   5.615125e+02 |   6.577658e+02 |          8.549444e+05 |
|   9.000000e+00 |   5.615079e+02 |   6.577047e+02 |          8.549444e+05 |
|   1.000000e+01 |   5.615257e+02 |   6.578272e+02 |          8.549444e+05 |
|   1.100000e+01 |   5.615450e+02 |   6.577872e+02 |          8.549444e+05 |
|   1.200000e+01 |   5.615282e+02 |   6.576971e+02 |          8.549444e+05 |
|   1.300000e+01 |   5.615270e+02 |   6.577315e+02 |          8.549444e+05 |
|   1.400000e+01 |   5.615235e+02 |   6.576664e+02 |          8.549444e+05 |
|   1.500000e+01 |   5.615315e+02 |   6.577350e+02 |          8.549444e+05 |
+----------------+----------------+----------------+-----------------------+


Time Step 16, time = 16, dt = 1
[36msub_channel0: [39m
[36msub_channel0: [39mTime Step 0, time = 0
[36msub_channel0: [39m
[36msub_channel0: [39mTime Step 1, time = 1, dt = 1
[36msub_channel0: [39mExecuting subchannel solver
[36msub_channel0: [39mSolution initialized
[36msub_channel0: [39mSolving Outer Iteration : 1
[36msub_channel0: [39mSolving Block: 0 From first level: 1 to last level: 60
[36msub_channel0: [39mBlock: 0 - Enthalpy conservation matrix assembled
[36msub_channel0: [39mStart updating thermophysical properties.
[36msub_channel0: [39mDone updating thermophysical properties.
[36msub_channel0: [39mT_block_error: 8.42793e-05
[36msub_channel0: [39mBlock: 0 - Enthalpy conservation matrix assembled
[36msub_channel0: [39mStart updating thermophysical properties.
[36msub_channel0: [39mDone updating thermophysical properties.
[36msub_channel0: [39mT_block_error: 8.20516e-07
[36msub_channel0: [39mP_error :4.43648e-06
[36msub_channel0: [39mIteration:  1
[36msub_channel0: [39mMaximum iterations: 5
[36msub_channel0: [39mFinished executing subchannel solver
[36msub_channel0: [39mCommencing calculation of Pin surface temperature 
[36msub_channel0: [39m ======================================= 
[36msub_channel0: [39m ======== Subchannel Print Outs ======== 
[36msub_channel0: [39m ======================================= 
[36msub_channel0: [39mTotal flow area :0.000984685 m^2
[36msub_channel0: [39mAssembly hydraulic diameter :0.00943815 m
[36msub_channel0: [39mAssembly Re number :382270 [-]
[36msub_channel0: [39mBulk coolant temperature at outlet :599.766 K
[36msub_channel0: [39mPower added to coolant is : 847799 Watt
[36msub_channel0: [39mMass flow rate in is : 3.7418 kg/sec
[36msub_channel0: [39mMass balance is : 0.000216832 kg/sec
[36msub_channel0: [39mUser defined outlet pressure is : 1.57e+07 Pa
[36msub_channel0: [39m ======================================= 
[36msub_channel0: [39m[32m Solve Converged![39m
[36msub_channel0: [39m
[36msub_channel0_viz0: [39m
[36msub_channel0_viz0: [39mPostprocessor Values:
[36msub_channel0_viz0: [39m+----------------+----------------+----------------+----------------+
[36msub_channel0_viz0: [39m| time           | avg_coolant_T  | max_T_fluid    | min_T_fluid    |
[36msub_channel0_viz0: [39m+----------------+----------------+----------------+----------------+
[36msub_channel0_viz0: [39m|   0.000000e+00 |   5.845712e+02 |   6.015069e+02 |   5.603795e+02 |
[36msub_channel0_viz0: [39m+----------------+----------------+----------------+----------------+
[36msub_channel0_viz0: [39m
[36msub_channel0_viz0: [39m[32m Solve Converged![39m
[36msub_channel0_viz0: [39m
[36msub_channel0_viz0: [39m
[36msub_channel0_viz0: [39mPostprocessor Values:
[36msub_channel0_viz0: [39m+----------------+----------------+----------------+----------------+
[36msub_channel0_viz0: [39m| time           | avg_coolant_T  | max_T_fluid    | min_T_fluid    |
[36msub_channel0_viz0: [39m+----------------+----------------+----------------+----------------+
[36msub_channel0_viz0: [39m|   0.000000e+00 |   5.845712e+02 |   6.015069e+02 |   5.603795e+02 |
[36msub_channel0_viz0: [39m|   1.000000e+00 |   5.846230e+02 |   6.014868e+02 |   5.603812e+02 |
[36msub_channel0_viz0: [39m+----------------+----------------+----------------+----------------+
[36msub_channel0_viz0: [39m
Sending temperature to OpenMC cells... 
Setting cell id 13, instance 0 (of 9) [1 contained cells] to temperature (K): 1584.15
Setting cell id 13, instance 1 (of 9) [1 contained cells] to temperature (K): 1584.05
Setting cell id 13, instance 2 (of 9) [1 contained cells] to temperature (K): 1584.95
Setting cell id 13, instance 3 (of 9) [1 contained cells] to temperature (K): 1585.05
Setting cell id 13, instance 4 (of 9) [1 contained cells] to temperature (K): 1586.73
Setting cell id 13, instance 5 (of 9) [1 contained cells] to temperature (K): 1585.61
Setting cell id 13, instance 6 (of 9) [1 contained cells] to temperature (K): 1587.2
Setting cell id 13, instance 7 (of 9) [1 contained cells] to temperature (K): 1588.24
Setting cell id 13, instance 8 (of 9) [1 contained cells] to temperature (K): 1588.95
Setting cell id 14, instance 0 (of 9) [1 contained cells] to temperature (K): 728.885
Setting cell id 14, instance 1 (of 9) [1 contained cells] to temperature (K): 729.859
Setting cell id 14, instance 2 (of 9) [1 contained cells] to temperature (K): 728.845
Setting cell id 14, instance 3 (of 9) [1 contained cells] to temperature (K): 729.859
Setting cell id 14, instance 4 (of 9) [1 contained cells] to temperature (K): 731.109
Setting cell id 14, instance 5 (of 9) [1 contained cells] to temperature (K): 729.929
Setting cell id 14, instance 6 (of 9) [1 contained cells] to temperature (K): 729.192
Setting cell id 14, instance 7 (of 9) [1 contained cells] to temperature (K): 730.556
Setting cell id 14, instance 8 (of 9) [1 contained cells] to temperature (K): 730.192
Setting cell id 16, instance 0 (of 9) [1 contained cells] to temperature (K): 584.439
Setting cell id 16, instance 1 (of 9) [1 contained cells] to temperature (K): 585.541
Setting cell id 16, instance 2 (of 9) [1 contained cells] to temperature (K): 584.43
Setting cell id 16, instance 3 (of 9) [1 contained cells] to temperature (K): 585.56
Setting cell id 16, instance 4 (of 9) [1 contained cells] to temperature (K): 586.815
Setting cell id 16, instance 5 (of 9) [1 contained cells] to temperature (K): 585.596
Setting cell id 16, instance 6 (of 9) [1 contained cells] to temperature (K): 584.478
Setting cell id 16, instance 7 (of 9) [1 contained cells] to temperature (K): 585.624
Setting cell id 16, instance 8 (of 9) [1 contained cells] to temperature (K): 584.565
Sending density to OpenMC cells... 
Setting cell id 16, instance 0 (of 9) to density (kg/m3): 700.296
Setting cell id 16, instance 1 (of 9) to density (kg/m3): 697.577
Setting cell id 16, instance 2 (of 9) to density (kg/m3): 700.324
Setting cell id 16, instance 3 (of 9) to density (kg/m3): 697.523
Setting cell id 16, instance 4 (of 9) to density (kg/m3): 694.378
Setting cell id 16, instance 5 (of 9) to density (kg/m3): 697.439
Setting cell id 16, instance 6 (of 9) to density (kg/m3): 700.2
Setting cell id 16, instance 7 (of 9) to density (kg/m3): 697.365
Setting cell id 16, instance 8 (of 9) to density (kg/m3): 699.989
 Running OpenMC with 2000 particles per batch...
 Maximum neutron transport energy: 20000000 eV for O17
 Initializing source particles...

 ====================>     K EIGENVALUE SIMULATION     <====================

  Bat./Gen.      k            Average k
  =========   ========   ====================
        1/1    1.32601
        2/1    1.31318
        3/1    1.22858
        4/1    1.27975
        5/1    1.24968
        6/1    1.21058
        7/1    1.27022
        8/1    1.20830
        9/1    1.19253
       10/1    1.32349
       11/1    1.21107
       12/1    1.24962
       13/1    1.22535
       14/1    1.27054
       15/1    1.22464
       16/1    1.20137
       17/1    1.26946
       18/1    1.31580
       19/1    1.24726
       20/1    1.29747
       21/1    1.33081
       22/1    1.28899
       23/1    1.29350
       24/1    1.25902
       25/1    1.28878
       26/1    1.21121
       27/1    1.27872
       28/1    1.29514
       29/1    1.25082
       30/1    1.31848
       31/1    1.28748
       32/1    1.29839
       33/1    1.31192
       34/1    1.32055
       35/1    1.27184
       36/1    1.25071
       37/1    1.27988
       38/1    1.26552
       39/1    1.30425
       40/1    1.24480
       41/1    1.32196
       42/1    1.33361
       43/1    1.26594
       44/1    1.26161
       45/1    1.27614
       46/1    1.27708
       47/1    1.34674
       48/1    1.23923
       49/1    1.31245
       50/1    1.28137
       51/1    1.32795
       52/1    1.29105    1.30950 +/- 0.01845
       53/1    1.21035    1.27645 +/- 0.03472
       54/1    1.27471    1.27602 +/- 0.02456
       55/1    1.23730    1.26827 +/- 0.02054
       56/1    1.26920    1.26843 +/- 0.01677
       57/1    1.26747    1.26829 +/- 0.01417
       58/1    1.22306    1.26264 +/- 0.01351
       59/1    1.30845    1.26773 +/- 0.01296
       60/1    1.31153    1.27211 +/- 0.01239
       61/1    1.28351    1.27314 +/- 0.01126
       62/1    1.34086    1.27879 +/- 0.01172
       63/1    1.24724    1.27636 +/- 0.01105
       64/1    1.24359    1.27402 +/- 0.01050
       65/1    1.33044    1.27778 +/- 0.01047
       66/1    1.31319    1.27999 +/- 0.01004
       67/1    1.21406    1.27611 +/- 0.01020
       68/1    1.27621    1.27612 +/- 0.00962
       69/1    1.32343    1.27861 +/- 0.00943
       70/1    1.25556    1.27746 +/- 0.00902
       71/1    1.22832    1.27512 +/- 0.00889
       72/1    1.31113    1.27675 +/- 0.00864
       73/1    1.27726    1.27678 +/- 0.00825
       74/1    1.20391    1.27374 +/- 0.00846
       75/1    1.22675    1.27186 +/- 0.00833
       76/1    1.25119    1.27107 +/- 0.00805
       77/1    1.24349    1.27004 +/- 0.00781
       78/1    1.25553    1.26953 +/- 0.00754
       79/1    1.25361    1.26898 +/- 0.00730
       80/1    1.22201    1.26741 +/- 0.00722
       81/1    1.28432    1.26796 +/- 0.00701
       82/1    1.29371    1.26876 +/- 0.00683
       83/1    1.28928    1.26938 +/- 0.00665
       84/1    1.20281    1.26743 +/- 0.00674
       85/1    1.24129    1.26668 +/- 0.00659
       86/1    1.28118    1.26708 +/- 0.00642
       87/1    1.22329    1.26590 +/- 0.00635
       88/1    1.29209    1.26659 +/- 0.00622
       89/1    1.22541    1.26553 +/- 0.00615
       90/1    1.23759    1.26483 +/- 0.00604
       91/1    1.24876    1.26444 +/- 0.00590
       92/1    1.30327    1.26537 +/- 0.00583
       93/1    1.37393    1.26789 +/- 0.00623
       94/1    1.35760    1.26993 +/- 0.00642
       95/1    1.28878    1.27035 +/- 0.00629
       96/1    1.29657    1.27092 +/- 0.00618
       97/1    1.27237    1.27095 +/- 0.00604
       98/1    1.26315    1.27079 +/- 0.00592
       99/1    1.33402    1.27208 +/- 0.00594
      100/1    1.24060    1.27145 +/- 0.00585
      101/1    1.23551    1.27074 +/- 0.00578
      102/1    1.29326    1.27118 +/- 0.00568
      103/1    1.25888    1.27094 +/- 0.00558
      104/1    1.30368    1.27155 +/- 0.00551
      105/1    1.25478    1.27125 +/- 0.00542
      106/1    1.32131    1.27214 +/- 0.00539
      107/1    1.31195    1.27284 +/- 0.00534
      108/1    1.31469    1.27356 +/- 0.00530
      109/1    1.26396    1.27340 +/- 0.00521
      110/1    1.30623    1.27394 +/- 0.00515
      111/1    1.25639    1.27366 +/- 0.00508
      112/1    1.34452    1.27480 +/- 0.00512
      113/1    1.23754    1.27421 +/- 0.00508
      114/1    1.23682    1.27362 +/- 0.00503
      115/1    1.26290    1.27346 +/- 0.00495
      116/1    1.30306    1.27391 +/- 0.00490
      117/1    1.20314    1.27285 +/- 0.00494
      118/1    1.23821    1.27234 +/- 0.00489
      119/1    1.31630    1.27298 +/- 0.00486
      120/1    1.27767    1.27305 +/- 0.00479
      121/1    1.30372    1.27348 +/- 0.00475
      122/1    1.25670    1.27324 +/- 0.00469
      123/1    1.32871    1.27400 +/- 0.00468
      124/1    1.36396    1.27522 +/- 0.00478
      125/1    1.32881    1.27593 +/- 0.00477
      126/1    1.33901    1.27676 +/- 0.00478
      127/1    1.25320    1.27646 +/- 0.00472
      128/1    1.22649    1.27582 +/- 0.00471
      129/1    1.29369    1.27604 +/- 0.00465
      130/1    1.18765    1.27494 +/- 0.00472
      131/1    1.26907    1.27487 +/- 0.00467
      132/1    1.32042    1.27542 +/- 0.00464
      133/1    1.24104    1.27501 +/- 0.00460
      134/1    1.25499    1.27477 +/- 0.00456
      135/1    1.38778    1.27610 +/- 0.00469
      136/1    1.30143    1.27639 +/- 0.00465
      137/1    1.22389    1.27579 +/- 0.00463
      138/1    1.29988    1.27606 +/- 0.00459
      139/1    1.31505    1.27650 +/- 0.00456
      140/1    1.29608    1.27672 +/- 0.00451
      141/1    1.25766    1.27651 +/- 0.00447
      142/1    1.27697    1.27652 +/- 0.00442
      143/1    1.28402    1.27660 +/- 0.00437
      144/1    1.31209    1.27697 +/- 0.00434
      145/1    1.26749    1.27687 +/- 0.00430
      146/1    1.30204    1.27714 +/- 0.00426
      147/1    1.25743    1.27693 +/- 0.00422
      148/1    1.28799    1.27705 +/- 0.00418
      149/1    1.20336    1.27630 +/- 0.00420
      150/1    1.31035    1.27664 +/- 0.00417
 Creating state point statepoint.150.h5...

 =======================>     TIMING STATISTICS     <=======================

 Total time for initialization     = 0.0000e+00 seconds
   Reading cross sections          = 0.0000e+00 seconds
 Total time in simulation          = 5.5032e+00 seconds
   Time in transport only          = 5.4368e+00 seconds
   Time in inactive batches        = 8.5975e-01 seconds
   Time in active batches          = 4.6434e+00 seconds
   Time synchronizing fission bank = 1.7208e-02 seconds
     Sampling source sites         = 1.4625e-02 seconds
     SEND/RECV source sites        = 2.3223e-03 seconds
   Time accumulating tallies       = 2.9896e-02 seconds
   Time writing statepoints        = 6.6737e-03 seconds
 Total time for finalization       = 3.0514e-02 seconds
 Total time elapsed                = 5.5457e+00 seconds
 Calculation Rate (inactive)       = 116312 particles/second
 Calculation Rate (active)         = 43071.8 particles/second

 ============================>     RESULTS     <============================

 k-effective (Collision)     = 1.27564 +/- 0.00334
 k-effective (Track-length)  = 1.27664 +/- 0.00417
 k-effective (Absorption)    = 1.27530 +/- 0.00233
 Combined k-effective        = 1.27542 +/- 0.00229
 Leakage Fraction            = 0.00016 +/- 0.00003

    Finished Solving OpenMC                                                              [[33m  5.55 s[39m] [[33m 1291 MB[39m]
Extracting OpenMC tallies...
[32m Solve Converged![39m

  Finished Solving                                                                       [[33m  5.59 s[39m] [[33m 1291 MB[39m]
[36msolid0: [39m
[36msolid0: [39mTime Step 16, time = 16, dt = 1
[36msolid0: [39m 0 Nonlinear |R| = [32m1.177973e+02[39m
[36msolid0: [39m      0 Linear |R| = [32m1.177973e+02[39m
[36msolid0: [39m      1 Linear |R| = [32m3.094859e+01[39m
[36msolid0: [39m      2 Linear |R| = [32m1.484827e+01[39m
[36msolid0: [39m      3 Linear |R| = [32m3.943428e+00[39m
[36msolid0: [39m      4 Linear |R| = [32m6.778900e-01[39m
[36msolid0: [39m      5 Linear |R| = [32m1.352868e-01[39m
[36msolid0: [39m      6 Linear |R| = [32m3.194918e-02[39m
[36msolid0: [39m      7 Linear |R| = [32m4.587694e-03[39m
[36msolid0: [39m      8 Linear |R| = [32m4.948249e-04[39m
[36msolid0: [39m 1 Nonlinear |R| = [32m2.367110e-03[39m
[36msolid0: [39m      0 Linear |R| = [32m2.367110e-03[39m
[36msolid0: [39m      1 Linear |R| = [32m1.241614e-04[39m
[36msolid0: [39m      2 Linear |R| = [32m4.651071e-05[39m
[36msolid0: [39m      3 Linear |R| = [32m2.330776e-05[39m
[36msolid0: [39m      4 Linear |R| = [32m5.613256e-06[39m
[36msolid0: [39m      5 Linear |R| = [32m1.161323e-06[39m
[36msolid0: [39m      6 Linear |R| = [32m2.212739e-07[39m
[36msolid0: [39m      7 Linear |R| = [32m3.838410e-08[39m
[36msolid0: [39m      8 Linear |R| = [32m9.294140e-09[39m
[36msolid0: [39m 2 Nonlinear |R| = [32m1.333495e-08[39m
[36msolid0: [39m[32m Solve Converged![39m
[36msolid0: [39m
[36msolid0: [39mFinished Solving                                                                 [[33m  7.56 s[39m] [[33m 1317 MB[39m]
[36msolid0: [39m
[36msolid0: [39mPostprocessor Values:
[36msolid0: [39m+----------------+----------------+---------------------------+----------------+----------------+----------------+----------------+
[36msolid0: [39m| time           | avg_fuel_T     | conduction_power_integral | max_T_wall_send| max_clad_T     | max_fuel_T     | min_T_wall_send|
[36msolid0: [39m+----------------+----------------+---------------------------+----------------+----------------+----------------+----------------+
[36msolid0: [39m:                :                :                           :                :                :                :                :
[36msolid0: [39m|   2.000000e+00 |   6.636712e+02 |              8.549444e+05 |   6.409837e+02 |   6.746879e+02 |   9.544290e+02 |   5.986320e+02 |
[36msolid0: [39m|   3.000000e+00 |   8.596146e+02 |              8.549444e+05 |   6.399973e+02 |   7.036338e+02 |   1.336825e+03 |   6.056526e+02 |
[36msolid0: [39m|   4.000000e+00 |   1.005370e+03 |              8.549444e+05 |   6.411135e+02 |   7.175352e+02 |   1.650408e+03 |   6.065568e+02 |
[36msolid0: [39m|   5.000000e+00 |   1.115926e+03 |              8.549444e+05 |   6.410041e+02 |   7.288512e+02 |   1.909306e+03 |   6.070431e+02 |
[36msolid0: [39m|   6.000000e+00 |   1.200545e+03 |              8.549444e+05 |   6.409744e+02 |   7.374952e+02 |   2.100466e+03 |   6.067786e+02 |
[36msolid0: [39m|   7.000000e+00 |   1.265470e+03 |              8.549444e+05 |   6.403851e+02 |   7.442989e+02 |   2.248675e+03 |   6.073112e+02 |
[36msolid0: [39m|   8.000000e+00 |   1.315462e+03 |              8.549444e+05 |   6.402043e+02 |   7.506500e+02 |   2.365450e+03 |   6.070970e+02 |
[36msolid0: [39m|   9.000000e+00 |   1.353935e+03 |              8.549444e+05 |   6.400073e+02 |   7.535466e+02 |   2.455033e+03 |   6.070500e+02 |
[36msolid0: [39m|   1.000000e+01 |   1.383600e+03 |              8.549444e+05 |   6.400177e+02 |   7.571308e+02 |   2.526494e+03 |   6.068955e+02 |
[36msolid0: [39m|   1.100000e+01 |   1.406463e+03 |              8.549444e+05 |   6.397755e+02 |   7.597272e+02 |   2.582900e+03 |   6.067605e+02 |
[36msolid0: [39m|   1.200000e+01 |   1.424070e+03 |              8.549444e+05 |   6.393915e+02 |   7.613982e+02 |   2.629024e+03 |   6.069612e+02 |
[36msolid0: [39m|   1.300000e+01 |   1.437618e+03 |              8.549444e+05 |   6.392046e+02 |   7.623323e+02 |   2.659306e+03 |   6.070022e+02 |
[36msolid0: [39m|   1.400000e+01 |   1.448038e+03 |              8.549444e+05 |   6.391765e+02 |   7.621235e+02 |   2.682551e+03 |   6.071461e+02 |
[36msolid0: [39m|   1.500000e+01 |   1.456080e+03 |              8.549444e+05 |   6.392419e+02 |   7.632614e+02 |   2.706766e+03 |   6.072024e+02 |
[36msolid0: [39m|   1.600000e+01 |   1.462292e+03 |              8.549444e+05 |   6.393285e+02 |   7.644213e+02 |   2.723379e+03 |   6.070723e+02 |
[36msolid0: [39m+----------------+----------------+---------------------------+----------------+----------------+----------------+----------------+
[36msolid0: [39m
[36msolid0: [39m
[36msolid0: [39mPostprocessor Values:
[36msolid0: [39m+----------------+----------------+---------------------------+----------------+----------------+----------------+----------------+
[36msolid0: [39m| time           | avg_fuel_T     | conduction_power_integral | max_T_wall_send| max_clad_T     | max_fuel_T     | min_T_wall_send|
[36msolid0: [39m+----------------+----------------+---------------------------+----------------+----------------+----------------+----------------+
[36msolid0: [39m:                :                :                           :                :                :                :                :
[36msolid0: [39m|   2.000000e+00 |   6.636712e+02 |              8.549444e+05 |   6.409837e+02 |   6.746879e+02 |   9.544290e+02 |   5.986320e+02 |
[36msolid0: [39m|   3.000000e+00 |   8.596146e+02 |              8.549444e+05 |   6.399973e+02 |   7.036338e+02 |   1.336825e+03 |   6.056526e+02 |
[36msolid0: [39m|   4.000000e+00 |   1.005370e+03 |              8.549444e+05 |   6.411135e+02 |   7.175352e+02 |   1.650408e+03 |   6.065568e+02 |
[36msolid0: [39m|   5.000000e+00 |   1.115926e+03 |              8.549444e+05 |   6.410041e+02 |   7.288512e+02 |   1.909306e+03 |   6.070431e+02 |
[36msolid0: [39m|   6.000000e+00 |   1.200545e+03 |              8.549444e+05 |   6.409744e+02 |   7.374952e+02 |   2.100466e+03 |   6.067786e+02 |
[36msolid0: [39m|   7.000000e+00 |   1.265470e+03 |              8.549444e+05 |   6.403851e+02 |   7.442989e+02 |   2.248675e+03 |   6.073112e+02 |
[36msolid0: [39m|   8.000000e+00 |   1.315462e+03 |              8.549444e+05 |   6.402043e+02 |   7.506500e+02 |   2.365450e+03 |   6.070970e+02 |
[36msolid0: [39m|   9.000000e+00 |   1.353935e+03 |              8.549444e+05 |   6.400073e+02 |   7.535466e+02 |   2.455033e+03 |   6.070500e+02 |
[36msolid0: [39m|   1.000000e+01 |   1.383600e+03 |              8.549444e+05 |   6.400177e+02 |   7.571308e+02 |   2.526494e+03 |   6.068955e+02 |
[36msolid0: [39m|   1.100000e+01 |   1.406463e+03 |              8.549444e+05 |   6.397755e+02 |   7.597272e+02 |   2.582900e+03 |   6.067605e+02 |
[36msolid0: [39m|   1.200000e+01 |   1.424070e+03 |              8.549444e+05 |   6.393915e+02 |   7.613982e+02 |   2.629024e+03 |   6.069612e+02 |
[36msolid0: [39m|   1.300000e+01 |   1.437618e+03 |              8.549444e+05 |   6.392046e+02 |   7.623323e+02 |   2.659306e+03 |   6.070022e+02 |
[36msolid0: [39m|   1.400000e+01 |   1.448038e+03 |              8.549444e+05 |   6.391765e+02 |   7.621235e+02 |   2.682551e+03 |   6.071461e+02 |
[36msolid0: [39m|   1.500000e+01 |   1.456080e+03 |              8.549444e+05 |   6.392419e+02 |   7.632614e+02 |   2.706766e+03 |   6.072024e+02 |
[36msolid0: [39m|   1.600000e+01 |   1.462292e+03 |              8.549444e+05 |   6.393285e+02 |   7.644213e+02 |   2.723379e+03 |   6.070723e+02 |
[36msolid0: [39m+----------------+----------------+---------------------------+----------------+----------------+----------------+----------------+
[36msolid0: [39m
    Finished Executing MultiApps                                                         [[33m  8.08 s[39m] [[33m 1317 MB[39m]
  Finished Executing MultiApps                                                           [[33m  8.08 s[39m] [[33m 1317 MB[39m]

Postprocessor Values:
+----------------+----------------+----------------+----------------+----------------+----------------+----------------+
| time           | avg_coolant_T  | avg_coolant_rho| k              | k_std_dev      | max_coolant_T  | max_coolant_rho|
+----------------+----------------+----------------+----------------+----------------+----------------+----------------+
:                :                :                :                :                :                :                :
|   2.000000e+00 |   5.825279e+02 |   7.054159e+02 |   1.322142e+00 |   2.256852e-03 |   5.945761e+02 |   7.496028e+02 |
|   3.000000e+00 |   5.851160e+02 |   6.987270e+02 |   1.300051e+00 |   2.274927e-03 |   6.006535e+02 |   7.494878e+02 |
|   4.000000e+00 |   5.852629e+02 |   6.982710e+02 |   1.292876e+00 |   1.892578e-03 |   6.013537e+02 |   7.495374e+02 |
|   5.000000e+00 |   5.851992e+02 |   6.983959e+02 |   1.287122e+00 |   2.111398e-03 |   6.014135e+02 |   7.496100e+02 |
|   6.000000e+00 |   5.852670e+02 |   6.982515e+02 |   1.282333e+00 |   2.154120e-03 |   6.013515e+02 |   7.495743e+02 |
|   7.000000e+00 |   5.851444e+02 |   6.985239e+02 |   1.283675e+00 |   2.033348e-03 |   6.014103e+02 |   7.496564e+02 |
|   8.000000e+00 |   5.851747e+02 |   6.984657e+02 |   1.281027e+00 |   2.306970e-03 |   6.013597e+02 |   7.496474e+02 |
|   9.000000e+00 |   5.851411e+02 |   6.985391e+02 |   1.282167e+00 |   1.929077e-03 |   6.013800e+02 |   7.496560e+02 |
|   1.000000e+01 |   5.852189e+02 |   6.983582e+02 |   1.279780e+00 |   2.008471e-03 |   6.013393e+02 |   7.496230e+02 |
|   1.100000e+01 |   5.852661e+02 |   6.982511e+02 |   1.277583e+00 |   2.132238e-03 |   6.013526e+02 |   7.495874e+02 |
|   1.200000e+01 |   5.852170e+02 |   6.983632e+02 |   1.274756e+00 |   1.935365e-03 |   6.013825e+02 |   7.496185e+02 |
|   1.300000e+01 |   5.852097e+02 |   6.983833e+02 |   1.277850e+00 |   2.030448e-03 |   6.013711e+02 |   7.496207e+02 |
|   1.400000e+01 |   5.851663e+02 |   6.984783e+02 |   1.274109e+00 |   1.902236e-03 |   6.013927e+02 |   7.496271e+02 |
|   1.500000e+01 |   5.851739e+02 |   6.984654e+02 |   1.275514e+00 |   1.836360e-03 |   6.013699e+02 |   7.496123e+02 |
|   1.600000e+01 |   5.852276e+02 |   6.983434e+02 |   1.275424e+00 |   2.289116e-03 |   6.013516e+02 |   7.496003e+02 |
+----------------+----------------+----------------+----------------+----------------+----------------+----------------+
+----------------+----------------+----------------+-----------------------+
| time           | min_coolant_T  | min_coolant_rho| openmc_power_integral |
+----------------+----------------+----------------+-----------------------+
:                :                :                :                       :
|   2.000000e+00 |   5.615372e+02 |   6.770036e+02 |          8.549444e+05 |
|   3.000000e+00 |   5.615988e+02 |   6.598771e+02 |          8.549444e+05 |
|   4.000000e+00 |   5.615719e+02 |   6.577837e+02 |          8.549444e+05 |
|   5.000000e+00 |   5.615327e+02 |   6.576039e+02 |          8.549444e+05 |
|   6.000000e+00 |   5.615520e+02 |   6.577906e+02 |          8.549444e+05 |
|   7.000000e+00 |   5.615077e+02 |   6.576134e+02 |          8.549444e+05 |
|   8.000000e+00 |   5.615125e+02 |   6.577658e+02 |          8.549444e+05 |
|   9.000000e+00 |   5.615079e+02 |   6.577047e+02 |          8.549444e+05 |
|   1.000000e+01 |   5.615257e+02 |   6.578272e+02 |          8.549444e+05 |
|   1.100000e+01 |   5.615450e+02 |   6.577872e+02 |          8.549444e+05 |
|   1.200000e+01 |   5.615282e+02 |   6.576971e+02 |          8.549444e+05 |
|   1.300000e+01 |   5.615270e+02 |   6.577315e+02 |          8.549444e+05 |
|   1.400000e+01 |   5.615235e+02 |   6.576664e+02 |          8.549444e+05 |
|   1.500000e+01 |   5.615315e+02 |   6.577350e+02 |          8.549444e+05 |
|   1.600000e+01 |   5.615380e+02 |   6.577901e+02 |          8.549444e+05 |
+----------------+----------------+----------------+-----------------------+


Time Step 17, time = 17, dt = 1
[36msub_channel0: [39m
[36msub_channel0: [39mTime Step 0, time = 0
[36msub_channel0: [39m
[36msub_channel0: [39mTime Step 1, time = 1, dt = 1
[36msub_channel0: [39mExecuting subchannel solver
[36msub_channel0: [39mSolution initialized
[36msub_channel0: [39mSolving Outer Iteration : 1
[36msub_channel0: [39mSolving Block: 0 From first level: 1 to last level: 60
[36msub_channel0: [39mBlock: 0 - Enthalpy conservation matrix assembled
[36msub_channel0: [39mStart updating thermophysical properties.
[36msub_channel0: [39mDone updating thermophysical properties.
[36msub_channel0: [39mT_block_error: 1.73889e-05
[36msub_channel0: [39mBlock: 0 - Enthalpy conservation matrix assembled
[36msub_channel0: [39mStart updating thermophysical properties.
[36msub_channel0: [39mDone updating thermophysical properties.
[36msub_channel0: [39mT_block_error: 2.38872e-07
[36msub_channel0: [39mP_error :1.62491e-06
[36msub_channel0: [39mIteration:  1
[36msub_channel0: [39mMaximum iterations: 5
[36msub_channel0: [39mFinished executing subchannel solver
[36msub_channel0: [39mCommencing calculation of Pin surface temperature 
[36msub_channel0: [39m ======================================= 
[36msub_channel0: [39m ======== Subchannel Print Outs ======== 
[36msub_channel0: [39m ======================================= 
[36msub_channel0: [39mTotal flow area :0.000984685 m^2
[36msub_channel0: [39mAssembly hydraulic diameter :0.00943815 m
[36msub_channel0: [39mAssembly Re number :382270 [-]
[36msub_channel0: [39mBulk coolant temperature at outlet :599.789 K
[36msub_channel0: [39mPower added to coolant is : 847953 Watt
[36msub_channel0: [39mMass flow rate in is : 3.7418 kg/sec
[36msub_channel0: [39mMass balance is : -5.24904e-05 kg/sec
[36msub_channel0: [39mUser defined outlet pressure is : 1.57e+07 Pa
[36msub_channel0: [39m ======================================= 
[36msub_channel0: [39m[32m Solve Converged![39m
[36msub_channel0: [39m
[36msub_channel0_viz0: [39m
[36msub_channel0_viz0: [39mPostprocessor Values:
[36msub_channel0_viz0: [39m+----------------+----------------+----------------+----------------+
[36msub_channel0_viz0: [39m| time           | avg_coolant_T  | max_T_fluid    | min_T_fluid    |
[36msub_channel0_viz0: [39m+----------------+----------------+----------------+----------------+
[36msub_channel0_viz0: [39m|   0.000000e+00 |   5.846230e+02 |   6.014868e+02 |   5.603812e+02 |
[36msub_channel0_viz0: [39m+----------------+----------------+----------------+----------------+
[36msub_channel0_viz0: [39m
[36msub_channel0_viz0: [39m[32m Solve Converged![39m
[36msub_channel0_viz0: [39m
[36msub_channel0_viz0: [39m
[36msub_channel0_viz0: [39mPostprocessor Values:
[36msub_channel0_viz0: [39m+----------------+----------------+----------------+----------------+
[36msub_channel0_viz0: [39m| time           | avg_coolant_T  | max_T_fluid    | min_T_fluid    |
[36msub_channel0_viz0: [39m+----------------+----------------+----------------+----------------+
[36msub_channel0_viz0: [39m|   0.000000e+00 |   5.846230e+02 |   6.014868e+02 |   5.603812e+02 |
[36msub_channel0_viz0: [39m|   1.000000e+00 |   5.846119e+02 |   6.015073e+02 |   5.603802e+02 |
[36msub_channel0_viz0: [39m+----------------+----------------+----------------+----------------+
[36msub_channel0_viz0: [39m
Sending temperature to OpenMC cells... 
Setting cell id 13, instance 0 (of 9) [1 contained cells] to temperature (K): 1591.54
Setting cell id 13, instance 1 (of 9) [1 contained cells] to temperature (K): 1591.04
Setting cell id 13, instance 2 (of 9) [1 contained cells] to temperature (K): 1592.04
Setting cell id 13, instance 3 (of 9) [1 contained cells] to temperature (K): 1592.09
Setting cell id 13, instance 4 (of 9) [1 contained cells] to temperature (K): 1593.63
Setting cell id 13, instance 5 (of 9) [1 contained cells] to temperature (K): 1592.85
Setting cell id 13, instance 6 (of 9) [1 contained cells] to temperature (K): 1594.03
Setting cell id 13, instance 7 (of 9) [1 contained cells] to temperature (K): 1595.2
Setting cell id 13, instance 8 (of 9) [1 contained cells] to temperature (K): 1596.12
Setting cell id 14, instance 0 (of 9) [1 contained cells] to temperature (K): 729.554
Setting cell id 14, instance 1 (of 9) [1 contained cells] to temperature (K): 730.527
Setting cell id 14, instance 2 (of 9) [1 contained cells] to temperature (K): 729.511
Setting cell id 14, instance 3 (of 9) [1 contained cells] to temperature (K): 730.584
Setting cell id 14, instance 4 (of 9) [1 contained cells] to temperature (K): 731.802
Setting cell id 14, instance 5 (of 9) [1 contained cells] to temperature (K): 730.623
Setting cell id 14, instance 6 (of 9) [1 contained cells] to temperature (K): 729.814
Setting cell id 14, instance 7 (of 9) [1 contained cells] to temperature (K): 731.19
Setting cell id 14, instance 8 (of 9) [1 contained cells] to temperature (K): 730.832
Setting cell id 16, instance 0 (of 9) [1 contained cells] to temperature (K): 584.43
Setting cell id 16, instance 1 (of 9) [1 contained cells] to temperature (K): 585.538
Setting cell id 16, instance 2 (of 9) [1 contained cells] to temperature (K): 584.435
Setting cell id 16, instance 3 (of 9) [1 contained cells] to temperature (K): 585.542
Setting cell id 16, instance 4 (of 9) [1 contained cells] to temperature (K): 586.802
Setting cell id 16, instance 5 (of 9) [1 contained cells] to temperature (K): 585.587
Setting cell id 16, instance 6 (of 9) [1 contained cells] to temperature (K): 584.456
Setting cell id 16, instance 7 (of 9) [1 contained cells] to temperature (K): 585.607
Setting cell id 16, instance 8 (of 9) [1 contained cells] to temperature (K): 584.548
Sending density to OpenMC cells... 
Setting cell id 16, instance 0 (of 9) to density (kg/m3): 700.313
Setting cell id 16, instance 1 (of 9) to density (kg/m3): 697.578
Setting cell id 16, instance 2 (of 9) to density (kg/m3): 700.304
Setting cell id 16, instance 3 (of 9) to density (kg/m3): 697.563
Setting cell id 16, instance 4 (of 9) to density (kg/m3): 694.405
Setting cell id 16, instance 5 (of 9) to density (kg/m3): 697.454
Setting cell id 16, instance 6 (of 9) to density (kg/m3): 700.248
Setting cell id 16, instance 7 (of 9) to density (kg/m3): 697.404
Setting cell id 16, instance 8 (of 9) to density (kg/m3): 700.025
 Running OpenMC with 2000 particles per batch...
 Maximum neutron transport energy: 20000000 eV for O17
 Initializing source particles...

 ====================>     K EIGENVALUE SIMULATION     <====================

  Bat./Gen.      k            Average k
  =========   ========   ====================
        1/1    1.29588
        2/1    1.27866
        3/1    1.30188
        4/1    1.24922
        5/1    1.27435
        6/1    1.26628
        7/1    1.29364
        8/1    1.26814
        9/1    1.32463
       10/1    1.24266
       11/1    1.24687
       12/1    1.26301
       13/1    1.34992
       14/1    1.22950
       15/1    1.28687
       16/1    1.23810
       17/1    1.26654
       18/1    1.26870
       19/1    1.31860
       20/1    1.31806
       21/1    1.25633
       22/1    1.25361
       23/1    1.24873
       24/1    1.33356
       25/1    1.28113
       26/1    1.29302
       27/1    1.25109
       28/1    1.31289
       29/1    1.31707
       30/1    1.31403
       31/1    1.26642
       32/1    1.21436
       33/1    1.28613
       34/1    1.26173
       35/1    1.28375
       36/1    1.25996
       37/1    1.29317
       38/1    1.19414
       39/1    1.34300
       40/1    1.27867
       41/1    1.29357
       42/1    1.29762
       43/1    1.28383
       44/1    1.27009
       45/1    1.25760
       46/1    1.29047
       47/1    1.27853
       48/1    1.28156
       49/1    1.25491
       50/1    1.26295
       51/1    1.27070
       52/1    1.27397    1.27233 +/- 0.00164
       53/1    1.27305    1.27257 +/- 0.00097
       54/1    1.28851    1.27656 +/- 0.00404
       55/1    1.18891    1.25903 +/- 0.01781
       56/1    1.33746    1.27210 +/- 0.01955
       57/1    1.31213    1.27782 +/- 0.01749
       58/1    1.28564    1.27880 +/- 0.01517
       59/1    1.31088    1.28236 +/- 0.01385
       60/1    1.28483    1.28261 +/- 0.01239
       61/1    1.23842    1.27859 +/- 0.01190
       62/1    1.31482    1.28161 +/- 0.01128
       63/1    1.22811    1.27749 +/- 0.01116
       64/1    1.25745    1.27606 +/- 0.01043
       65/1    1.22623    1.27274 +/- 0.01026
       66/1    1.26672    1.27236 +/- 0.00961
       67/1    1.22766    1.26973 +/- 0.00940
       68/1    1.34095    1.27369 +/- 0.00971
       69/1    1.30761    1.27548 +/- 0.00935
       70/1    1.27383    1.27539 +/- 0.00887
       71/1    1.31511    1.27729 +/- 0.00865
       72/1    1.29046    1.27788 +/- 0.00827
       73/1    1.26335    1.27725 +/- 0.00793
       74/1    1.28991    1.27778 +/- 0.00761
       75/1    1.26881    1.27742 +/- 0.00731
       76/1    1.26294    1.27686 +/- 0.00704
       77/1    1.32930    1.27881 +/- 0.00705
       78/1    1.27080    1.27852 +/- 0.00680
       79/1    1.33108    1.28033 +/- 0.00680
       80/1    1.26907    1.27996 +/- 0.00658
       81/1    1.24056    1.27869 +/- 0.00649
       82/1    1.28316    1.27883 +/- 0.00629
       83/1    1.27429    1.27869 +/- 0.00610
       84/1    1.24647    1.27774 +/- 0.00599
       85/1    1.21853    1.27605 +/- 0.00606
       86/1    1.27316    1.27597 +/- 0.00589
       87/1    1.32559    1.27731 +/- 0.00588
       88/1    1.28067    1.27740 +/- 0.00573
       89/1    1.31089    1.27826 +/- 0.00564
       90/1    1.28197    1.27835 +/- 0.00550
       91/1    1.31354    1.27921 +/- 0.00543
       92/1    1.25668    1.27867 +/- 0.00533
       93/1    1.27103    1.27849 +/- 0.00521
       94/1    1.27542    1.27842 +/- 0.00509
       95/1    1.33727    1.27973 +/- 0.00514
       96/1    1.28804    1.27991 +/- 0.00503
       97/1    1.33560    1.28110 +/- 0.00506
       98/1    1.25451    1.28054 +/- 0.00499
       99/1    1.28375    1.28061 +/- 0.00489
      100/1    1.31108    1.28122 +/- 0.00483
      101/1    1.28526    1.28130 +/- 0.00473
      102/1    1.25508    1.28079 +/- 0.00467
      103/1    1.27018    1.28059 +/- 0.00458
      104/1    1.32670    1.28145 +/- 0.00458
      105/1    1.25908    1.28104 +/- 0.00451
      106/1    1.29655    1.28132 +/- 0.00444
      107/1    1.22936    1.28041 +/- 0.00445
      108/1    1.25984    1.28005 +/- 0.00439
      109/1    1.21433    1.27894 +/- 0.00446
      110/1    1.26597    1.27872 +/- 0.00439
      111/1    1.28097    1.27876 +/- 0.00432
      112/1    1.30333    1.27915 +/- 0.00426
      113/1    1.33465    1.28003 +/- 0.00429
      114/1    1.26089    1.27974 +/- 0.00423
      115/1    1.30294    1.28009 +/- 0.00418
      116/1    1.24220    1.27952 +/- 0.00416
      117/1    1.22065    1.27864 +/- 0.00419
      118/1    1.22913    1.27791 +/- 0.00419
      119/1    1.26161    1.27768 +/- 0.00413
      120/1    1.22242    1.27689 +/- 0.00415
      121/1    1.30055    1.27722 +/- 0.00411
      122/1    1.24304    1.27674 +/- 0.00408
      123/1    1.23107    1.27612 +/- 0.00407
      124/1    1.24925    1.27576 +/- 0.00403
      125/1    1.22038    1.27502 +/- 0.00404
      126/1    1.28376    1.27513 +/- 0.00399
      127/1    1.25374    1.27485 +/- 0.00395
      128/1    1.26440    1.27472 +/- 0.00390
      129/1    1.21491    1.27396 +/- 0.00392
      130/1    1.33010    1.27467 +/- 0.00394
      131/1    1.29867    1.27496 +/- 0.00390
      132/1    1.30662    1.27535 +/- 0.00387
      133/1    1.27462    1.27534 +/- 0.00382
      134/1    1.29906    1.27562 +/- 0.00379
      135/1    1.31016    1.27603 +/- 0.00377
      136/1    1.27824    1.27605 +/- 0.00372
      137/1    1.31751    1.27653 +/- 0.00371
      138/1    1.26900    1.27644 +/- 0.00367
      139/1    1.23184    1.27594 +/- 0.00366
      140/1    1.33119    1.27656 +/- 0.00367
      141/1    1.27228    1.27651 +/- 0.00363
      142/1    1.26143    1.27635 +/- 0.00360
      143/1    1.22477    1.27579 +/- 0.00360
      144/1    1.25504    1.27557 +/- 0.00357
      145/1    1.26291    1.27544 +/- 0.00353
      146/1    1.36267    1.27635 +/- 0.00361
      147/1    1.26111    1.27619 +/- 0.00358
      148/1    1.27894    1.27622 +/- 0.00354
      149/1    1.29365    1.27639 +/- 0.00351
      150/1    1.29171    1.27655 +/- 0.00348
 Creating state point statepoint.150.h5...

 =======================>     TIMING STATISTICS     <=======================

 Total time for initialization     = 0.0000e+00 seconds
   Reading cross sections          = 0.0000e+00 seconds
 Total time in simulation          = 5.6256e+00 seconds
   Time in transport only          = 5.5655e+00 seconds
   Time in inactive batches        = 8.9258e-01 seconds
   Time in active batches          = 4.7330e+00 seconds
   Time synchronizing fission bank = 1.5330e-02 seconds
     Sampling source sites         = 1.3067e-02 seconds
     SEND/RECV source sites        = 2.0104e-03 seconds
   Time accumulating tallies       = 2.9469e-02 seconds
   Time writing statepoints        = 3.8836e-03 seconds
 Total time for finalization       = 1.5907e-02 seconds
 Total time elapsed                = 5.6534e+00 seconds
 Calculation Rate (inactive)       = 112034 particles/second
 Calculation Rate (active)         = 42256.1 particles/second

 ============================>     RESULTS     <============================

 k-effective (Collision)     = 1.27402 +/- 0.00287
 k-effective (Track-length)  = 1.27655 +/- 0.00348
 k-effective (Absorption)    = 1.27315 +/- 0.00228
 Combined k-effective        = 1.27349 +/- 0.00222
 Leakage Fraction            = 0.00018 +/- 0.00003

    Finished Solving OpenMC                                                              [[33m  5.65 s[39m] [[33m 1317 MB[39m]
Extracting OpenMC tallies...
[32m Solve Converged![39m

  Finished Solving                                                                       [[33m  5.70 s[39m] [[33m 1317 MB[39m]
[36msolid0: [39m
[36msolid0: [39mTime Step 17, time = 17, dt = 1
[36msolid0: [39m 0 Nonlinear |R| = [32m9.181209e+01[39m
[36msolid0: [39m      0 Linear |R| = [32m9.181209e+01[39m
[36msolid0: [39m      1 Linear |R| = [32m2.395662e+01[39m
[36msolid0: [39m      2 Linear |R| = [32m1.151418e+01[39m
[36msolid0: [39m      3 Linear |R| = [32m3.130374e+00[39m
[36msolid0: [39m      4 Linear |R| = [32m5.510051e-01[39m
[36msolid0: [39m      5 Linear |R| = [32m1.084723e-01[39m
[36msolid0: [39m      6 Linear |R| = [32m2.553596e-02[39m
[36msolid0: [39m      7 Linear |R| = [32m3.654605e-03[39m
[36msolid0: [39m      8 Linear |R| = [32m3.961572e-04[39m
[36msolid0: [39m 1 Nonlinear |R| = [32m1.853242e-03[39m
[36msolid0: [39m      0 Linear |R| = [32m1.853242e-03[39m
[36msolid0: [39m      1 Linear |R| = [32m1.018241e-04[39m
[36msolid0: [39m      2 Linear |R| = [32m4.198254e-05[39m
[36msolid0: [39m      3 Linear |R| = [32m1.987229e-05[39m
[36msolid0: [39m      4 Linear |R| = [32m4.466696e-06[39m
[36msolid0: [39m      5 Linear |R| = [32m9.012643e-07[39m
[36msolid0: [39m      6 Linear |R| = [32m1.721086e-07[39m
[36msolid0: [39m      7 Linear |R| = [32m3.079342e-08[39m
[36msolid0: [39m      8 Linear |R| = [32m8.020578e-09[39m
[36msolid0: [39m 2 Nonlinear |R| = [32m1.135966e-08[39m
[36msolid0: [39m[32m Solve Converged![39m
[36msolid0: [39m
[36msolid0: [39mFinished Solving                                                                 [[33m  7.58 s[39m] [[33m 1327 MB[39m]
[36msolid0: [39m
[36msolid0: [39mPostprocessor Values:
[36msolid0: [39m+----------------+----------------+---------------------------+----------------+----------------+----------------+----------------+
[36msolid0: [39m| time           | avg_fuel_T     | conduction_power_integral | max_T_wall_send| max_clad_T     | max_fuel_T     | min_T_wall_send|
[36msolid0: [39m+----------------+----------------+---------------------------+----------------+----------------+----------------+----------------+
[36msolid0: [39m:                :                :                           :                :                :                :                :
[36msolid0: [39m|   3.000000e+00 |   8.596146e+02 |              8.549444e+05 |   6.399973e+02 |   7.036338e+02 |   1.336825e+03 |   6.056526e+02 |
[36msolid0: [39m|   4.000000e+00 |   1.005370e+03 |              8.549444e+05 |   6.411135e+02 |   7.175352e+02 |   1.650408e+03 |   6.065568e+02 |
[36msolid0: [39m|   5.000000e+00 |   1.115926e+03 |              8.549444e+05 |   6.410041e+02 |   7.288512e+02 |   1.909306e+03 |   6.070431e+02 |
[36msolid0: [39m|   6.000000e+00 |   1.200545e+03 |              8.549444e+05 |   6.409744e+02 |   7.374952e+02 |   2.100466e+03 |   6.067786e+02 |
[36msolid0: [39m|   7.000000e+00 |   1.265470e+03 |              8.549444e+05 |   6.403851e+02 |   7.442989e+02 |   2.248675e+03 |   6.073112e+02 |
[36msolid0: [39m|   8.000000e+00 |   1.315462e+03 |              8.549444e+05 |   6.402043e+02 |   7.506500e+02 |   2.365450e+03 |   6.070970e+02 |
[36msolid0: [39m|   9.000000e+00 |   1.353935e+03 |              8.549444e+05 |   6.400073e+02 |   7.535466e+02 |   2.455033e+03 |   6.070500e+02 |
[36msolid0: [39m|   1.000000e+01 |   1.383600e+03 |              8.549444e+05 |   6.400177e+02 |   7.571308e+02 |   2.526494e+03 |   6.068955e+02 |
[36msolid0: [39m|   1.100000e+01 |   1.406463e+03 |              8.549444e+05 |   6.397755e+02 |   7.597272e+02 |   2.582900e+03 |   6.067605e+02 |
[36msolid0: [39m|   1.200000e+01 |   1.424070e+03 |              8.549444e+05 |   6.393915e+02 |   7.613982e+02 |   2.629024e+03 |   6.069612e+02 |
[36msolid0: [39m|   1.300000e+01 |   1.437618e+03 |              8.549444e+05 |   6.392046e+02 |   7.623323e+02 |   2.659306e+03 |   6.070022e+02 |
[36msolid0: [39m|   1.400000e+01 |   1.448038e+03 |              8.549444e+05 |   6.391765e+02 |   7.621235e+02 |   2.682551e+03 |   6.071461e+02 |
[36msolid0: [39m|   1.500000e+01 |   1.456080e+03 |              8.549444e+05 |   6.392419e+02 |   7.632614e+02 |   2.706766e+03 |   6.072024e+02 |
[36msolid0: [39m|   1.600000e+01 |   1.462292e+03 |              8.549444e+05 |   6.393285e+02 |   7.644213e+02 |   2.723379e+03 |   6.070723e+02 |
[36msolid0: [39m|   1.700000e+01 |   1.467076e+03 |              8.549444e+05 |   6.393247e+02 |   7.641653e+02 |   2.736161e+03 |   6.071097e+02 |
[36msolid0: [39m+----------------+----------------+---------------------------+----------------+----------------+----------------+----------------+
[36msolid0: [39m
[36msolid0: [39m
[36msolid0: [39mPostprocessor Values:
[36msolid0: [39m+----------------+----------------+---------------------------+----------------+----------------+----------------+----------------+
[36msolid0: [39m| time           | avg_fuel_T     | conduction_power_integral | max_T_wall_send| max_clad_T     | max_fuel_T     | min_T_wall_send|
[36msolid0: [39m+----------------+----------------+---------------------------+----------------+----------------+----------------+----------------+
[36msolid0: [39m:                :                :                           :                :                :                :                :
[36msolid0: [39m|   3.000000e+00 |   8.596146e+02 |              8.549444e+05 |   6.399973e+02 |   7.036338e+02 |   1.336825e+03 |   6.056526e+02 |
[36msolid0: [39m|   4.000000e+00 |   1.005370e+03 |              8.549444e+05 |   6.411135e+02 |   7.175352e+02 |   1.650408e+03 |   6.065568e+02 |
[36msolid0: [39m|   5.000000e+00 |   1.115926e+03 |              8.549444e+05 |   6.410041e+02 |   7.288512e+02 |   1.909306e+03 |   6.070431e+02 |
[36msolid0: [39m|   6.000000e+00 |   1.200545e+03 |              8.549444e+05 |   6.409744e+02 |   7.374952e+02 |   2.100466e+03 |   6.067786e+02 |
[36msolid0: [39m|   7.000000e+00 |   1.265470e+03 |              8.549444e+05 |   6.403851e+02 |   7.442989e+02 |   2.248675e+03 |   6.073112e+02 |
[36msolid0: [39m|   8.000000e+00 |   1.315462e+03 |              8.549444e+05 |   6.402043e+02 |   7.506500e+02 |   2.365450e+03 |   6.070970e+02 |
[36msolid0: [39m|   9.000000e+00 |   1.353935e+03 |              8.549444e+05 |   6.400073e+02 |   7.535466e+02 |   2.455033e+03 |   6.070500e+02 |
[36msolid0: [39m|   1.000000e+01 |   1.383600e+03 |              8.549444e+05 |   6.400177e+02 |   7.571308e+02 |   2.526494e+03 |   6.068955e+02 |
[36msolid0: [39m|   1.100000e+01 |   1.406463e+03 |              8.549444e+05 |   6.397755e+02 |   7.597272e+02 |   2.582900e+03 |   6.067605e+02 |
[36msolid0: [39m|   1.200000e+01 |   1.424070e+03 |              8.549444e+05 |   6.393915e+02 |   7.613982e+02 |   2.629024e+03 |   6.069612e+02 |
[36msolid0: [39m|   1.300000e+01 |   1.437618e+03 |              8.549444e+05 |   6.392046e+02 |   7.623323e+02 |   2.659306e+03 |   6.070022e+02 |
[36msolid0: [39m|   1.400000e+01 |   1.448038e+03 |              8.549444e+05 |   6.391765e+02 |   7.621235e+02 |   2.682551e+03 |   6.071461e+02 |
[36msolid0: [39m|   1.500000e+01 |   1.456080e+03 |              8.549444e+05 |   6.392419e+02 |   7.632614e+02 |   2.706766e+03 |   6.072024e+02 |
[36msolid0: [39m|   1.600000e+01 |   1.462292e+03 |              8.549444e+05 |   6.393285e+02 |   7.644213e+02 |   2.723379e+03 |   6.070723e+02 |
[36msolid0: [39m|   1.700000e+01 |   1.467076e+03 |              8.549444e+05 |   6.393247e+02 |   7.641653e+02 |   2.736161e+03 |   6.071097e+02 |
[36msolid0: [39m+----------------+----------------+---------------------------+----------------+----------------+----------------+----------------+
[36msolid0: [39m
    Finished Executing MultiApps                                                         [[33m  8.10 s[39m] [[33m 1327 MB[39m]
  Finished Executing MultiApps                                                           [[33m  8.10 s[39m] [[33m 1327 MB[39m]

Postprocessor Values:
+----------------+----------------+----------------+----------------+----------------+----------------+----------------+
| time           | avg_coolant_T  | avg_coolant_rho| k              | k_std_dev      | max_coolant_T  | max_coolant_rho|
+----------------+----------------+----------------+----------------+----------------+----------------+----------------+
:                :                :                :                :                :                :                :
|   3.000000e+00 |   5.851160e+02 |   6.987270e+02 |   1.300051e+00 |   2.274927e-03 |   6.006535e+02 |   7.494878e+02 |
|   4.000000e+00 |   5.852629e+02 |   6.982710e+02 |   1.292876e+00 |   1.892578e-03 |   6.013537e+02 |   7.495374e+02 |
|   5.000000e+00 |   5.851992e+02 |   6.983959e+02 |   1.287122e+00 |   2.111398e-03 |   6.014135e+02 |   7.496100e+02 |
|   6.000000e+00 |   5.852670e+02 |   6.982515e+02 |   1.282333e+00 |   2.154120e-03 |   6.013515e+02 |   7.495743e+02 |
|   7.000000e+00 |   5.851444e+02 |   6.985239e+02 |   1.283675e+00 |   2.033348e-03 |   6.014103e+02 |   7.496564e+02 |
|   8.000000e+00 |   5.851747e+02 |   6.984657e+02 |   1.281027e+00 |   2.306970e-03 |   6.013597e+02 |   7.496474e+02 |
|   9.000000e+00 |   5.851411e+02 |   6.985391e+02 |   1.282167e+00 |   1.929077e-03 |   6.013800e+02 |   7.496560e+02 |
|   1.000000e+01 |   5.852189e+02 |   6.983582e+02 |   1.279780e+00 |   2.008471e-03 |   6.013393e+02 |   7.496230e+02 |
|   1.100000e+01 |   5.852661e+02 |   6.982511e+02 |   1.277583e+00 |   2.132238e-03 |   6.013526e+02 |   7.495874e+02 |
|   1.200000e+01 |   5.852170e+02 |   6.983632e+02 |   1.274756e+00 |   1.935365e-03 |   6.013825e+02 |   7.496185e+02 |
|   1.300000e+01 |   5.852097e+02 |   6.983833e+02 |   1.277850e+00 |   2.030448e-03 |   6.013711e+02 |   7.496207e+02 |
|   1.400000e+01 |   5.851663e+02 |   6.984783e+02 |   1.274109e+00 |   1.902236e-03 |   6.013927e+02 |   7.496271e+02 |
|   1.500000e+01 |   5.851739e+02 |   6.984654e+02 |   1.275514e+00 |   1.836360e-03 |   6.013699e+02 |   7.496123e+02 |
|   1.600000e+01 |   5.852276e+02 |   6.983434e+02 |   1.275424e+00 |   2.289116e-03 |   6.013516e+02 |   7.496003e+02 |
|   1.700000e+01 |   5.852161e+02 |   6.983661e+02 |   1.273490e+00 |   2.223190e-03 |   6.013723e+02 |   7.496074e+02 |
+----------------+----------------+----------------+----------------+----------------+----------------+----------------+
+----------------+----------------+----------------+-----------------------+
| time           | min_coolant_T  | min_coolant_rho| openmc_power_integral |
+----------------+----------------+----------------+-----------------------+
:                :                :                :                       :
|   3.000000e+00 |   5.615988e+02 |   6.598771e+02 |          8.549444e+05 |
|   4.000000e+00 |   5.615719e+02 |   6.577837e+02 |          8.549444e+05 |
|   5.000000e+00 |   5.615327e+02 |   6.576039e+02 |          8.549444e+05 |
|   6.000000e+00 |   5.615520e+02 |   6.577906e+02 |          8.549444e+05 |
|   7.000000e+00 |   5.615077e+02 |   6.576134e+02 |          8.549444e+05 |
|   8.000000e+00 |   5.615125e+02 |   6.577658e+02 |          8.549444e+05 |
|   9.000000e+00 |   5.615079e+02 |   6.577047e+02 |          8.549444e+05 |
|   1.000000e+01 |   5.615257e+02 |   6.578272e+02 |          8.549444e+05 |
|   1.100000e+01 |   5.615450e+02 |   6.577872e+02 |          8.549444e+05 |
|   1.200000e+01 |   5.615282e+02 |   6.576971e+02 |          8.549444e+05 |
|   1.300000e+01 |   5.615270e+02 |   6.577315e+02 |          8.549444e+05 |
|   1.400000e+01 |   5.615235e+02 |   6.576664e+02 |          8.549444e+05 |
|   1.500000e+01 |   5.615315e+02 |   6.577350e+02 |          8.549444e+05 |
|   1.600000e+01 |   5.615380e+02 |   6.577901e+02 |          8.549444e+05 |
|   1.700000e+01 |   5.615342e+02 |   6.577278e+02 |          8.549444e+05 |
+----------------+----------------+----------------+-----------------------+


Time Step 18, time = 18, dt = 1
[36msub_channel0: [39m
[36msub_channel0: [39mTime Step 0, time = 0
[36msub_channel0: [39m
[36msub_channel0: [39mTime Step 1, time = 1, dt = 1
[36msub_channel0: [39mExecuting subchannel solver
[36msub_channel0: [39mSolution initialized
[36msub_channel0: [39mSolving Outer Iteration : 1
[36msub_channel0: [39mSolving Block: 0 From first level: 1 to last level: 60
[36msub_channel0: [39mBlock: 0 - Enthalpy conservation matrix assembled
[36msub_channel0: [39mStart updating thermophysical properties.
[36msub_channel0: [39mDone updating thermophysical properties.
[36msub_channel0: [39mT_block_error: 8.14836e-06
[36msub_channel0: [39mP_error :1.54702e-06
[36msub_channel0: [39mIteration:  1
[36msub_channel0: [39mMaximum iterations: 5
[36msub_channel0: [39mFinished executing subchannel solver
[36msub_channel0: [39mCommencing calculation of Pin surface temperature 
[36msub_channel0: [39m ======================================= 
[36msub_channel0: [39m ======== Subchannel Print Outs ======== 
[36msub_channel0: [39m ======================================= 
[36msub_channel0: [39mTotal flow area :0.000984685 m^2
[36msub_channel0: [39mAssembly hydraulic diameter :0.00943815 m
[36msub_channel0: [39mAssembly Re number :382270 [-]
[36msub_channel0: [39mBulk coolant temperature at outlet :599.786 K
[36msub_channel0: [39mPower added to coolant is : 847940 Watt
[36msub_channel0: [39mMass flow rate in is : 3.7418 kg/sec
[36msub_channel0: [39mMass balance is : -1.03998e-05 kg/sec
[36msub_channel0: [39mUser defined outlet pressure is : 1.57e+07 Pa
[36msub_channel0: [39m ======================================= 
[36msub_channel0: [39m[32m Solve Converged![39m
[36msub_channel0: [39m
[36msub_channel0_viz0: [39m
[36msub_channel0_viz0: [39mPostprocessor Values:
[36msub_channel0_viz0: [39m+----------------+----------------+----------------+----------------+
[36msub_channel0_viz0: [39m| time           | avg_coolant_T  | max_T_fluid    | min_T_fluid    |
[36msub_channel0_viz0: [39m+----------------+----------------+----------------+----------------+
[36msub_channel0_viz0: [39m|   0.000000e+00 |   5.846119e+02 |   6.015073e+02 |   5.603802e+02 |
[36msub_channel0_viz0: [39m+----------------+----------------+----------------+----------------+
[36msub_channel0_viz0: [39m
[36msub_channel0_viz0: [39m[32m Solve Converged![39m
[36msub_channel0_viz0: [39m
[36msub_channel0_viz0: [39m
[36msub_channel0_viz0: [39mPostprocessor Values:
[36msub_channel0_viz0: [39m+----------------+----------------+----------------+----------------+
[36msub_channel0_viz0: [39m| time           | avg_coolant_T  | max_T_fluid    | min_T_fluid    |
[36msub_channel0_viz0: [39m+----------------+----------------+----------------+----------------+
[36msub_channel0_viz0: [39m|   0.000000e+00 |   5.846119e+02 |   6.015073e+02 |   5.603802e+02 |
[36msub_channel0_viz0: [39m|   1.000000e+00 |   5.846076e+02 |   6.015030e+02 |   5.603814e+02 |
[36msub_channel0_viz0: [39m+----------------+----------------+----------------+----------------+
[36msub_channel0_viz0: [39m
Sending temperature to OpenMC cells... 
Setting cell id 13, instance 0 (of 9) [1 contained cells] to temperature (K): 1597.23
Setting cell id 13, instance 1 (of 9) [1 contained cells] to temperature (K): 1596.49
Setting cell id 13, instance 2 (of 9) [1 contained cells] to temperature (K): 1597.59
Setting cell id 13, instance 3 (of 9) [1 contained cells] to temperature (K): 1597.55
Setting cell id 13, instance 4 (of 9) [1 contained cells] to temperature (K): 1598.93
Setting cell id 13, instance 5 (of 9) [1 contained cells] to temperature (K): 1598.57
Setting cell id 13, instance 6 (of 9) [1 contained cells] to temperature (K): 1599.17
Setting cell id 13, instance 7 (of 9) [1 contained cells] to temperature (K): 1600.59
Setting cell id 13, instance 8 (of 9) [1 contained cells] to temperature (K): 1601.58
Setting cell id 14, instance 0 (of 9) [1 contained cells] to temperature (K): 730.063
Setting cell id 14, instance 1 (of 9) [1 contained cells] to temperature (K): 730.987
Setting cell id 14, instance 2 (of 9) [1 contained cells] to temperature (K): 730.129
Setting cell id 14, instance 3 (of 9) [1 contained cells] to temperature (K): 731.046
Setting cell id 14, instance 4 (of 9) [1 contained cells] to temperature (K): 732.251
Setting cell id 14, instance 5 (of 9) [1 contained cells] to temperature (K): 731.106
Setting cell id 14, instance 6 (of 9) [1 contained cells] to temperature (K): 730.18
Setting cell id 14, instance 7 (of 9) [1 contained cells] to temperature (K): 731.687
Setting cell id 14, instance 8 (of 9) [1 contained cells] to temperature (K): 731.24
Setting cell id 16, instance 0 (of 9) [1 contained cells] to temperature (K): 584.43
Setting cell id 16, instance 1 (of 9) [1 contained cells] to temperature (K): 585.537
Setting cell id 16, instance 2 (of 9) [1 contained cells] to temperature (K): 584.439
Setting cell id 16, instance 3 (of 9) [1 contained cells] to temperature (K): 585.539
Setting cell id 16, instance 4 (of 9) [1 contained cells] to temperature (K): 586.798
Setting cell id 16, instance 5 (of 9) [1 contained cells] to temperature (K): 585.586
Setting cell id 16, instance 6 (of 9) [1 contained cells] to temperature (K): 584.444
Setting cell id 16, instance 7 (of 9) [1 contained cells] to temperature (K): 585.596
Setting cell id 16, instance 8 (of 9) [1 contained cells] to temperature (K): 584.538
Sending density to OpenMC cells... 
Setting cell id 16, instance 0 (of 9) to density (kg/m3): 700.318
Setting cell id 16, instance 1 (of 9) to density (kg/m3): 697.584
Setting cell id 16, instance 2 (of 9) to density (kg/m3): 700.299
Setting cell id 16, instance 3 (of 9) to density (kg/m3): 697.576
Setting cell id 16, instance 4 (of 9) to density (kg/m3): 694.419
Setting cell id 16, instance 5 (of 9) to density (kg/m3): 697.461
Setting cell id 16, instance 6 (of 9) to density (kg/m3): 700.281
Setting cell id 16, instance 7 (of 9) to density (kg/m3): 697.434
Setting cell id 16, instance 8 (of 9) to density (kg/m3): 700.053
 Running OpenMC with 2000 particles per batch...
 Maximum neutron transport energy: 20000000 eV for O17
 Initializing source particles...

 ====================>     K EIGENVALUE SIMULATION     <====================

  Bat./Gen.      k            Average k
  =========   ========   ====================
        1/1    1.31127
        2/1    1.22333
        3/1    1.25552
        4/1    1.22778
        5/1    1.27021
        6/1    1.31658
        7/1    1.24960
        8/1    1.26729
        9/1    1.26741
       10/1    1.25606
       11/1    1.24425
       12/1    1.28628
       13/1    1.31210
       14/1    1.26954
       15/1    1.31736
       16/1    1.30090
       17/1    1.30805
       18/1    1.28661
       19/1    1.25818
       20/1    1.19179
       21/1    1.27375
       22/1    1.23743
       23/1    1.28804
       24/1    1.30696
       25/1    1.22735
       26/1    1.27958
       27/1    1.24571
       28/1    1.29165
       29/1    1.34045
       30/1    1.27181
       31/1    1.27297
       32/1    1.23398
       33/1    1.27645
       34/1    1.26823
       35/1    1.29631
       36/1    1.26461
       37/1    1.28427
       38/1    1.25585
       39/1    1.34580
       40/1    1.23856
       41/1    1.21829
       42/1    1.27273
       43/1    1.26178
       44/1    1.29841
       45/1    1.26129
       46/1    1.24864
       47/1    1.24350
       48/1    1.17847
       49/1    1.21832
       50/1    1.33214
       51/1    1.32553
       52/1    1.26589    1.29571 +/- 0.02982
       53/1    1.30865    1.30002 +/- 0.01775
       54/1    1.28813    1.29705 +/- 0.01290
       55/1    1.24593    1.28683 +/- 0.01429
       56/1    1.25435    1.28141 +/- 0.01287
       57/1    1.24494    1.27620 +/- 0.01206
       58/1    1.32757    1.28262 +/- 0.01226
       59/1    1.28565    1.28296 +/- 0.01082
       60/1    1.30712    1.28538 +/- 0.00997
       61/1    1.26912    1.28390 +/- 0.00914
       62/1    1.28998    1.28441 +/- 0.00836
       63/1    1.25849    1.28241 +/- 0.00794
       64/1    1.31146    1.28449 +/- 0.00764
       65/1    1.30239    1.28568 +/- 0.00721
       66/1    1.26074    1.28412 +/- 0.00692
       67/1    1.27315    1.28348 +/- 0.00654
       68/1    1.25999    1.28217 +/- 0.00630
       69/1    1.32207    1.28427 +/- 0.00632
       70/1    1.38085    1.28910 +/- 0.00770
       71/1    1.32503    1.29081 +/- 0.00752
       72/1    1.27786    1.29022 +/- 0.00719
       73/1    1.26539    1.28914 +/- 0.00696
       74/1    1.26577    1.28817 +/- 0.00673
       75/1    1.32097    1.28948 +/- 0.00659
       76/1    1.22659    1.28706 +/- 0.00678
       77/1    1.28674    1.28705 +/- 0.00652
       78/1    1.22336    1.28478 +/- 0.00668
       79/1    1.33313    1.28644 +/- 0.00666
       80/1    1.25805    1.28550 +/- 0.00650
       81/1    1.23663    1.28392 +/- 0.00648
       82/1    1.31589    1.28492 +/- 0.00636
       83/1    1.25047    1.28388 +/- 0.00625
       84/1    1.26530    1.28333 +/- 0.00609
       85/1    1.28758    1.28345 +/- 0.00591
       86/1    1.23141    1.28201 +/- 0.00593
       87/1    1.25982    1.28141 +/- 0.00579
       88/1    1.23593    1.28021 +/- 0.00576
       89/1    1.26378    1.27979 +/- 0.00563
       90/1    1.31875    1.28076 +/- 0.00557
       91/1    1.37105    1.28296 +/- 0.00587
       92/1    1.25970    1.28241 +/- 0.00575
       93/1    1.26129    1.28192 +/- 0.00564
       94/1    1.28882    1.28208 +/- 0.00551
       95/1    1.22071    1.28071 +/- 0.00556
       96/1    1.28635    1.28083 +/- 0.00544
       97/1    1.29379    1.28111 +/- 0.00533
       98/1    1.30075    1.28152 +/- 0.00523
       99/1    1.26460    1.28117 +/- 0.00513
      100/1    1.20490    1.27965 +/- 0.00526
      101/1    1.29536    1.27996 +/- 0.00516
      102/1    1.30451    1.28043 +/- 0.00508
      103/1    1.35298    1.28180 +/- 0.00517
      104/1    1.23777    1.28098 +/- 0.00514
      105/1    1.29654    1.28127 +/- 0.00505
      106/1    1.30669    1.28172 +/- 0.00498
      107/1    1.26744    1.28147 +/- 0.00490
      108/1    1.28507    1.28153 +/- 0.00482
      109/1    1.25118    1.28102 +/- 0.00476
      110/1    1.32722    1.28179 +/- 0.00474
      111/1    1.26487    1.28151 +/- 0.00467
      112/1    1.30142    1.28183 +/- 0.00461
      113/1    1.36029    1.28308 +/- 0.00470
      114/1    1.33425    1.28388 +/- 0.00470
      115/1    1.25805    1.28348 +/- 0.00464
      116/1    1.15880    1.28159 +/- 0.00495
      117/1    1.31033    1.28202 +/- 0.00489
      118/1    1.30354    1.28233 +/- 0.00483
      119/1    1.28072    1.28231 +/- 0.00476
      120/1    1.25795    1.28196 +/- 0.00470
      121/1    1.25827    1.28163 +/- 0.00465
      122/1    1.24301    1.28109 +/- 0.00461
      123/1    1.25115    1.28068 +/- 0.00457
      124/1    1.30610    1.28103 +/- 0.00452
      125/1    1.23672    1.28044 +/- 0.00450
      126/1    1.19660    1.27933 +/- 0.00457
      127/1    1.28948    1.27946 +/- 0.00452
      128/1    1.29526    1.27967 +/- 0.00446
      129/1    1.26288    1.27945 +/- 0.00441
      130/1    1.21774    1.27868 +/- 0.00442
      131/1    1.25646    1.27841 +/- 0.00438
      132/1    1.22638    1.27777 +/- 0.00437
      133/1    1.24605    1.27739 +/- 0.00433
      134/1    1.26751    1.27727 +/- 0.00428
      135/1    1.25069    1.27696 +/- 0.00424
      136/1    1.23576    1.27648 +/- 0.00422
      137/1    1.24572    1.27613 +/- 0.00419
      138/1    1.27758    1.27615 +/- 0.00414
      139/1    1.30177    1.27643 +/- 0.00410
      140/1    1.24829    1.27612 +/- 0.00407
      141/1    1.25483    1.27589 +/- 0.00403
      142/1    1.30944    1.27625 +/- 0.00400
      143/1    1.28810    1.27638 +/- 0.00396
      144/1    1.27981    1.27641 +/- 0.00392
      145/1    1.30342    1.27670 +/- 0.00389
      146/1    1.24388    1.27636 +/- 0.00386
      147/1    1.26853    1.27628 +/- 0.00382
      148/1    1.31643    1.27669 +/- 0.00381
      149/1    1.30152    1.27694 +/- 0.00378
      150/1    1.29086    1.27708 +/- 0.00374
 Creating state point statepoint.150.h5...

 =======================>     TIMING STATISTICS     <=======================

 Total time for initialization     = 0.0000e+00 seconds
   Reading cross sections          = 0.0000e+00 seconds
 Total time in simulation          = 5.5257e+00 seconds
   Time in transport only          = 5.4625e+00 seconds
   Time in inactive batches        = 8.8053e-01 seconds
   Time in active batches          = 4.6452e+00 seconds
   Time synchronizing fission bank = 1.6527e-02 seconds
     Sampling source sites         = 1.4061e-02 seconds
     SEND/RECV source sites        = 2.2067e-03 seconds
   Time accumulating tallies       = 2.8625e-02 seconds
   Time writing statepoints        = 5.8669e-03 seconds
 Total time for finalization       = 1.8819e-02 seconds
 Total time elapsed                = 5.5564e+00 seconds
 Calculation Rate (inactive)       = 113568 particles/second
 Calculation Rate (active)         = 43055.3 particles/second

 ============================>     RESULTS     <============================

 k-effective (Collision)     = 1.27813 +/- 0.00337
 k-effective (Track-length)  = 1.27708 +/- 0.00374
 k-effective (Absorption)    = 1.27558 +/- 0.00217
 Combined k-effective        = 1.27578 +/- 0.00209
 Leakage Fraction            = 0.00015 +/- 0.00003

Extracting OpenMC tallies...
    Finished Solving OpenMC                                                              [[33m  5.56 s[39m] [[33m 1278 MB[39m]
[32m Solve Converged![39m

  Finished Solving                                                                       [[33m  5.60 s[39m] [[33m 1278 MB[39m]
[36msolid0: [39m
[36msolid0: [39mTime Step 18, time = 18, dt = 1
[36msolid0: [39m 0 Nonlinear |R| = [32m7.327142e+01[39m
[36msolid0: [39m      0 Linear |R| = [32m7.327142e+01[39m
[36msolid0: [39m      1 Linear |R| = [32m1.867890e+01[39m
[36msolid0: [39m      2 Linear |R| = [32m8.929088e+00[39m
[36msolid0: [39m      3 Linear |R| = [32m2.503528e+00[39m
[36msolid0: [39m      4 Linear |R| = [32m4.578744e-01[39m
[36msolid0: [39m      5 Linear |R| = [32m8.915301e-02[39m
[36msolid0: [39m      6 Linear |R| = [32m2.054039e-02[39m
[36msolid0: [39m      7 Linear |R| = [32m2.967490e-03[39m
[36msolid0: [39m      8 Linear |R| = [32m3.318000e-04[39m
[36msolid0: [39m 1 Nonlinear |R| = [32m1.422262e-03[39m
[36msolid0: [39m      0 Linear |R| = [32m1.422262e-03[39m
[36msolid0: [39m      1 Linear |R| = [32m8.515595e-05[39m
[36msolid0: [39m      2 Linear |R| = [32m3.833631e-05[39m
[36msolid0: [39m      3 Linear |R| = [32m1.714515e-05[39m
[36msolid0: [39m      4 Linear |R| = [32m3.982688e-06[39m
[36msolid0: [39m      5 Linear |R| = [32m7.788355e-07[39m
[36msolid0: [39m      6 Linear |R| = [32m1.479879e-07[39m
[36msolid0: [39m      7 Linear |R| = [32m2.814850e-08[39m
[36msolid0: [39m      8 Linear |R| = [32m7.157528e-09[39m
[36msolid0: [39m 2 Nonlinear |R| = [32m9.923820e-09[39m
[36msolid0: [39m[32m Solve Converged![39m
[36msolid0: [39m
[36msolid0: [39mFinished Solving                                                                 [[33m  7.60 s[39m] [[33m 1278 MB[39m]
[36msolid0: [39m
[36msolid0: [39mPostprocessor Values:
[36msolid0: [39m+----------------+----------------+---------------------------+----------------+----------------+----------------+----------------+
[36msolid0: [39m| time           | avg_fuel_T     | conduction_power_integral | max_T_wall_send| max_clad_T     | max_fuel_T     | min_T_wall_send|
[36msolid0: [39m+----------------+----------------+---------------------------+----------------+----------------+----------------+----------------+
[36msolid0: [39m:                :                :                           :                :                :                :                :
[36msolid0: [39m|   4.000000e+00 |   1.005370e+03 |              8.549444e+05 |   6.411135e+02 |   7.175352e+02 |   1.650408e+03 |   6.065568e+02 |
[36msolid0: [39m|   5.000000e+00 |   1.115926e+03 |              8.549444e+05 |   6.410041e+02 |   7.288512e+02 |   1.909306e+03 |   6.070431e+02 |
[36msolid0: [39m|   6.000000e+00 |   1.200545e+03 |              8.549444e+05 |   6.409744e+02 |   7.374952e+02 |   2.100466e+03 |   6.067786e+02 |
[36msolid0: [39m|   7.000000e+00 |   1.265470e+03 |              8.549444e+05 |   6.403851e+02 |   7.442989e+02 |   2.248675e+03 |   6.073112e+02 |
[36msolid0: [39m|   8.000000e+00 |   1.315462e+03 |              8.549444e+05 |   6.402043e+02 |   7.506500e+02 |   2.365450e+03 |   6.070970e+02 |
[36msolid0: [39m|   9.000000e+00 |   1.353935e+03 |              8.549444e+05 |   6.400073e+02 |   7.535466e+02 |   2.455033e+03 |   6.070500e+02 |
[36msolid0: [39m|   1.000000e+01 |   1.383600e+03 |              8.549444e+05 |   6.400177e+02 |   7.571308e+02 |   2.526494e+03 |   6.068955e+02 |
[36msolid0: [39m|   1.100000e+01 |   1.406463e+03 |              8.549444e+05 |   6.397755e+02 |   7.597272e+02 |   2.582900e+03 |   6.067605e+02 |
[36msolid0: [39m|   1.200000e+01 |   1.424070e+03 |              8.549444e+05 |   6.393915e+02 |   7.613982e+02 |   2.629024e+03 |   6.069612e+02 |
[36msolid0: [39m|   1.300000e+01 |   1.437618e+03 |              8.549444e+05 |   6.392046e+02 |   7.623323e+02 |   2.659306e+03 |   6.070022e+02 |
[36msolid0: [39m|   1.400000e+01 |   1.448038e+03 |              8.549444e+05 |   6.391765e+02 |   7.621235e+02 |   2.682551e+03 |   6.071461e+02 |
[36msolid0: [39m|   1.500000e+01 |   1.456080e+03 |              8.549444e+05 |   6.392419e+02 |   7.632614e+02 |   2.706766e+03 |   6.072024e+02 |
[36msolid0: [39m|   1.600000e+01 |   1.462292e+03 |              8.549444e+05 |   6.393285e+02 |   7.644213e+02 |   2.723379e+03 |   6.070723e+02 |
[36msolid0: [39m|   1.700000e+01 |   1.467076e+03 |              8.549444e+05 |   6.393247e+02 |   7.641653e+02 |   2.736161e+03 |   6.071097e+02 |
[36msolid0: [39m|   1.800000e+01 |   1.470764e+03 |              8.549444e+05 |   6.391481e+02 |   7.647459e+02 |   2.744224e+03 |   6.071891e+02 |
[36msolid0: [39m+----------------+----------------+---------------------------+----------------+----------------+----------------+----------------+
[36msolid0: [39m
[36msolid0: [39m
[36msolid0: [39mPostprocessor Values:
[36msolid0: [39m+----------------+----------------+---------------------------+----------------+----------------+----------------+----------------+
[36msolid0: [39m| time           | avg_fuel_T     | conduction_power_integral | max_T_wall_send| max_clad_T     | max_fuel_T     | min_T_wall_send|
[36msolid0: [39m+----------------+----------------+---------------------------+----------------+----------------+----------------+----------------+
[36msolid0: [39m:                :                :                           :                :                :                :                :
[36msolid0: [39m|   4.000000e+00 |   1.005370e+03 |              8.549444e+05 |   6.411135e+02 |   7.175352e+02 |   1.650408e+03 |   6.065568e+02 |
[36msolid0: [39m|   5.000000e+00 |   1.115926e+03 |              8.549444e+05 |   6.410041e+02 |   7.288512e+02 |   1.909306e+03 |   6.070431e+02 |
[36msolid0: [39m|   6.000000e+00 |   1.200545e+03 |              8.549444e+05 |   6.409744e+02 |   7.374952e+02 |   2.100466e+03 |   6.067786e+02 |
[36msolid0: [39m|   7.000000e+00 |   1.265470e+03 |              8.549444e+05 |   6.403851e+02 |   7.442989e+02 |   2.248675e+03 |   6.073112e+02 |
[36msolid0: [39m|   8.000000e+00 |   1.315462e+03 |              8.549444e+05 |   6.402043e+02 |   7.506500e+02 |   2.365450e+03 |   6.070970e+02 |
[36msolid0: [39m|   9.000000e+00 |   1.353935e+03 |              8.549444e+05 |   6.400073e+02 |   7.535466e+02 |   2.455033e+03 |   6.070500e+02 |
[36msolid0: [39m|   1.000000e+01 |   1.383600e+03 |              8.549444e+05 |   6.400177e+02 |   7.571308e+02 |   2.526494e+03 |   6.068955e+02 |
[36msolid0: [39m|   1.100000e+01 |   1.406463e+03 |              8.549444e+05 |   6.397755e+02 |   7.597272e+02 |   2.582900e+03 |   6.067605e+02 |
[36msolid0: [39m|   1.200000e+01 |   1.424070e+03 |              8.549444e+05 |   6.393915e+02 |   7.613982e+02 |   2.629024e+03 |   6.069612e+02 |
[36msolid0: [39m|   1.300000e+01 |   1.437618e+03 |              8.549444e+05 |   6.392046e+02 |   7.623323e+02 |   2.659306e+03 |   6.070022e+02 |
[36msolid0: [39m|   1.400000e+01 |   1.448038e+03 |              8.549444e+05 |   6.391765e+02 |   7.621235e+02 |   2.682551e+03 |   6.071461e+02 |
[36msolid0: [39m|   1.500000e+01 |   1.456080e+03 |              8.549444e+05 |   6.392419e+02 |   7.632614e+02 |   2.706766e+03 |   6.072024e+02 |
[36msolid0: [39m|   1.600000e+01 |   1.462292e+03 |              8.549444e+05 |   6.393285e+02 |   7.644213e+02 |   2.723379e+03 |   6.070723e+02 |
[36msolid0: [39m|   1.700000e+01 |   1.467076e+03 |              8.549444e+05 |   6.393247e+02 |   7.641653e+02 |   2.736161e+03 |   6.071097e+02 |
[36msolid0: [39m|   1.800000e+01 |   1.470764e+03 |              8.549444e+05 |   6.391481e+02 |   7.647459e+02 |   2.744224e+03 |   6.071891e+02 |
[36msolid0: [39m+----------------+----------------+---------------------------+----------------+----------------+----------------+----------------+
[36msolid0: [39m
    Finished Executing MultiApps                                                         [[33m  8.12 s[39m] [[33m 1278 MB[39m]
  Finished Executing MultiApps                                                           [[33m  8.12 s[39m] [[33m 1278 MB[39m]

Postprocessor Values:
+----------------+----------------+----------------+----------------+----------------+----------------+----------------+
| time           | avg_coolant_T  | avg_coolant_rho| k              | k_std_dev      | max_coolant_T  | max_coolant_rho|
+----------------+----------------+----------------+----------------+----------------+----------------+----------------+
:                :                :                :                :                :                :                :
|   4.000000e+00 |   5.852629e+02 |   6.982710e+02 |   1.292876e+00 |   1.892578e-03 |   6.013537e+02 |   7.495374e+02 |
|   5.000000e+00 |   5.851992e+02 |   6.983959e+02 |   1.287122e+00 |   2.111398e-03 |   6.014135e+02 |   7.496100e+02 |
|   6.000000e+00 |   5.852670e+02 |   6.982515e+02 |   1.282333e+00 |   2.154120e-03 |   6.013515e+02 |   7.495743e+02 |
|   7.000000e+00 |   5.851444e+02 |   6.985239e+02 |   1.283675e+00 |   2.033348e-03 |   6.014103e+02 |   7.496564e+02 |
|   8.000000e+00 |   5.851747e+02 |   6.984657e+02 |   1.281027e+00 |   2.306970e-03 |   6.013597e+02 |   7.496474e+02 |
|   9.000000e+00 |   5.851411e+02 |   6.985391e+02 |   1.282167e+00 |   1.929077e-03 |   6.013800e+02 |   7.496560e+02 |
|   1.000000e+01 |   5.852189e+02 |   6.983582e+02 |   1.279780e+00 |   2.008471e-03 |   6.013393e+02 |   7.496230e+02 |
|   1.100000e+01 |   5.852661e+02 |   6.982511e+02 |   1.277583e+00 |   2.132238e-03 |   6.013526e+02 |   7.495874e+02 |
|   1.200000e+01 |   5.852170e+02 |   6.983632e+02 |   1.274756e+00 |   1.935365e-03 |   6.013825e+02 |   7.496185e+02 |
|   1.300000e+01 |   5.852097e+02 |   6.983833e+02 |   1.277850e+00 |   2.030448e-03 |   6.013711e+02 |   7.496207e+02 |
|   1.400000e+01 |   5.851663e+02 |   6.984783e+02 |   1.274109e+00 |   1.902236e-03 |   6.013927e+02 |   7.496271e+02 |
|   1.500000e+01 |   5.851739e+02 |   6.984654e+02 |   1.275514e+00 |   1.836360e-03 |   6.013699e+02 |   7.496123e+02 |
|   1.600000e+01 |   5.852276e+02 |   6.983434e+02 |   1.275424e+00 |   2.289116e-03 |   6.013516e+02 |   7.496003e+02 |
|   1.700000e+01 |   5.852161e+02 |   6.983661e+02 |   1.273490e+00 |   2.223190e-03 |   6.013723e+02 |   7.496074e+02 |
|   1.800000e+01 |   5.852119e+02 |   6.983807e+02 |   1.275776e+00 |   2.085837e-03 |   6.013657e+02 |   7.495985e+02 |
+----------------+----------------+----------------+----------------+----------------+----------------+----------------+
+----------------+----------------+----------------+-----------------------+
| time           | min_coolant_T  | min_coolant_rho| openmc_power_integral |
+----------------+----------------+----------------+-----------------------+
:                :                :                :                       :
|   4.000000e+00 |   5.615719e+02 |   6.577837e+02 |          8.549444e+05 |
|   5.000000e+00 |   5.615327e+02 |   6.576039e+02 |          8.549444e+05 |
|   6.000000e+00 |   5.615520e+02 |   6.577906e+02 |          8.549444e+05 |
|   7.000000e+00 |   5.615077e+02 |   6.576134e+02 |          8.549444e+05 |
|   8.000000e+00 |   5.615125e+02 |   6.577658e+02 |          8.549444e+05 |
|   9.000000e+00 |   5.615079e+02 |   6.577047e+02 |          8.549444e+05 |
|   1.000000e+01 |   5.615257e+02 |   6.578272e+02 |          8.549444e+05 |
|   1.100000e+01 |   5.615450e+02 |   6.577872e+02 |          8.549444e+05 |
|   1.200000e+01 |   5.615282e+02 |   6.576971e+02 |          8.549444e+05 |
|   1.300000e+01 |   5.615270e+02 |   6.577315e+02 |          8.549444e+05 |
|   1.400000e+01 |   5.615235e+02 |   6.576664e+02 |          8.549444e+05 |
|   1.500000e+01 |   5.615315e+02 |   6.577350e+02 |          8.549444e+05 |
|   1.600000e+01 |   5.615380e+02 |   6.577901e+02 |          8.549444e+05 |
|   1.700000e+01 |   5.615342e+02 |   6.577278e+02 |          8.549444e+05 |
|   1.800000e+01 |   5.615390e+02 |   6.577476e+02 |          8.549444e+05 |
+----------------+----------------+----------------+-----------------------+


Time Step 19, time = 19, dt = 1
[36msub_channel0: [39m
[36msub_channel0: [39mTime Step 0, time = 0
[36msub_channel0: [39m
[36msub_channel0: [39mTime Step 1, time = 1, dt = 1
[36msub_channel0: [39mExecuting subchannel solver
[36msub_channel0: [39mSolution initialized
[36msub_channel0: [39mSolving Outer Iteration : 1
[36msub_channel0: [39mSolving Block: 0 From first level: 1 to last level: 60
[36msub_channel0: [39mBlock: 0 - Enthalpy conservation matrix assembled
[36msub_channel0: [39mStart updating thermophysical properties.
[36msub_channel0: [39mDone updating thermophysical properties.
[36msub_channel0: [39mT_block_error: 1.19607e-05
[36msub_channel0: [39mBlock: 0 - Enthalpy conservation matrix assembled
[36msub_channel0: [39mStart updating thermophysical properties.
[36msub_channel0: [39mDone updating thermophysical properties.
[36msub_channel0: [39mT_block_error: 1.38746e-07
[36msub_channel0: [39mP_error :7.38914e-07
[36msub_channel0: [39mIteration:  1
[36msub_channel0: [39mMaximum iterations: 5
[36msub_channel0: [39mFinished executing subchannel solver
[36msub_channel0: [39mCommencing calculation of Pin surface temperature 
[36msub_channel0: [39m ======================================= 
[36msub_channel0: [39m ======== Subchannel Print Outs ======== 
[36msub_channel0: [39m ======================================= 
[36msub_channel0: [39mTotal flow area :0.000984685 m^2
[36msub_channel0: [39mAssembly hydraulic diameter :0.00943815 m
[36msub_channel0: [39mAssembly Re number :382270 [-]
[36msub_channel0: [39mBulk coolant temperature at outlet :599.786 K
[36msub_channel0: [39mPower added to coolant is : 847908 Watt
[36msub_channel0: [39mMass flow rate in is : 3.7418 kg/sec
[36msub_channel0: [39mMass balance is : -3.97e-05 kg/sec
[36msub_channel0: [39mUser defined outlet pressure is : 1.57e+07 Pa
[36msub_channel0: [39m ======================================= 
[36msub_channel0: [39m[32m Solve Converged![39m
[36msub_channel0: [39m
[36msub_channel0_viz0: [39m
[36msub_channel0_viz0: [39mPostprocessor Values:
[36msub_channel0_viz0: [39m+----------------+----------------+----------------+----------------+
[36msub_channel0_viz0: [39m| time           | avg_coolant_T  | max_T_fluid    | min_T_fluid    |
[36msub_channel0_viz0: [39m+----------------+----------------+----------------+----------------+
[36msub_channel0_viz0: [39m|   0.000000e+00 |   5.846076e+02 |   6.015030e+02 |   5.603814e+02 |
[36msub_channel0_viz0: [39m+----------------+----------------+----------------+----------------+
[36msub_channel0_viz0: [39m
[36msub_channel0_viz0: [39m[32m Solve Converged![39m
[36msub_channel0_viz0: [39m
[36msub_channel0_viz0: [39m
[36msub_channel0_viz0: [39mPostprocessor Values:
[36msub_channel0_viz0: [39m+----------------+----------------+----------------+----------------+
[36msub_channel0_viz0: [39m| time           | avg_coolant_T  | max_T_fluid    | min_T_fluid    |
[36msub_channel0_viz0: [39m+----------------+----------------+----------------+----------------+
[36msub_channel0_viz0: [39m|   0.000000e+00 |   5.846076e+02 |   6.015030e+02 |   5.603814e+02 |
[36msub_channel0_viz0: [39m|   1.000000e+00 |   5.846004e+02 |   6.015006e+02 |   5.603800e+02 |
[36msub_channel0_viz0: [39m+----------------+----------------+----------------+----------------+
[36msub_channel0_viz0: [39m
Sending temperature to OpenMC cells... 
Setting cell id 13, instance 0 (of 9) [1 contained cells] to temperature (K): 1601.6
Setting cell id 13, instance 1 (of 9) [1 contained cells] to temperature (K): 1600.84
Setting cell id 13, instance 2 (of 9) [1 contained cells] to temperature (K): 1601.87
Setting cell id 13, instance 3 (of 9) [1 contained cells] to temperature (K): 1601.69
Setting cell id 13, instance 4 (of 9) [1 contained cells] to temperature (K): 1602.92
Setting cell id 13, instance 5 (of 9) [1 contained cells] to temperature (K): 1603.06
Setting cell id 13, instance 6 (of 9) [1 contained cells] to temperature (K): 1603.11
Setting cell id 13, instance 7 (of 9) [1 contained cells] to temperature (K): 1604.77
Setting cell id 13, instance 8 (of 9) [1 contained cells] to temperature (K): 1605.7
Setting cell id 14, instance 0 (of 9) [1 contained cells] to temperature (K): 730.445
Setting cell id 14, instance 1 (of 9) [1 contained cells] to temperature (K): 731.359
Setting cell id 14, instance 2 (of 9) [1 contained cells] to temperature (K): 730.591
Setting cell id 14, instance 3 (of 9) [1 contained cells] to temperature (K): 731.425
Setting cell id 14, instance 4 (of 9) [1 contained cells] to temperature (K): 732.545
Setting cell id 14, instance 5 (of 9) [1 contained cells] to temperature (K): 731.545
Setting cell id 14, instance 6 (of 9) [1 contained cells] to temperature (K): 730.47
Setting cell id 14, instance 7 (of 9) [1 contained cells] to temperature (K): 732.069
Setting cell id 14, instance 8 (of 9) [1 contained cells] to temperature (K): 731.522
Setting cell id 16, instance 0 (of 9) [1 contained cells] to temperature (K): 584.423
Setting cell id 16, instance 1 (of 9) [1 contained cells] to temperature (K): 585.536
Setting cell id 16, instance 2 (of 9) [1 contained cells] to temperature (K): 584.442
Setting cell id 16, instance 3 (of 9) [1 contained cells] to temperature (K): 585.529
Setting cell id 16, instance 4 (of 9) [1 contained cells] to temperature (K): 586.79
Setting cell id 16, instance 5 (of 9) [1 contained cells] to temperature (K): 585.582
Setting cell id 16, instance 6 (of 9) [1 contained cells] to temperature (K): 584.432
Setting cell id 16, instance 7 (of 9) [1 contained cells] to temperature (K): 585.584
Setting cell id 16, instance 8 (of 9) [1 contained cells] to temperature (K): 584.525
Sending density to OpenMC cells... 
Setting cell id 16, instance 0 (of 9) to density (kg/m3): 700.331
Setting cell id 16, instance 1 (of 9) to density (kg/m3): 697.585
Setting cell id 16, instance 2 (of 9) to density (kg/m3): 700.289
Setting cell id 16, instance 3 (of 9) to density (kg/m3): 697.599
Setting cell id 16, instance 4 (of 9) to density (kg/m3): 694.437
Setting cell id 16, instance 5 (of 9) to density (kg/m3): 697.47
Setting cell id 16, instance 6 (of 9) to density (kg/m3): 700.309
Setting cell id 16, instance 7 (of 9) to density (kg/m3): 697.462
Setting cell id 16, instance 8 (of 9) to density (kg/m3): 700.082
 Running OpenMC with 2000 particles per batch...
 Maximum neutron transport energy: 20000000 eV for O17
 Initializing source particles...

 ====================>     K EIGENVALUE SIMULATION     <====================

  Bat./Gen.      k            Average k
  =========   ========   ====================
        1/1    1.28055
        2/1    1.21943
        3/1    1.26151
        4/1    1.25849
        5/1    1.21192
        6/1    1.26272
        7/1    1.22394
        8/1    1.28197
        9/1    1.34098
       10/1    1.27883
       11/1    1.26704
       12/1    1.23252
       13/1    1.35459
       14/1    1.25497
       15/1    1.24528
       16/1    1.24710
       17/1    1.25751
       18/1    1.29840
       19/1    1.33745
       20/1    1.33728
       21/1    1.28210
       22/1    1.21547
       23/1    1.30444
       24/1    1.25866
       25/1    1.25907
       26/1    1.29822
       27/1    1.33222
       28/1    1.32794
       29/1    1.26634
       30/1    1.24241
       31/1    1.22033
       32/1    1.26321
       33/1    1.29646
       34/1    1.26982
       35/1    1.24485
       36/1    1.26384
       37/1    1.33604
       38/1    1.24225
       39/1    1.26628
       40/1    1.30624
       41/1    1.23024
       42/1    1.24563
       43/1    1.29316
       44/1    1.29931
       45/1    1.23176
       46/1    1.33124
       47/1    1.23695
       48/1    1.24044
       49/1    1.21436
       50/1    1.28369
       51/1    1.26125
       52/1    1.25207    1.25666 +/- 0.00459
       53/1    1.19317    1.23550 +/- 0.02133
       54/1    1.26347    1.24249 +/- 0.01663
       55/1    1.26910    1.24781 +/- 0.01393
       56/1    1.28646    1.25425 +/- 0.01307
       57/1    1.30219    1.26110 +/- 0.01300
       58/1    1.32459    1.26904 +/- 0.01377
       59/1    1.23868    1.26566 +/- 0.01261
       60/1    1.36525    1.27562 +/- 0.01504
       61/1    1.24623    1.27295 +/- 0.01387
       62/1    1.29212    1.27455 +/- 0.01276
       63/1    1.30893    1.27719 +/- 0.01203
       64/1    1.28153    1.27750 +/- 0.01114
       65/1    1.26471    1.27665 +/- 0.01041
       66/1    1.26644    1.27601 +/- 0.00976
       67/1    1.31094    1.27807 +/- 0.00939
       68/1    1.27114    1.27768 +/- 0.00886
       69/1    1.25676    1.27658 +/- 0.00846
       70/1    1.24331    1.27492 +/- 0.00819
       71/1    1.24215    1.27336 +/- 0.00795
       72/1    1.26202    1.27284 +/- 0.00760
       73/1    1.32316    1.27503 +/- 0.00758
       74/1    1.34866    1.27810 +/- 0.00788
       75/1    1.30248    1.27907 +/- 0.00762
       76/1    1.29917    1.27985 +/- 0.00736
       77/1    1.27494    1.27966 +/- 0.00709
       78/1    1.27171    1.27938 +/- 0.00683
       79/1    1.21240    1.27707 +/- 0.00699
       80/1    1.28262    1.27726 +/- 0.00675
       81/1    1.29950    1.27797 +/- 0.00657
       82/1    1.25631    1.27730 +/- 0.00640
       83/1    1.23870    1.27613 +/- 0.00631
       84/1    1.27261    1.27602 +/- 0.00612
       85/1    1.32689    1.27748 +/- 0.00612
       86/1    1.31053    1.27839 +/- 0.00602
       87/1    1.25344    1.27772 +/- 0.00589
       88/1    1.26727    1.27745 +/- 0.00574
       89/1    1.28014    1.27751 +/- 0.00559
       90/1    1.26445    1.27719 +/- 0.00546
       91/1    1.29064    1.27752 +/- 0.00534
       92/1    1.28641    1.27773 +/- 0.00521
       93/1    1.24746    1.27702 +/- 0.00514
       94/1    1.24732    1.27635 +/- 0.00507
       95/1    1.24712    1.27570 +/- 0.00499
       96/1    1.25742    1.27530 +/- 0.00490
       97/1    1.26351    1.27505 +/- 0.00480
       98/1    1.29043    1.27537 +/- 0.00471
       99/1    1.26783    1.27522 +/- 0.00462
      100/1    1.26770    1.27507 +/- 0.00453
      101/1    1.23624    1.27431 +/- 0.00450
      102/1    1.32339    1.27525 +/- 0.00451
      103/1    1.30014    1.27572 +/- 0.00445
      104/1    1.22716    1.27482 +/- 0.00446
      105/1    1.26322    1.27461 +/- 0.00438
      106/1    1.31779    1.27538 +/- 0.00437
      107/1    1.28632    1.27557 +/- 0.00430
      108/1    1.23114    1.27481 +/- 0.00429
      109/1    1.33986    1.27591 +/- 0.00436
      110/1    1.22592    1.27508 +/- 0.00437
      111/1    1.36490    1.27655 +/- 0.00454
      112/1    1.26856    1.27642 +/- 0.00447
      113/1    1.29904    1.27678 +/- 0.00441
      114/1    1.27724    1.27679 +/- 0.00434
      115/1    1.29031    1.27699 +/- 0.00428
      116/1    1.30348    1.27740 +/- 0.00424
      117/1    1.24238    1.27687 +/- 0.00420
      118/1    1.28088    1.27693 +/- 0.00414
      119/1    1.31341    1.27746 +/- 0.00412
      120/1    1.29849    1.27776 +/- 0.00407
      121/1    1.31459    1.27828 +/- 0.00404
      122/1    1.28888    1.27843 +/- 0.00399
      123/1    1.31235    1.27889 +/- 0.00396
      124/1    1.30051    1.27918 +/- 0.00392
      125/1    1.22387    1.27845 +/- 0.00394
      126/1    1.31747    1.27896 +/- 0.00392
      127/1    1.24736    1.27855 +/- 0.00389
      128/1    1.25879    1.27830 +/- 0.00385
      129/1    1.27033    1.27819 +/- 0.00380
      130/1    1.23369    1.27764 +/- 0.00379
      131/1    1.23789    1.27715 +/- 0.00378
      132/1    1.29071    1.27731 +/- 0.00373
      133/1    1.23097    1.27675 +/- 0.00373
      134/1    1.27136    1.27669 +/- 0.00369
      135/1    1.19966    1.27578 +/- 0.00375
      136/1    1.27274    1.27575 +/- 0.00371
      137/1    1.23587    1.27529 +/- 0.00370
      138/1    1.22999    1.27478 +/- 0.00369
      139/1    1.28826    1.27493 +/- 0.00365
      140/1    1.23916    1.27453 +/- 0.00363
      141/1    1.26130    1.27438 +/- 0.00360
      142/1    1.23933    1.27400 +/- 0.00358
      143/1    1.29453    1.27422 +/- 0.00354
      144/1    1.29614    1.27446 +/- 0.00351
      145/1    1.27160    1.27443 +/- 0.00348
      146/1    1.31217    1.27482 +/- 0.00346
      147/1    1.25304    1.27460 +/- 0.00343
      148/1    1.27465    1.27460 +/- 0.00340
      149/1    1.27914    1.27464 +/- 0.00337
      150/1    1.31143    1.27501 +/- 0.00335
 Creating state point statepoint.150.h5...

 =======================>     TIMING STATISTICS     <=======================

 Total time for initialization     = 0.0000e+00 seconds
   Reading cross sections          = 0.0000e+00 seconds
 Total time in simulation          = 5.6258e+00 seconds
   Time in transport only          = 5.5574e+00 seconds
   Time in inactive batches        = 8.6885e-01 seconds
   Time in active batches          = 4.7570e+00 seconds
   Time synchronizing fission bank = 1.9409e-02 seconds
     Sampling source sites         = 1.5846e-02 seconds
     SEND/RECV source sites        = 3.2777e-03 seconds
   Time accumulating tallies       = 2.9778e-02 seconds
   Time writing statepoints        = 6.6771e-03 seconds
 Total time for finalization       = 1.6871e-02 seconds
 Total time elapsed                = 5.6545e+00 seconds
 Calculation Rate (inactive)       = 115094 particles/second
 Calculation Rate (active)         = 42043.7 particles/second

 ============================>     RESULTS     <============================

 k-effective (Collision)     = 1.27649 +/- 0.00264
 k-effective (Track-length)  = 1.27501 +/- 0.00335
 k-effective (Absorption)    = 1.27400 +/- 0.00213
 Combined k-effective        = 1.27489 +/- 0.00195
 Leakage Fraction            = 0.00019 +/- 0.00003

    Finished Solving OpenMC                                                              [[33m  5.65 s[39m] [[33m 1291 MB[39m]
Extracting OpenMC tallies...
[32m Solve Converged![39m

  Finished Solving                                                                       [[33m  5.70 s[39m] [[33m 1291 MB[39m]
[36msolid0: [39m
[36msolid0: [39mTime Step 19, time = 19, dt = 1
[36msolid0: [39m 0 Nonlinear |R| = [32m6.051108e+01[39m
[36msolid0: [39m      0 Linear |R| = [32m6.051108e+01[39m
[36msolid0: [39m      1 Linear |R| = [32m1.475923e+01[39m
[36msolid0: [39m      2 Linear |R| = [32m7.002450e+00[39m
[36msolid0: [39m      3 Linear |R| = [32m2.062486e+00[39m
[36msolid0: [39m      4 Linear |R| = [32m3.903219e-01[39m
[36msolid0: [39m      5 Linear |R| = [32m7.409884e-02[39m
[36msolid0: [39m      6 Linear |R| = [32m1.678006e-02[39m
[36msolid0: [39m      7 Linear |R| = [32m2.531533e-03[39m
[36msolid0: [39m      8 Linear |R| = [32m2.886837e-04[39m
[36msolid0: [39m 1 Nonlinear |R| = [32m1.117148e-03[39m
[36msolid0: [39m      0 Linear |R| = [32m1.117148e-03[39m
[36msolid0: [39m      1 Linear |R| = [32m7.224654e-05[39m
[36msolid0: [39m      2 Linear |R| = [32m3.365275e-05[39m
[36msolid0: [39m      3 Linear |R| = [32m1.473922e-05[39m
[36msolid0: [39m      4 Linear |R| = [32m3.460019e-06[39m
[36msolid0: [39m      5 Linear |R| = [32m6.823604e-07[39m
[36msolid0: [39m      6 Linear |R| = [32m1.317194e-07[39m
[36msolid0: [39m      7 Linear |R| = [32m2.567665e-08[39m
[36msolid0: [39m      8 Linear |R| = [32m6.168988e-09[39m
[36msolid0: [39m 2 Nonlinear |R| = [32m8.613052e-09[39m
[36msolid0: [39m[32m Solve Converged![39m
[36msolid0: [39m
[36msolid0: [39mFinished Solving                                                                 [[33m  7.90 s[39m] [[33m 1291 MB[39m]
[36msolid0: [39m
[36msolid0: [39mPostprocessor Values:
[36msolid0: [39m+----------------+----------------+---------------------------+----------------+----------------+----------------+----------------+
[36msolid0: [39m| time           | avg_fuel_T     | conduction_power_integral | max_T_wall_send| max_clad_T     | max_fuel_T     | min_T_wall_send|
[36msolid0: [39m+----------------+----------------+---------------------------+----------------+----------------+----------------+----------------+
[36msolid0: [39m:                :                :                           :                :                :                :                :
[36msolid0: [39m|   5.000000e+00 |   1.115926e+03 |              8.549444e+05 |   6.410041e+02 |   7.288512e+02 |   1.909306e+03 |   6.070431e+02 |
[36msolid0: [39m|   6.000000e+00 |   1.200545e+03 |              8.549444e+05 |   6.409744e+02 |   7.374952e+02 |   2.100466e+03 |   6.067786e+02 |
[36msolid0: [39m|   7.000000e+00 |   1.265470e+03 |              8.549444e+05 |   6.403851e+02 |   7.442989e+02 |   2.248675e+03 |   6.073112e+02 |
[36msolid0: [39m|   8.000000e+00 |   1.315462e+03 |              8.549444e+05 |   6.402043e+02 |   7.506500e+02 |   2.365450e+03 |   6.070970e+02 |
[36msolid0: [39m|   9.000000e+00 |   1.353935e+03 |              8.549444e+05 |   6.400073e+02 |   7.535466e+02 |   2.455033e+03 |   6.070500e+02 |
[36msolid0: [39m|   1.000000e+01 |   1.383600e+03 |              8.549444e+05 |   6.400177e+02 |   7.571308e+02 |   2.526494e+03 |   6.068955e+02 |
[36msolid0: [39m|   1.100000e+01 |   1.406463e+03 |              8.549444e+05 |   6.397755e+02 |   7.597272e+02 |   2.582900e+03 |   6.067605e+02 |
[36msolid0: [39m|   1.200000e+01 |   1.424070e+03 |              8.549444e+05 |   6.393915e+02 |   7.613982e+02 |   2.629024e+03 |   6.069612e+02 |
[36msolid0: [39m|   1.300000e+01 |   1.437618e+03 |              8.549444e+05 |   6.392046e+02 |   7.623323e+02 |   2.659306e+03 |   6.070022e+02 |
[36msolid0: [39m|   1.400000e+01 |   1.448038e+03 |              8.549444e+05 |   6.391765e+02 |   7.621235e+02 |   2.682551e+03 |   6.071461e+02 |
[36msolid0: [39m|   1.500000e+01 |   1.456080e+03 |              8.549444e+05 |   6.392419e+02 |   7.632614e+02 |   2.706766e+03 |   6.072024e+02 |
[36msolid0: [39m|   1.600000e+01 |   1.462292e+03 |              8.549444e+05 |   6.393285e+02 |   7.644213e+02 |   2.723379e+03 |   6.070723e+02 |
[36msolid0: [39m|   1.700000e+01 |   1.467076e+03 |              8.549444e+05 |   6.393247e+02 |   7.641653e+02 |   2.736161e+03 |   6.071097e+02 |
[36msolid0: [39m|   1.800000e+01 |   1.470764e+03 |              8.549444e+05 |   6.391481e+02 |   7.647459e+02 |   2.744224e+03 |   6.071891e+02 |
[36msolid0: [39m|   1.900000e+01 |   1.473618e+03 |              8.549444e+05 |   6.391349e+02 |   7.645929e+02 |   2.746754e+03 |   6.071270e+02 |
[36msolid0: [39m+----------------+----------------+---------------------------+----------------+----------------+----------------+----------------+
[36msolid0: [39m
[36msolid0: [39m
[36msolid0: [39mPostprocessor Values:
[36msolid0: [39m+----------------+----------------+---------------------------+----------------+----------------+----------------+----------------+
[36msolid0: [39m| time           | avg_fuel_T     | conduction_power_integral | max_T_wall_send| max_clad_T     | max_fuel_T     | min_T_wall_send|
[36msolid0: [39m+----------------+----------------+---------------------------+----------------+----------------+----------------+----------------+
[36msolid0: [39m:                :                :                           :                :                :                :                :
[36msolid0: [39m|   5.000000e+00 |   1.115926e+03 |              8.549444e+05 |   6.410041e+02 |   7.288512e+02 |   1.909306e+03 |   6.070431e+02 |
[36msolid0: [39m|   6.000000e+00 |   1.200545e+03 |              8.549444e+05 |   6.409744e+02 |   7.374952e+02 |   2.100466e+03 |   6.067786e+02 |
[36msolid0: [39m|   7.000000e+00 |   1.265470e+03 |              8.549444e+05 |   6.403851e+02 |   7.442989e+02 |   2.248675e+03 |   6.073112e+02 |
[36msolid0: [39m|   8.000000e+00 |   1.315462e+03 |              8.549444e+05 |   6.402043e+02 |   7.506500e+02 |   2.365450e+03 |   6.070970e+02 |
[36msolid0: [39m|   9.000000e+00 |   1.353935e+03 |              8.549444e+05 |   6.400073e+02 |   7.535466e+02 |   2.455033e+03 |   6.070500e+02 |
[36msolid0: [39m|   1.000000e+01 |   1.383600e+03 |              8.549444e+05 |   6.400177e+02 |   7.571308e+02 |   2.526494e+03 |   6.068955e+02 |
[36msolid0: [39m|   1.100000e+01 |   1.406463e+03 |              8.549444e+05 |   6.397755e+02 |   7.597272e+02 |   2.582900e+03 |   6.067605e+02 |
[36msolid0: [39m|   1.200000e+01 |   1.424070e+03 |              8.549444e+05 |   6.393915e+02 |   7.613982e+02 |   2.629024e+03 |   6.069612e+02 |
[36msolid0: [39m|   1.300000e+01 |   1.437618e+03 |              8.549444e+05 |   6.392046e+02 |   7.623323e+02 |   2.659306e+03 |   6.070022e+02 |
[36msolid0: [39m|   1.400000e+01 |   1.448038e+03 |              8.549444e+05 |   6.391765e+02 |   7.621235e+02 |   2.682551e+03 |   6.071461e+02 |
[36msolid0: [39m|   1.500000e+01 |   1.456080e+03 |              8.549444e+05 |   6.392419e+02 |   7.632614e+02 |   2.706766e+03 |   6.072024e+02 |
[36msolid0: [39m|   1.600000e+01 |   1.462292e+03 |              8.549444e+05 |   6.393285e+02 |   7.644213e+02 |   2.723379e+03 |   6.070723e+02 |
[36msolid0: [39m|   1.700000e+01 |   1.467076e+03 |              8.549444e+05 |   6.393247e+02 |   7.641653e+02 |   2.736161e+03 |   6.071097e+02 |
[36msolid0: [39m|   1.800000e+01 |   1.470764e+03 |              8.549444e+05 |   6.391481e+02 |   7.647459e+02 |   2.744224e+03 |   6.071891e+02 |
[36msolid0: [39m|   1.900000e+01 |   1.473618e+03 |              8.549444e+05 |   6.391349e+02 |   7.645929e+02 |   2.746754e+03 |   6.071270e+02 |
[36msolid0: [39m+----------------+----------------+---------------------------+----------------+----------------+----------------+----------------+
[36msolid0: [39m
    Finished Executing MultiApps                                                         [[33m  8.45 s[39m] [[33m 1291 MB[39m]
  Finished Executing MultiApps                                                           [[33m  8.45 s[39m] [[33m 1291 MB[39m]

Postprocessor Values:
+----------------+----------------+----------------+----------------+----------------+----------------+----------------+
| time           | avg_coolant_T  | avg_coolant_rho| k              | k_std_dev      | max_coolant_T  | max_coolant_rho|
+----------------+----------------+----------------+----------------+----------------+----------------+----------------+
:                :                :                :                :                :                :                :
|   5.000000e+00 |   5.851992e+02 |   6.983959e+02 |   1.287122e+00 |   2.111398e-03 |   6.014135e+02 |   7.496100e+02 |
|   6.000000e+00 |   5.852670e+02 |   6.982515e+02 |   1.282333e+00 |   2.154120e-03 |   6.013515e+02 |   7.495743e+02 |
|   7.000000e+00 |   5.851444e+02 |   6.985239e+02 |   1.283675e+00 |   2.033348e-03 |   6.014103e+02 |   7.496564e+02 |
|   8.000000e+00 |   5.851747e+02 |   6.984657e+02 |   1.281027e+00 |   2.306970e-03 |   6.013597e+02 |   7.496474e+02 |
|   9.000000e+00 |   5.851411e+02 |   6.985391e+02 |   1.282167e+00 |   1.929077e-03 |   6.013800e+02 |   7.496560e+02 |
|   1.000000e+01 |   5.852189e+02 |   6.983582e+02 |   1.279780e+00 |   2.008471e-03 |   6.013393e+02 |   7.496230e+02 |
|   1.100000e+01 |   5.852661e+02 |   6.982511e+02 |   1.277583e+00 |   2.132238e-03 |   6.013526e+02 |   7.495874e+02 |
|   1.200000e+01 |   5.852170e+02 |   6.983632e+02 |   1.274756e+00 |   1.935365e-03 |   6.013825e+02 |   7.496185e+02 |
|   1.300000e+01 |   5.852097e+02 |   6.983833e+02 |   1.277850e+00 |   2.030448e-03 |   6.013711e+02 |   7.496207e+02 |
|   1.400000e+01 |   5.851663e+02 |   6.984783e+02 |   1.274109e+00 |   1.902236e-03 |   6.013927e+02 |   7.496271e+02 |
|   1.500000e+01 |   5.851739e+02 |   6.984654e+02 |   1.275514e+00 |   1.836360e-03 |   6.013699e+02 |   7.496123e+02 |
|   1.600000e+01 |   5.852276e+02 |   6.983434e+02 |   1.275424e+00 |   2.289116e-03 |   6.013516e+02 |   7.496003e+02 |
|   1.700000e+01 |   5.852161e+02 |   6.983661e+02 |   1.273490e+00 |   2.223190e-03 |   6.013723e+02 |   7.496074e+02 |
|   1.800000e+01 |   5.852119e+02 |   6.983807e+02 |   1.275776e+00 |   2.085837e-03 |   6.013657e+02 |   7.495985e+02 |
|   1.900000e+01 |   5.852046e+02 |   6.983960e+02 |   1.274887e+00 |   1.954345e-03 |   6.013646e+02 |   7.496089e+02 |
+----------------+----------------+----------------+----------------+----------------+----------------+----------------+
+----------------+----------------+----------------+-----------------------+
| time           | min_coolant_T  | min_coolant_rho| openmc_power_integral |
+----------------+----------------+----------------+-----------------------+
:                :                :                :                       :
|   5.000000e+00 |   5.615327e+02 |   6.576039e+02 |          8.549444e+05 |
|   6.000000e+00 |   5.615520e+02 |   6.577906e+02 |          8.549444e+05 |
|   7.000000e+00 |   5.615077e+02 |   6.576134e+02 |          8.549444e+05 |
|   8.000000e+00 |   5.615125e+02 |   6.577658e+02 |          8.549444e+05 |
|   9.000000e+00 |   5.615079e+02 |   6.577047e+02 |          8.549444e+05 |
|   1.000000e+01 |   5.615257e+02 |   6.578272e+02 |          8.549444e+05 |
|   1.100000e+01 |   5.615450e+02 |   6.577872e+02 |          8.549444e+05 |
|   1.200000e+01 |   5.615282e+02 |   6.576971e+02 |          8.549444e+05 |
|   1.300000e+01 |   5.615270e+02 |   6.577315e+02 |          8.549444e+05 |
|   1.400000e+01 |   5.615235e+02 |   6.576664e+02 |          8.549444e+05 |
|   1.500000e+01 |   5.615315e+02 |   6.577350e+02 |          8.549444e+05 |
|   1.600000e+01 |   5.615380e+02 |   6.577901e+02 |          8.549444e+05 |
|   1.700000e+01 |   5.615342e+02 |   6.577278e+02 |          8.549444e+05 |
|   1.800000e+01 |   5.615390e+02 |   6.577476e+02 |          8.549444e+05 |
|   1.900000e+01 |   5.615333e+02 |   6.577510e+02 |          8.549444e+05 |
+----------------+----------------+----------------+-----------------------+


Time Step 20, time = 20, dt = 1
[36msub_channel0: [39m
[36msub_channel0: [39mTime Step 0, time = 0
[36msub_channel0: [39m
[36msub_channel0: [39mTime Step 1, time = 1, dt = 1
[36msub_channel0: [39mExecuting subchannel solver
[36msub_channel0: [39mSolution initialized
[36msub_channel0: [39mSolving Outer Iteration : 1
[36msub_channel0: [39mSolving Block: 0 From first level: 1 to last level: 60
[36msub_channel0: [39mBlock: 0 - Enthalpy conservation matrix assembled
[36msub_channel0: [39mStart updating thermophysical properties.
[36msub_channel0: [39mDone updating thermophysical properties.
[36msub_channel0: [39mT_block_error: 3.46698e-05
[36msub_channel0: [39mBlock: 0 - Enthalpy conservation matrix assembled
[36msub_channel0: [39mStart updating thermophysical properties.
[36msub_channel0: [39mDone updating thermophysical properties.
[36msub_channel0: [39mT_block_error: 3.79333e-07
[36msub_channel0: [39mP_error :2.12653e-06
[36msub_channel0: [39mIteration:  1
[36msub_channel0: [39mMaximum iterations: 5
[36msub_channel0: [39mFinished executing subchannel solver
[36msub_channel0: [39mCommencing calculation of Pin surface temperature 
[36msub_channel0: [39m ======================================= 
[36msub_channel0: [39m ======== Subchannel Print Outs ======== 
[36msub_channel0: [39m ======================================= 
[36msub_channel0: [39mTotal flow area :0.000984685 m^2
[36msub_channel0: [39mAssembly hydraulic diameter :0.00943815 m
[36msub_channel0: [39mAssembly Re number :382270 [-]
[36msub_channel0: [39mBulk coolant temperature at outlet :599.793 K
[36msub_channel0: [39mPower added to coolant is : 847986 Watt
[36msub_channel0: [39mMass flow rate in is : 3.7418 kg/sec
[36msub_channel0: [39mMass balance is : -9.98435e-05 kg/sec
[36msub_channel0: [39mUser defined outlet pressure is : 1.57e+07 Pa
[36msub_channel0: [39m ======================================= 
[36msub_channel0: [39m[32m Solve Converged![39m
[36msub_channel0: [39m
[36msub_channel0_viz0: [39m
[36msub_channel0_viz0: [39mPostprocessor Values:
[36msub_channel0_viz0: [39m+----------------+----------------+----------------+----------------+
[36msub_channel0_viz0: [39m| time           | avg_coolant_T  | max_T_fluid    | min_T_fluid    |
[36msub_channel0_viz0: [39m+----------------+----------------+----------------+----------------+
[36msub_channel0_viz0: [39m|   0.000000e+00 |   5.846004e+02 |   6.015006e+02 |   5.603800e+02 |
[36msub_channel0_viz0: [39m+----------------+----------------+----------------+----------------+
[36msub_channel0_viz0: [39m
[36msub_channel0_viz0: [39m[32m Solve Converged![39m
[36msub_channel0_viz0: [39m
[36msub_channel0_viz0: [39m
[36msub_channel0_viz0: [39mPostprocessor Values:
[36msub_channel0_viz0: [39m+----------------+----------------+----------------+----------------+
[36msub_channel0_viz0: [39m| time           | avg_coolant_T  | max_T_fluid    | min_T_fluid    |
[36msub_channel0_viz0: [39m+----------------+----------------+----------------+----------------+
[36msub_channel0_viz0: [39m|   0.000000e+00 |   5.846004e+02 |   6.015006e+02 |   5.603800e+02 |
[36msub_channel0_viz0: [39m|   1.000000e+00 |   5.845792e+02 |   6.014994e+02 |   5.603797e+02 |
[36msub_channel0_viz0: [39m+----------------+----------------+----------------+----------------+
[36msub_channel0_viz0: [39m
Sending temperature to OpenMC cells... 
Setting cell id 13, instance 0 (of 9) [1 contained cells] to temperature (K): 1605.06
Setting cell id 13, instance 1 (of 9) [1 contained cells] to temperature (K): 1604.25
Setting cell id 13, instance 2 (of 9) [1 contained cells] to temperature (K): 1605.15
Setting cell id 13, instance 3 (of 9) [1 contained cells] to temperature (K): 1605.1
Setting cell id 13, instance 4 (of 9) [1 contained cells] to temperature (K): 1605.84
Setting cell id 13, instance 5 (of 9) [1 contained cells] to temperature (K): 1606.54
Setting cell id 13, instance 6 (of 9) [1 contained cells] to temperature (K): 1606.07
Setting cell id 13, instance 7 (of 9) [1 contained cells] to temperature (K): 1608
Setting cell id 13, instance 8 (of 9) [1 contained cells] to temperature (K): 1608.76
Setting cell id 14, instance 0 (of 9) [1 contained cells] to temperature (K): 730.741
Setting cell id 14, instance 1 (of 9) [1 contained cells] to temperature (K): 731.683
Setting cell id 14, instance 2 (of 9) [1 contained cells] to temperature (K): 730.886
Setting cell id 14, instance 3 (of 9) [1 contained cells] to temperature (K): 731.724
Setting cell id 14, instance 4 (of 9) [1 contained cells] to temperature (K): 732.726
Setting cell id 14, instance 5 (of 9) [1 contained cells] to temperature (K): 731.882
Setting cell id 14, instance 6 (of 9) [1 contained cells] to temperature (K): 730.734
Setting cell id 14, instance 7 (of 9) [1 contained cells] to temperature (K): 732.317
Setting cell id 14, instance 8 (of 9) [1 contained cells] to temperature (K): 731.722
Setting cell id 16, instance 0 (of 9) [1 contained cells] to temperature (K): 584.408
Setting cell id 16, instance 1 (of 9) [1 contained cells] to temperature (K): 585.513
Setting cell id 16, instance 2 (of 9) [1 contained cells] to temperature (K): 584.417
Setting cell id 16, instance 3 (of 9) [1 contained cells] to temperature (K): 585.513
Setting cell id 16, instance 4 (of 9) [1 contained cells] to temperature (K): 586.765
Setting cell id 16, instance 5 (of 9) [1 contained cells] to temperature (K): 585.554
Setting cell id 16, instance 6 (of 9) [1 contained cells] to temperature (K): 584.416
Setting cell id 16, instance 7 (of 9) [1 contained cells] to temperature (K): 585.561
Setting cell id 16, instance 8 (of 9) [1 contained cells] to temperature (K): 584.499
Sending density to OpenMC cells... 
Setting cell id 16, instance 0 (of 9) to density (kg/m3): 700.361
Setting cell id 16, instance 1 (of 9) to density (kg/m3): 697.633
Setting cell id 16, instance 2 (of 9) to density (kg/m3): 700.343
Setting cell id 16, instance 3 (of 9) to density (kg/m3): 697.631
Setting cell id 16, instance 4 (of 9) to density (kg/m3): 694.492
Setting cell id 16, instance 5 (of 9) to density (kg/m3): 697.531
Setting cell id 16, instance 6 (of 9) to density (kg/m3): 700.343
Setting cell id 16, instance 7 (of 9) to density (kg/m3): 697.514
Setting cell id 16, instance 8 (of 9) to density (kg/m3): 700.143
 Running OpenMC with 2000 particles per batch...
 Maximum neutron transport energy: 20000000 eV for O17
 Initializing source particles...

 ====================>     K EIGENVALUE SIMULATION     <====================

  Bat./Gen.      k            Average k
  =========   ========   ====================
        1/1    1.23440
        2/1    1.26796
        3/1    1.28719
        4/1    1.27349
        5/1    1.26577
        6/1    1.23239
        7/1    1.32847
        8/1    1.27244
        9/1    1.22472
       10/1    1.23818
       11/1    1.24456
       12/1    1.29555
       13/1    1.30839
       14/1    1.25889
       15/1    1.31342
       16/1    1.27232
       17/1    1.27428
       18/1    1.28412
       19/1    1.25599
       20/1    1.27246
       21/1    1.24675
       22/1    1.29847
       23/1    1.24825
       24/1    1.24965
       25/1    1.28574
       26/1    1.24565
       27/1    1.31937
       28/1    1.31348
       29/1    1.32449
       30/1    1.27898
       31/1    1.26892
       32/1    1.29477
       33/1    1.21029
       34/1    1.25311
       35/1    1.28250
       36/1    1.30374
       37/1    1.24928
       38/1    1.31269
       39/1    1.20359
       40/1    1.29382
       41/1    1.35410
       42/1    1.28206
       43/1    1.33062
       44/1    1.24374
       45/1    1.33793
       46/1    1.23689
       47/1    1.26991
       48/1    1.24634
       49/1    1.27623
       50/1    1.27328
       51/1    1.31817
       52/1    1.31861    1.31839 +/- 0.00022
       53/1    1.29466    1.31048 +/- 0.00791
       54/1    1.31017    1.31040 +/- 0.00560
       55/1    1.26701    1.30172 +/- 0.00970
       56/1    1.25384    1.29374 +/- 0.01124
       57/1    1.32652    1.29843 +/- 0.01059
       58/1    1.26883    1.29473 +/- 0.00989
       59/1    1.15964    1.27972 +/- 0.01736
       60/1    1.31157    1.28290 +/- 0.01585
       61/1    1.25022    1.27993 +/- 0.01464
       62/1    1.30026    1.28162 +/- 0.01347
       63/1    1.29652    1.28277 +/- 0.01245
       64/1    1.26337    1.28138 +/- 0.01161
       65/1    1.22149    1.27739 +/- 0.01152
       66/1    1.29553    1.27853 +/- 0.01084
       67/1    1.30184    1.27990 +/- 0.01027
       68/1    1.35231    1.28392 +/- 0.01048
       69/1    1.30520    1.28504 +/- 0.00998
       70/1    1.29766    1.28567 +/- 0.00949
       71/1    1.25250    1.28409 +/- 0.00916
       72/1    1.29228    1.28446 +/- 0.00875
       73/1    1.31064    1.28560 +/- 0.00843
       74/1    1.36202    1.28879 +/- 0.00868
       75/1    1.31427    1.28980 +/- 0.00839
       76/1    1.26333    1.28879 +/- 0.00812
       77/1    1.28016    1.28847 +/- 0.00782
       78/1    1.35391    1.29080 +/- 0.00789
       79/1    1.26405    1.28988 +/- 0.00767
       80/1    1.29619    1.29009 +/- 0.00741
       81/1    1.24785    1.28873 +/- 0.00730
       82/1    1.32498    1.28986 +/- 0.00716
       83/1    1.27177    1.28931 +/- 0.00696
       84/1    1.33183    1.29056 +/- 0.00687
       85/1    1.30674    1.29103 +/- 0.00668
       86/1    1.26365    1.29027 +/- 0.00654
       87/1    1.28878    1.29023 +/- 0.00636
       88/1    1.24104    1.28893 +/- 0.00632
       89/1    1.36870    1.29098 +/- 0.00649
       90/1    1.21326    1.28903 +/- 0.00662
       91/1    1.32085    1.28981 +/- 0.00650
       92/1    1.24681    1.28879 +/- 0.00643
       93/1    1.24386    1.28774 +/- 0.00636
       94/1    1.26597    1.28725 +/- 0.00623
       95/1    1.26236    1.28669 +/- 0.00612
       96/1    1.30339    1.28706 +/- 0.00600
       97/1    1.25082    1.28629 +/- 0.00592
       98/1    1.28086    1.28617 +/- 0.00579
       99/1    1.22646    1.28495 +/- 0.00580
      100/1    1.31936    1.28564 +/- 0.00573
      101/1    1.34819    1.28687 +/- 0.00575
      102/1    1.29885    1.28710 +/- 0.00564
      103/1    1.31750    1.28767 +/- 0.00556
      104/1    1.23294    1.28666 +/- 0.00555
      105/1    1.27667    1.28648 +/- 0.00545
      106/1    1.26260    1.28605 +/- 0.00537
      107/1    1.31818    1.28661 +/- 0.00531
      108/1    1.35081    1.28772 +/- 0.00533
      109/1    1.29387    1.28783 +/- 0.00524
      110/1    1.30233    1.28807 +/- 0.00516
      111/1    1.30750    1.28839 +/- 0.00508
      112/1    1.26860    1.28807 +/- 0.00501
      113/1    1.34322    1.28894 +/- 0.00501
      114/1    1.24145    1.28820 +/- 0.00498
      115/1    1.28717    1.28818 +/- 0.00491
      116/1    1.27945    1.28805 +/- 0.00483
      117/1    1.26060    1.28764 +/- 0.00478
      118/1    1.28052    1.28754 +/- 0.00471
      119/1    1.19378    1.28618 +/- 0.00483
      120/1    1.22942    1.28537 +/- 0.00483
      121/1    1.28868    1.28541 +/- 0.00477
      122/1    1.28895    1.28546 +/- 0.00470
      123/1    1.25020    1.28498 +/- 0.00466
      124/1    1.27834    1.28489 +/- 0.00460
      125/1    1.28053    1.28483 +/- 0.00454
      126/1    1.24702    1.28434 +/- 0.00450
      127/1    1.26596    1.28410 +/- 0.00445
      128/1    1.26662    1.28387 +/- 0.00440
      129/1    1.25891    1.28356 +/- 0.00435
      130/1    1.26586    1.28334 +/- 0.00431
      131/1    1.32589    1.28386 +/- 0.00428
      132/1    1.26120    1.28358 +/- 0.00424
      133/1    1.31479    1.28396 +/- 0.00421
      134/1    1.31250    1.28430 +/- 0.00417
      135/1    1.25780    1.28399 +/- 0.00413
      136/1    1.29382    1.28410 +/- 0.00409
      137/1    1.28498    1.28411 +/- 0.00404
      138/1    1.27457    1.28400 +/- 0.00399
      139/1    1.26196    1.28376 +/- 0.00396
      140/1    1.29790    1.28391 +/- 0.00391
      141/1    1.29575    1.28404 +/- 0.00387
      142/1    1.26305    1.28382 +/- 0.00384
      143/1    1.28220    1.28380 +/- 0.00380
      144/1    1.21824    1.28310 +/- 0.00382
      145/1    1.29580    1.28323 +/- 0.00378
      146/1    1.33143    1.28374 +/- 0.00378
      147/1    1.29479    1.28385 +/- 0.00374
      148/1    1.24449    1.28345 +/- 0.00372
      149/1    1.31970    1.28382 +/- 0.00370
      150/1    1.29046    1.28388 +/- 0.00367
 Creating state point statepoint.150.h5...

 =======================>     TIMING STATISTICS     <=======================

 Total time for initialization     = 0.0000e+00 seconds
   Reading cross sections          = 0.0000e+00 seconds
 Total time in simulation          = 5.8242e+00 seconds
   Time in transport only          = 5.7543e+00 seconds
   Time in inactive batches        = 9.1204e-01 seconds
   Time in active batches          = 4.9121e+00 seconds
   Time synchronizing fission bank = 1.9851e-02 seconds
     Sampling source sites         = 1.6445e-02 seconds
     SEND/RECV source sites        = 3.0968e-03 seconds
   Time accumulating tallies       = 2.9523e-02 seconds
   Time writing statepoints        = 6.7468e-03 seconds
 Total time for finalization       = 1.7185e-02 seconds
 Total time elapsed                = 5.8532e+00 seconds
 Calculation Rate (inactive)       = 109644 particles/second
 Calculation Rate (active)         = 40715.5 particles/second

 ============================>     RESULTS     <============================

 k-effective (Collision)     = 1.28375 +/- 0.00309
 k-effective (Track-length)  = 1.28388 +/- 0.00367
 k-effective (Absorption)    = 1.27903 +/- 0.00201
 Combined k-effective        = 1.27963 +/- 0.00200
 Leakage Fraction            = 0.00011 +/- 0.00002

Extracting OpenMC tallies...
    Finished Solving OpenMC                                                              [[33m  5.85 s[39m] [[33m 1304 MB[39m]
[32m Solve Converged![39m

  Finished Solving                                                                       [[33m  5.90 s[39m] [[33m 1304 MB[39m]
[36msolid0: [39m
[36msolid0: [39mTime Step 20, time = 20, dt = 1
[36msolid0: [39m 0 Nonlinear |R| = [32m5.346099e+01[39m
[36msolid0: [39m      0 Linear |R| = [32m5.346099e+01[39m
[36msolid0: [39m      1 Linear |R| = [32m1.206687e+01[39m
[36msolid0: [39m      2 Linear |R| = [32m5.663005e+00[39m
[36msolid0: [39m      3 Linear |R| = [32m1.753955e+00[39m
[36msolid0: [39m      4 Linear |R| = [32m3.466237e-01[39m
[36msolid0: [39m      5 Linear |R| = [32m6.518687e-02[39m
[36msolid0: [39m      6 Linear |R| = [32m1.450689e-02[39m
[36msolid0: [39m      7 Linear |R| = [32m2.139347e-03[39m
[36msolid0: [39m      8 Linear |R| = [32m2.488110e-04[39m
[36msolid0: [39m 1 Nonlinear |R| = [32m8.938898e-04[39m
[36msolid0: [39m      0 Linear |R| = [32m8.938898e-04[39m
[36msolid0: [39m      1 Linear |R| = [32m6.042395e-05[39m
[36msolid0: [39m      2 Linear |R| = [32m2.802072e-05[39m
[36msolid0: [39m      3 Linear |R| = [32m1.235245e-05[39m
[36msolid0: [39m      4 Linear |R| = [32m2.925233e-06[39m
[36msolid0: [39m      5 Linear |R| = [32m5.644292e-07[39m
[36msolid0: [39m      6 Linear |R| = [32m1.064505e-07[39m
[36msolid0: [39m      7 Linear |R| = [32m2.103853e-08[39m
[36msolid0: [39m      8 Linear |R| = [32m5.127917e-09[39m
[36msolid0: [39m 2 Nonlinear |R| = [32m7.010656e-09[39m
[36msolid0: [39m[32m Solve Converged![39m
[36msolid0: [39m
[36msolid0: [39mFinished Solving                                                                 [[33m  7.89 s[39m] [[33m 1323 MB[39m]
[36msolid0: [39m
[36msolid0: [39mPostprocessor Values:
[36msolid0: [39m+----------------+----------------+---------------------------+----------------+----------------+----------------+----------------+
[36msolid0: [39m| time           | avg_fuel_T     | conduction_power_integral | max_T_wall_send| max_clad_T     | max_fuel_T     | min_T_wall_send|
[36msolid0: [39m+----------------+----------------+---------------------------+----------------+----------------+----------------+----------------+
[36msolid0: [39m:                :                :                           :                :                :                :                :
[36msolid0: [39m|   6.000000e+00 |   1.200545e+03 |              8.549444e+05 |   6.409744e+02 |   7.374952e+02 |   2.100466e+03 |   6.067786e+02 |
[36msolid0: [39m|   7.000000e+00 |   1.265470e+03 |              8.549444e+05 |   6.403851e+02 |   7.442989e+02 |   2.248675e+03 |   6.073112e+02 |
[36msolid0: [39m|   8.000000e+00 |   1.315462e+03 |              8.549444e+05 |   6.402043e+02 |   7.506500e+02 |   2.365450e+03 |   6.070970e+02 |
[36msolid0: [39m|   9.000000e+00 |   1.353935e+03 |              8.549444e+05 |   6.400073e+02 |   7.535466e+02 |   2.455033e+03 |   6.070500e+02 |
[36msolid0: [39m|   1.000000e+01 |   1.383600e+03 |              8.549444e+05 |   6.400177e+02 |   7.571308e+02 |   2.526494e+03 |   6.068955e+02 |
[36msolid0: [39m|   1.100000e+01 |   1.406463e+03 |              8.549444e+05 |   6.397755e+02 |   7.597272e+02 |   2.582900e+03 |   6.067605e+02 |
[36msolid0: [39m|   1.200000e+01 |   1.424070e+03 |              8.549444e+05 |   6.393915e+02 |   7.613982e+02 |   2.629024e+03 |   6.069612e+02 |
[36msolid0: [39m|   1.300000e+01 |   1.437618e+03 |              8.549444e+05 |   6.392046e+02 |   7.623323e+02 |   2.659306e+03 |   6.070022e+02 |
[36msolid0: [39m|   1.400000e+01 |   1.448038e+03 |              8.549444e+05 |   6.391765e+02 |   7.621235e+02 |   2.682551e+03 |   6.071461e+02 |
[36msolid0: [39m|   1.500000e+01 |   1.456080e+03 |              8.549444e+05 |   6.392419e+02 |   7.632614e+02 |   2.706766e+03 |   6.072024e+02 |
[36msolid0: [39m|   1.600000e+01 |   1.462292e+03 |              8.549444e+05 |   6.393285e+02 |   7.644213e+02 |   2.723379e+03 |   6.070723e+02 |
[36msolid0: [39m|   1.700000e+01 |   1.467076e+03 |              8.549444e+05 |   6.393247e+02 |   7.641653e+02 |   2.736161e+03 |   6.071097e+02 |
[36msolid0: [39m|   1.800000e+01 |   1.470764e+03 |              8.549444e+05 |   6.391481e+02 |   7.647459e+02 |   2.744224e+03 |   6.071891e+02 |
[36msolid0: [39m|   1.900000e+01 |   1.473618e+03 |              8.549444e+05 |   6.391349e+02 |   7.645929e+02 |   2.746754e+03 |   6.071270e+02 |
[36msolid0: [39m|   2.000000e+01 |   1.475808e+03 |              8.549444e+05 |   6.391715e+02 |   7.647284e+02 |   2.753831e+03 |   6.070795e+02 |
[36msolid0: [39m+----------------+----------------+---------------------------+----------------+----------------+----------------+----------------+
[36msolid0: [39m
[36msolid0: [39m
[36msolid0: [39mPostprocessor Values:
[36msolid0: [39m+----------------+----------------+---------------------------+----------------+----------------+----------------+----------------+
[36msolid0: [39m| time           | avg_fuel_T     | conduction_power_integral | max_T_wall_send| max_clad_T     | max_fuel_T     | min_T_wall_send|
[36msolid0: [39m+----------------+----------------+---------------------------+----------------+----------------+----------------+----------------+
[36msolid0: [39m:                :                :                           :                :                :                :                :
[36msolid0: [39m|   6.000000e+00 |   1.200545e+03 |              8.549444e+05 |   6.409744e+02 |   7.374952e+02 |   2.100466e+03 |   6.067786e+02 |
[36msolid0: [39m|   7.000000e+00 |   1.265470e+03 |              8.549444e+05 |   6.403851e+02 |   7.442989e+02 |   2.248675e+03 |   6.073112e+02 |
[36msolid0: [39m|   8.000000e+00 |   1.315462e+03 |              8.549444e+05 |   6.402043e+02 |   7.506500e+02 |   2.365450e+03 |   6.070970e+02 |
[36msolid0: [39m|   9.000000e+00 |   1.353935e+03 |              8.549444e+05 |   6.400073e+02 |   7.535466e+02 |   2.455033e+03 |   6.070500e+02 |
[36msolid0: [39m|   1.000000e+01 |   1.383600e+03 |              8.549444e+05 |   6.400177e+02 |   7.571308e+02 |   2.526494e+03 |   6.068955e+02 |
[36msolid0: [39m|   1.100000e+01 |   1.406463e+03 |              8.549444e+05 |   6.397755e+02 |   7.597272e+02 |   2.582900e+03 |   6.067605e+02 |
[36msolid0: [39m|   1.200000e+01 |   1.424070e+03 |              8.549444e+05 |   6.393915e+02 |   7.613982e+02 |   2.629024e+03 |   6.069612e+02 |
[36msolid0: [39m|   1.300000e+01 |   1.437618e+03 |              8.549444e+05 |   6.392046e+02 |   7.623323e+02 |   2.659306e+03 |   6.070022e+02 |
[36msolid0: [39m|   1.400000e+01 |   1.448038e+03 |              8.549444e+05 |   6.391765e+02 |   7.621235e+02 |   2.682551e+03 |   6.071461e+02 |
[36msolid0: [39m|   1.500000e+01 |   1.456080e+03 |              8.549444e+05 |   6.392419e+02 |   7.632614e+02 |   2.706766e+03 |   6.072024e+02 |
[36msolid0: [39m|   1.600000e+01 |   1.462292e+03 |              8.549444e+05 |   6.393285e+02 |   7.644213e+02 |   2.723379e+03 |   6.070723e+02 |
[36msolid0: [39m|   1.700000e+01 |   1.467076e+03 |              8.549444e+05 |   6.393247e+02 |   7.641653e+02 |   2.736161e+03 |   6.071097e+02 |
[36msolid0: [39m|   1.800000e+01 |   1.470764e+03 |              8.549444e+05 |   6.391481e+02 |   7.647459e+02 |   2.744224e+03 |   6.071891e+02 |
[36msolid0: [39m|   1.900000e+01 |   1.473618e+03 |              8.549444e+05 |   6.391349e+02 |   7.645929e+02 |   2.746754e+03 |   6.071270e+02 |
[36msolid0: [39m|   2.000000e+01 |   1.475808e+03 |              8.549444e+05 |   6.391715e+02 |   7.647284e+02 |   2.753831e+03 |   6.070795e+02 |
[36msolid0: [39m+----------------+----------------+---------------------------+----------------+----------------+----------------+----------------+
[36msolid0: [39m
    Finished Executing MultiApps                                                         [[33m  8.40 s[39m] [[33m 1323 MB[39m]
  Finished Executing MultiApps                                                           [[33m  8.40 s[39m] [[33m 1323 MB[39m]

Postprocessor Values:
+----------------+----------------+----------------+----------------+----------------+----------------+----------------+
| time           | avg_coolant_T  | avg_coolant_rho| k              | k_std_dev      | max_coolant_T  | max_coolant_rho|
+----------------+----------------+----------------+----------------+----------------+----------------+----------------+
:                :                :                :                :                :                :                :
|   6.000000e+00 |   5.852670e+02 |   6.982515e+02 |   1.282333e+00 |   2.154120e-03 |   6.013515e+02 |   7.495743e+02 |
|   7.000000e+00 |   5.851444e+02 |   6.985239e+02 |   1.283675e+00 |   2.033348e-03 |   6.014103e+02 |   7.496564e+02 |
|   8.000000e+00 |   5.851747e+02 |   6.984657e+02 |   1.281027e+00 |   2.306970e-03 |   6.013597e+02 |   7.496474e+02 |
|   9.000000e+00 |   5.851411e+02 |   6.985391e+02 |   1.282167e+00 |   1.929077e-03 |   6.013800e+02 |   7.496560e+02 |
|   1.000000e+01 |   5.852189e+02 |   6.983582e+02 |   1.279780e+00 |   2.008471e-03 |   6.013393e+02 |   7.496230e+02 |
|   1.100000e+01 |   5.852661e+02 |   6.982511e+02 |   1.277583e+00 |   2.132238e-03 |   6.013526e+02 |   7.495874e+02 |
|   1.200000e+01 |   5.852170e+02 |   6.983632e+02 |   1.274756e+00 |   1.935365e-03 |   6.013825e+02 |   7.496185e+02 |
|   1.300000e+01 |   5.852097e+02 |   6.983833e+02 |   1.277850e+00 |   2.030448e-03 |   6.013711e+02 |   7.496207e+02 |
|   1.400000e+01 |   5.851663e+02 |   6.984783e+02 |   1.274109e+00 |   1.902236e-03 |   6.013927e+02 |   7.496271e+02 |
|   1.500000e+01 |   5.851739e+02 |   6.984654e+02 |   1.275514e+00 |   1.836360e-03 |   6.013699e+02 |   7.496123e+02 |
|   1.600000e+01 |   5.852276e+02 |   6.983434e+02 |   1.275424e+00 |   2.289116e-03 |   6.013516e+02 |   7.496003e+02 |
|   1.700000e+01 |   5.852161e+02 |   6.983661e+02 |   1.273490e+00 |   2.223190e-03 |   6.013723e+02 |   7.496074e+02 |
|   1.800000e+01 |   5.852119e+02 |   6.983807e+02 |   1.275776e+00 |   2.085837e-03 |   6.013657e+02 |   7.495985e+02 |
|   1.900000e+01 |   5.852046e+02 |   6.983960e+02 |   1.274887e+00 |   1.954345e-03 |   6.013646e+02 |   7.496089e+02 |
|   2.000000e+01 |   5.851829e+02 |   6.984435e+02 |   1.279635e+00 |   2.000243e-03 |   6.013633e+02 |   7.496112e+02 |
+----------------+----------------+----------------+----------------+----------------+----------------+----------------+
+----------------+----------------+----------------+-----------------------+
| time           | min_coolant_T  | min_coolant_rho| openmc_power_integral |
+----------------+----------------+----------------+-----------------------+
:                :                :                :                       :
|   6.000000e+00 |   5.615520e+02 |   6.577906e+02 |          8.549444e+05 |
|   7.000000e+00 |   5.615077e+02 |   6.576134e+02 |          8.549444e+05 |
|   8.000000e+00 |   5.615125e+02 |   6.577658e+02 |          8.549444e+05 |
|   9.000000e+00 |   5.615079e+02 |   6.577047e+02 |          8.549444e+05 |
|   1.000000e+01 |   5.615257e+02 |   6.578272e+02 |          8.549444e+05 |
|   1.100000e+01 |   5.615450e+02 |   6.577872e+02 |          8.549444e+05 |
|   1.200000e+01 |   5.615282e+02 |   6.576971e+02 |          8.549444e+05 |
|   1.300000e+01 |   5.615270e+02 |   6.577315e+02 |          8.549444e+05 |
|   1.400000e+01 |   5.615235e+02 |   6.576664e+02 |          8.549444e+05 |
|   1.500000e+01 |   5.615315e+02 |   6.577350e+02 |          8.549444e+05 |
|   1.600000e+01 |   5.615380e+02 |   6.577901e+02 |          8.549444e+05 |
|   1.700000e+01 |   5.615342e+02 |   6.577278e+02 |          8.549444e+05 |
|   1.800000e+01 |   5.615390e+02 |   6.577476e+02 |          8.549444e+05 |
|   1.900000e+01 |   5.615333e+02 |   6.577510e+02 |          8.549444e+05 |
|   2.000000e+01 |   5.615321e+02 |   6.577549e+02 |          8.549444e+05 |
+----------------+----------------+----------------+-----------------------+


Time Step 21, time = 21, dt = 1
[36msub_channel0: [39m
[36msub_channel0: [39mTime Step 0, time = 0
[36msub_channel0: [39m
[36msub_channel0: [39mTime Step 1, time = 1, dt = 1
[36msub_channel0: [39mExecuting subchannel solver
[36msub_channel0: [39mSolution initialized
[36msub_channel0: [39mSolving Outer Iteration : 1
[36msub_channel0: [39mSolving Block: 0 From first level: 1 to last level: 60
[36msub_channel0: [39mBlock: 0 - Enthalpy conservation matrix assembled
[36msub_channel0: [39mStart updating thermophysical properties.
[36msub_channel0: [39mDone updating thermophysical properties.
[36msub_channel0: [39mT_block_error: 5.1294e-05
[36msub_channel0: [39mBlock: 0 - Enthalpy conservation matrix assembled
[36msub_channel0: [39mStart updating thermophysical properties.
[36msub_channel0: [39mDone updating thermophysical properties.
[36msub_channel0: [39mT_block_error: 5.78446e-07
[36msub_channel0: [39mP_error :1.26744e-06
[36msub_channel0: [39mIteration:  1
[36msub_channel0: [39mMaximum iterations: 5
[36msub_channel0: [39mFinished executing subchannel solver
[36msub_channel0: [39mCommencing calculation of Pin surface temperature 
[36msub_channel0: [39m ======================================= 
[36msub_channel0: [39m ======== Subchannel Print Outs ======== 
[36msub_channel0: [39m ======================================= 
[36msub_channel0: [39mTotal flow area :0.000984685 m^2
[36msub_channel0: [39mAssembly hydraulic diameter :0.00943815 m
[36msub_channel0: [39mAssembly Re number :382270 [-]
[36msub_channel0: [39mBulk coolant temperature at outlet :599.772 K
[36msub_channel0: [39mPower added to coolant is : 847792 Watt
[36msub_channel0: [39mMass flow rate in is : 3.7418 kg/sec
[36msub_channel0: [39mMass balance is : 0.000119819 kg/sec
[36msub_channel0: [39mUser defined outlet pressure is : 1.57e+07 Pa
[36msub_channel0: [39m ======================================= 
[36msub_channel0: [39m[32m Solve Converged![39m
[36msub_channel0: [39m
[36msub_channel0_viz0: [39m
[36msub_channel0_viz0: [39mPostprocessor Values:
[36msub_channel0_viz0: [39m+----------------+----------------+----------------+----------------+
[36msub_channel0_viz0: [39m| time           | avg_coolant_T  | max_T_fluid    | min_T_fluid    |
[36msub_channel0_viz0: [39m+----------------+----------------+----------------+----------------+
[36msub_channel0_viz0: [39m|   0.000000e+00 |   5.845792e+02 |   6.014994e+02 |   5.603797e+02 |
[36msub_channel0_viz0: [39m+----------------+----------------+----------------+----------------+
[36msub_channel0_viz0: [39m
[36msub_channel0_viz0: [39m[32m Solve Converged![39m
[36msub_channel0_viz0: [39m
[36msub_channel0_viz0: [39m
[36msub_channel0_viz0: [39mPostprocessor Values:
[36msub_channel0_viz0: [39m+----------------+----------------+----------------+----------------+
[36msub_channel0_viz0: [39m| time           | avg_coolant_T  | max_T_fluid    | min_T_fluid    |
[36msub_channel0_viz0: [39m+----------------+----------------+----------------+----------------+
[36msub_channel0_viz0: [39m|   0.000000e+00 |   5.845792e+02 |   6.014994e+02 |   5.603797e+02 |
[36msub_channel0_viz0: [39m|   1.000000e+00 |   5.846105e+02 |   6.014740e+02 |   5.603825e+02 |
[36msub_channel0_viz0: [39m+----------------+----------------+----------------+----------------+
[36msub_channel0_viz0: [39m
Sending temperature to OpenMC cells... 
Setting cell id 13, instance 0 (of 9) [1 contained cells] to temperature (K): 1607.78
Setting cell id 13, instance 1 (of 9) [1 contained cells] to temperature (K): 1606.89
Setting cell id 13, instance 2 (of 9) [1 contained cells] to temperature (K): 1607.61
Setting cell id 13, instance 3 (of 9) [1 contained cells] to temperature (K): 1607.81
Setting cell id 13, instance 4 (of 9) [1 contained cells] to temperature (K): 1608.1
Setting cell id 13, instance 5 (of 9) [1 contained cells] to temperature (K): 1609.21
Setting cell id 13, instance 6 (of 9) [1 contained cells] to temperature (K): 1608.41
Setting cell id 13, instance 7 (of 9) [1 contained cells] to temperature (K): 1610.5
Setting cell id 13, instance 8 (of 9) [1 contained cells] to temperature (K): 1611.14
Setting cell id 14, instance 0 (of 9) [1 contained cells] to temperature (K): 731.024
Setting cell id 14, instance 1 (of 9) [1 contained cells] to temperature (K): 731.89
Setting cell id 14, instance 2 (of 9) [1 contained cells] to temperature (K): 731.071
Setting cell id 14, instance 3 (of 9) [1 contained cells] to temperature (K): 731.997
Setting cell id 14, instance 4 (of 9) [1 contained cells] to temperature (K): 732.86
Setting cell id 14, instance 5 (of 9) [1 contained cells] to temperature (K): 732.117
Setting cell id 14, instance 6 (of 9) [1 contained cells] to temperature (K): 730.922
Setting cell id 14, instance 7 (of 9) [1 contained cells] to temperature (K): 732.488
Setting cell id 14, instance 8 (of 9) [1 contained cells] to temperature (K): 731.886
Setting cell id 16, instance 0 (of 9) [1 contained cells] to temperature (K): 584.446
Setting cell id 16, instance 1 (of 9) [1 contained cells] to temperature (K): 585.547
Setting cell id 16, instance 2 (of 9) [1 contained cells] to temperature (K): 584.444
Setting cell id 16, instance 3 (of 9) [1 contained cells] to temperature (K): 585.551
Setting cell id 16, instance 4 (of 9) [1 contained cells] to temperature (K): 586.8
Setting cell id 16, instance 5 (of 9) [1 contained cells] to temperature (K): 585.584
Setting cell id 16, instance 6 (of 9) [1 contained cells] to temperature (K): 584.448
Setting cell id 16, instance 7 (of 9) [1 contained cells] to temperature (K): 585.591
Setting cell id 16, instance 8 (of 9) [1 contained cells] to temperature (K): 584.525
Sending density to OpenMC cells... 
Setting cell id 16, instance 0 (of 9) to density (kg/m3): 700.278
Setting cell id 16, instance 1 (of 9) to density (kg/m3): 697.56
Setting cell id 16, instance 2 (of 9) to density (kg/m3): 700.286
Setting cell id 16, instance 3 (of 9) to density (kg/m3): 697.548
Setting cell id 16, instance 4 (of 9) to density (kg/m3): 694.416
Setting cell id 16, instance 5 (of 9) to density (kg/m3): 697.468
Setting cell id 16, instance 6 (of 9) to density (kg/m3): 700.274
Setting cell id 16, instance 7 (of 9) to density (kg/m3): 697.448
Setting cell id 16, instance 8 (of 9) to density (kg/m3): 700.085
 Running OpenMC with 2000 particles per batch...
 Maximum neutron transport energy: 20000000 eV for O17
 Initializing source particles...

 ====================>     K EIGENVALUE SIMULATION     <====================

  Bat./Gen.      k            Average k
  =========   ========   ====================
        1/1    1.26716
        2/1    1.31876
        3/1    1.23922
        4/1    1.29072
        5/1    1.23397
        6/1    1.21836
        7/1    1.29812
        8/1    1.27297
        9/1    1.23817
       10/1    1.31547
       11/1    1.30244
       12/1    1.27248
       13/1    1.20994
       14/1    1.30331
       15/1    1.29364
       16/1    1.24937
       17/1    1.21795
       18/1    1.28479
       19/1    1.25150
       20/1    1.27835
       21/1    1.28315
       22/1    1.30428
       23/1    1.25123
       24/1    1.27427
       25/1    1.22322
       26/1    1.20159
       27/1    1.25007
       28/1    1.26395
       29/1    1.24433
       30/1    1.28056
       31/1    1.28838
       32/1    1.20729
       33/1    1.26406
       34/1    1.32107
       35/1    1.21600
       36/1    1.27660
       37/1    1.35219
       38/1    1.24916
       39/1    1.24881
       40/1    1.30090
       41/1    1.32770
       42/1    1.26112
       43/1    1.25570
       44/1    1.28438
       45/1    1.28131
       46/1    1.31462
       47/1    1.29330
       48/1    1.26953
       49/1    1.24848
       50/1    1.26815
       51/1    1.27195
       52/1    1.24838    1.26016 +/- 0.01179
       53/1    1.25101    1.25711 +/- 0.00746
       54/1    1.28787    1.26480 +/- 0.00933
       55/1    1.27104    1.26605 +/- 0.00733
       56/1    1.27951    1.26829 +/- 0.00639
       57/1    1.28031    1.27001 +/- 0.00567
       58/1    1.28627    1.27204 +/- 0.00531
       59/1    1.24322    1.26884 +/- 0.00568
       60/1    1.25078    1.26703 +/- 0.00539
       61/1    1.31244    1.27116 +/- 0.00639
       62/1    1.27792    1.27172 +/- 0.00586
       63/1    1.24797    1.26990 +/- 0.00569
       64/1    1.21980    1.26632 +/- 0.00637
       65/1    1.23873    1.26448 +/- 0.00621
       66/1    1.29417    1.26634 +/- 0.00610
       67/1    1.25935    1.26592 +/- 0.00574
       68/1    1.27235    1.26628 +/- 0.00542
       69/1    1.22120    1.26391 +/- 0.00565
       70/1    1.27988    1.26471 +/- 0.00542
       71/1    1.25700    1.26434 +/- 0.00517
       72/1    1.32557    1.26712 +/- 0.00566
       73/1    1.31577    1.26924 +/- 0.00581
       74/1    1.28971    1.27009 +/- 0.00563
       75/1    1.30747    1.27159 +/- 0.00560
       76/1    1.30608    1.27291 +/- 0.00554
       77/1    1.35542    1.27597 +/- 0.00615
       78/1    1.25616    1.27526 +/- 0.00596
       79/1    1.21529    1.27319 +/- 0.00611
       80/1    1.24946    1.27240 +/- 0.00596
       81/1    1.33673    1.27448 +/- 0.00613
       82/1    1.30598    1.27546 +/- 0.00601
       83/1    1.22481    1.27393 +/- 0.00603
       84/1    1.31604    1.27517 +/- 0.00598
       85/1    1.24073    1.27418 +/- 0.00589
       86/1    1.30486    1.27503 +/- 0.00578
       87/1    1.26712    1.27482 +/- 0.00563
       88/1    1.26906    1.27467 +/- 0.00548
       89/1    1.29928    1.27530 +/- 0.00538
       90/1    1.31160    1.27621 +/- 0.00532
       91/1    1.30287    1.27686 +/- 0.00523
       92/1    1.28570    1.27707 +/- 0.00511
       93/1    1.31037    1.27784 +/- 0.00505
       94/1    1.33616    1.27917 +/- 0.00510
       95/1    1.29473    1.27951 +/- 0.00500
       96/1    1.24114    1.27868 +/- 0.00496
       97/1    1.27579    1.27862 +/- 0.00486
       98/1    1.31566    1.27939 +/- 0.00482
       99/1    1.29998    1.27981 +/- 0.00474
      100/1    1.24494    1.27911 +/- 0.00469
      101/1    1.18637    1.27729 +/- 0.00495
      102/1    1.35325    1.27875 +/- 0.00506
      103/1    1.29466    1.27905 +/- 0.00498
      104/1    1.33329    1.28006 +/- 0.00499
      105/1    1.33576    1.28107 +/- 0.00500
      106/1    1.33381    1.28201 +/- 0.00500
      107/1    1.24428    1.28135 +/- 0.00495
      108/1    1.34798    1.28250 +/- 0.00500
      109/1    1.28415    1.28253 +/- 0.00492
      110/1    1.30197    1.28285 +/- 0.00484
      111/1    1.30599    1.28323 +/- 0.00478
      112/1    1.30781    1.28363 +/- 0.00472
      113/1    1.30762    1.28401 +/- 0.00466
      114/1    1.27146    1.28381 +/- 0.00459
      115/1    1.27845    1.28373 +/- 0.00452
      116/1    1.25085    1.28323 +/- 0.00448
      117/1    1.25305    1.28278 +/- 0.00443
      118/1    1.32975    1.28347 +/- 0.00442
      119/1    1.22891    1.28268 +/- 0.00443
      120/1    1.22528    1.28186 +/- 0.00444
      121/1    1.30106    1.28213 +/- 0.00439
      122/1    1.30908    1.28251 +/- 0.00434
      123/1    1.29924    1.28274 +/- 0.00429
      124/1    1.31557    1.28318 +/- 0.00425
      125/1    1.23924    1.28259 +/- 0.00424
      126/1    1.26701    1.28239 +/- 0.00418
      127/1    1.30398    1.28267 +/- 0.00414
      128/1    1.29794    1.28286 +/- 0.00409
      129/1    1.28594    1.28290 +/- 0.00404
      130/1    1.26891    1.28273 +/- 0.00399
      131/1    1.29968    1.28294 +/- 0.00395
      132/1    1.26530    1.28272 +/- 0.00391
      133/1    1.27733    1.28266 +/- 0.00386
      134/1    1.26250    1.28242 +/- 0.00382
      135/1    1.28014    1.28239 +/- 0.00377
      136/1    1.26542    1.28219 +/- 0.00374
      137/1    1.26478    1.28199 +/- 0.00370
      138/1    1.30118    1.28221 +/- 0.00366
      139/1    1.24235    1.28176 +/- 0.00365
      140/1    1.26544    1.28158 +/- 0.00361
      141/1    1.25254    1.28126 +/- 0.00359
      142/1    1.22591    1.28066 +/- 0.00360
      143/1    1.29370    1.28080 +/- 0.00356
      144/1    1.27705    1.28076 +/- 0.00352
      145/1    1.30141    1.28098 +/- 0.00349
      146/1    1.29095    1.28108 +/- 0.00346
      147/1    1.30430    1.28132 +/- 0.00343
      148/1    1.29444    1.28146 +/- 0.00340
      149/1    1.24340    1.28107 +/- 0.00339
      150/1    1.24099    1.28067 +/- 0.00338
 Creating state point statepoint.150.h5...

 =======================>     TIMING STATISTICS     <=======================

 Total time for initialization     = 0.0000e+00 seconds
   Reading cross sections          = 0.0000e+00 seconds
 Total time in simulation          = 5.7334e+00 seconds
   Time in transport only          = 5.6727e+00 seconds
   Time in inactive batches        = 8.6473e-01 seconds
   Time in active batches          = 4.8687e+00 seconds
   Time synchronizing fission bank = 1.7448e-02 seconds
     Sampling source sites         = 1.4778e-02 seconds
     SEND/RECV source sites        = 2.3759e-03 seconds
   Time accumulating tallies       = 2.6371e-02 seconds
   Time writing statepoints        = 4.4049e-03 seconds
 Total time for finalization       = 3.0580e-02 seconds
 Total time elapsed                = 5.7759e+00 seconds
 Calculation Rate (inactive)       = 115643 particles/second
 Calculation Rate (active)         = 41078.5 particles/second

 ============================>     RESULTS     <============================

 k-effective (Collision)     = 1.27843 +/- 0.00270
 k-effective (Track-length)  = 1.28067 +/- 0.00338
 k-effective (Absorption)    = 1.27460 +/- 0.00244
 Combined k-effective        = 1.27627 +/- 0.00222
 Leakage Fraction            = 0.00018 +/- 0.00003

    Finished Solving OpenMC                                                              [[33m  5.78 s[39m] [[33m 1281 MB[39m]
Extracting OpenMC tallies...
[32m Solve Converged![39m

  Finished Solving                                                                       [[33m  5.82 s[39m] [[33m 1281 MB[39m]
[36msolid0: [39m
[36msolid0: [39mTime Step 21, time = 21, dt = 1
[36msolid0: [39m 0 Nonlinear |R| = [32m5.394477e+01[39m
[36msolid0: [39m      0 Linear |R| = [32m5.394477e+01[39m
[36msolid0: [39m      1 Linear |R| = [32m1.148407e+01[39m
[36msolid0: [39m      2 Linear |R| = [32m5.314036e+00[39m
[36msolid0: [39m      3 Linear |R| = [32m1.684170e+00[39m
[36msolid0: [39m      4 Linear |R| = [32m3.380319e-01[39m
[36msolid0: [39m      5 Linear |R| = [32m6.202113e-02[39m
[36msolid0: [39m      6 Linear |R| = [32m1.416597e-02[39m
[36msolid0: [39m      7 Linear |R| = [32m2.142353e-03[39m
[36msolid0: [39m      8 Linear |R| = [32m2.566549e-04[39m
[36msolid0: [39m 1 Nonlinear |R| = [32m8.528734e-04[39m
[36msolid0: [39m      0 Linear |R| = [32m8.528734e-04[39m
[36msolid0: [39m      1 Linear |R| = [32m6.134990e-05[39m
[36msolid0: [39m      2 Linear |R| = [32m2.941778e-05[39m
[36msolid0: [39m      3 Linear |R| = [32m1.271370e-05[39m
[36msolid0: [39m      4 Linear |R| = [32m2.945624e-06[39m
[36msolid0: [39m      5 Linear |R| = [32m5.703845e-07[39m
[36msolid0: [39m      6 Linear |R| = [32m1.082711e-07[39m
[36msolid0: [39m      7 Linear |R| = [32m2.126058e-08[39m
[36msolid0: [39m      8 Linear |R| = [32m5.135984e-09[39m
[36msolid0: [39m 2 Nonlinear |R| = [32m7.268027e-09[39m
[36msolid0: [39m[32m Solve Converged![39m
[36msolid0: [39m
[36msolid0: [39mFinished Solving                                                                 [[33m  7.92 s[39m] [[33m 1281 MB[39m]
[36msolid0: [39m
[36msolid0: [39mPostprocessor Values:
[36msolid0: [39m+----------------+----------------+---------------------------+----------------+----------------+----------------+----------------+
[36msolid0: [39m| time           | avg_fuel_T     | conduction_power_integral | max_T_wall_send| max_clad_T     | max_fuel_T     | min_T_wall_send|
[36msolid0: [39m+----------------+----------------+---------------------------+----------------+----------------+----------------+----------------+
[36msolid0: [39m:                :                :                           :                :                :                :                :
[36msolid0: [39m|   7.000000e+00 |   1.265470e+03 |              8.549444e+05 |   6.403851e+02 |   7.442989e+02 |   2.248675e+03 |   6.073112e+02 |
[36msolid0: [39m|   8.000000e+00 |   1.315462e+03 |              8.549444e+05 |   6.402043e+02 |   7.506500e+02 |   2.365450e+03 |   6.070970e+02 |
[36msolid0: [39m|   9.000000e+00 |   1.353935e+03 |              8.549444e+05 |   6.400073e+02 |   7.535466e+02 |   2.455033e+03 |   6.070500e+02 |
[36msolid0: [39m|   1.000000e+01 |   1.383600e+03 |              8.549444e+05 |   6.400177e+02 |   7.571308e+02 |   2.526494e+03 |   6.068955e+02 |
[36msolid0: [39m|   1.100000e+01 |   1.406463e+03 |              8.549444e+05 |   6.397755e+02 |   7.597272e+02 |   2.582900e+03 |   6.067605e+02 |
[36msolid0: [39m|   1.200000e+01 |   1.424070e+03 |              8.549444e+05 |   6.393915e+02 |   7.613982e+02 |   2.629024e+03 |   6.069612e+02 |
[36msolid0: [39m|   1.300000e+01 |   1.437618e+03 |              8.549444e+05 |   6.392046e+02 |   7.623323e+02 |   2.659306e+03 |   6.070022e+02 |
[36msolid0: [39m|   1.400000e+01 |   1.448038e+03 |              8.549444e+05 |   6.391765e+02 |   7.621235e+02 |   2.682551e+03 |   6.071461e+02 |
[36msolid0: [39m|   1.500000e+01 |   1.456080e+03 |              8.549444e+05 |   6.392419e+02 |   7.632614e+02 |   2.706766e+03 |   6.072024e+02 |
[36msolid0: [39m|   1.600000e+01 |   1.462292e+03 |              8.549444e+05 |   6.393285e+02 |   7.644213e+02 |   2.723379e+03 |   6.070723e+02 |
[36msolid0: [39m|   1.700000e+01 |   1.467076e+03 |              8.549444e+05 |   6.393247e+02 |   7.641653e+02 |   2.736161e+03 |   6.071097e+02 |
[36msolid0: [39m|   1.800000e+01 |   1.470764e+03 |              8.549444e+05 |   6.391481e+02 |   7.647459e+02 |   2.744224e+03 |   6.071891e+02 |
[36msolid0: [39m|   1.900000e+01 |   1.473618e+03 |              8.549444e+05 |   6.391349e+02 |   7.645929e+02 |   2.746754e+03 |   6.071270e+02 |
[36msolid0: [39m|   2.000000e+01 |   1.475808e+03 |              8.549444e+05 |   6.391715e+02 |   7.647284e+02 |   2.753831e+03 |   6.070795e+02 |
[36msolid0: [39m|   2.100000e+01 |   1.477526e+03 |              8.549444e+05 |   6.393197e+02 |   7.650222e+02 |   2.762492e+03 |   6.069926e+02 |
[36msolid0: [39m+----------------+----------------+---------------------------+----------------+----------------+----------------+----------------+
[36msolid0: [39m
[36msolid0: [39m
[36msolid0: [39mPostprocessor Values:
[36msolid0: [39m+----------------+----------------+---------------------------+----------------+----------------+----------------+----------------+
[36msolid0: [39m| time           | avg_fuel_T     | conduction_power_integral | max_T_wall_send| max_clad_T     | max_fuel_T     | min_T_wall_send|
[36msolid0: [39m+----------------+----------------+---------------------------+----------------+----------------+----------------+----------------+
[36msolid0: [39m:                :                :                           :                :                :                :                :
[36msolid0: [39m|   7.000000e+00 |   1.265470e+03 |              8.549444e+05 |   6.403851e+02 |   7.442989e+02 |   2.248675e+03 |   6.073112e+02 |
[36msolid0: [39m|   8.000000e+00 |   1.315462e+03 |              8.549444e+05 |   6.402043e+02 |   7.506500e+02 |   2.365450e+03 |   6.070970e+02 |
[36msolid0: [39m|   9.000000e+00 |   1.353935e+03 |              8.549444e+05 |   6.400073e+02 |   7.535466e+02 |   2.455033e+03 |   6.070500e+02 |
[36msolid0: [39m|   1.000000e+01 |   1.383600e+03 |              8.549444e+05 |   6.400177e+02 |   7.571308e+02 |   2.526494e+03 |   6.068955e+02 |
[36msolid0: [39m|   1.100000e+01 |   1.406463e+03 |              8.549444e+05 |   6.397755e+02 |   7.597272e+02 |   2.582900e+03 |   6.067605e+02 |
[36msolid0: [39m|   1.200000e+01 |   1.424070e+03 |              8.549444e+05 |   6.393915e+02 |   7.613982e+02 |   2.629024e+03 |   6.069612e+02 |
[36msolid0: [39m|   1.300000e+01 |   1.437618e+03 |              8.549444e+05 |   6.392046e+02 |   7.623323e+02 |   2.659306e+03 |   6.070022e+02 |
[36msolid0: [39m|   1.400000e+01 |   1.448038e+03 |              8.549444e+05 |   6.391765e+02 |   7.621235e+02 |   2.682551e+03 |   6.071461e+02 |
[36msolid0: [39m|   1.500000e+01 |   1.456080e+03 |              8.549444e+05 |   6.392419e+02 |   7.632614e+02 |   2.706766e+03 |   6.072024e+02 |
[36msolid0: [39m|   1.600000e+01 |   1.462292e+03 |              8.549444e+05 |   6.393285e+02 |   7.644213e+02 |   2.723379e+03 |   6.070723e+02 |
[36msolid0: [39m|   1.700000e+01 |   1.467076e+03 |              8.549444e+05 |   6.393247e+02 |   7.641653e+02 |   2.736161e+03 |   6.071097e+02 |
[36msolid0: [39m|   1.800000e+01 |   1.470764e+03 |              8.549444e+05 |   6.391481e+02 |   7.647459e+02 |   2.744224e+03 |   6.071891e+02 |
[36msolid0: [39m|   1.900000e+01 |   1.473618e+03 |              8.549444e+05 |   6.391349e+02 |   7.645929e+02 |   2.746754e+03 |   6.071270e+02 |
[36msolid0: [39m|   2.000000e+01 |   1.475808e+03 |              8.549444e+05 |   6.391715e+02 |   7.647284e+02 |   2.753831e+03 |   6.070795e+02 |
[36msolid0: [39m|   2.100000e+01 |   1.477526e+03 |              8.549444e+05 |   6.393197e+02 |   7.650222e+02 |   2.762492e+03 |   6.069926e+02 |
[36msolid0: [39m+----------------+----------------+---------------------------+----------------+----------------+----------------+----------------+
[36msolid0: [39m
    Finished Executing MultiApps                                                         [[33m  8.48 s[39m] [[33m 1281 MB[39m]
  Finished Executing MultiApps                                                           [[33m  8.48 s[39m] [[33m 1281 MB[39m]

Postprocessor Values:
+----------------+----------------+----------------+----------------+----------------+----------------+----------------+
| time           | avg_coolant_T  | avg_coolant_rho| k              | k_std_dev      | max_coolant_T  | max_coolant_rho|
+----------------+----------------+----------------+----------------+----------------+----------------+----------------+
:                :                :                :                :                :                :                :
|   7.000000e+00 |   5.851444e+02 |   6.985239e+02 |   1.283675e+00 |   2.033348e-03 |   6.014103e+02 |   7.496564e+02 |
|   8.000000e+00 |   5.851747e+02 |   6.984657e+02 |   1.281027e+00 |   2.306970e-03 |   6.013597e+02 |   7.496474e+02 |
|   9.000000e+00 |   5.851411e+02 |   6.985391e+02 |   1.282167e+00 |   1.929077e-03 |   6.013800e+02 |   7.496560e+02 |
|   1.000000e+01 |   5.852189e+02 |   6.983582e+02 |   1.279780e+00 |   2.008471e-03 |   6.013393e+02 |   7.496230e+02 |
|   1.100000e+01 |   5.852661e+02 |   6.982511e+02 |   1.277583e+00 |   2.132238e-03 |   6.013526e+02 |   7.495874e+02 |
|   1.200000e+01 |   5.852170e+02 |   6.983632e+02 |   1.274756e+00 |   1.935365e-03 |   6.013825e+02 |   7.496185e+02 |
|   1.300000e+01 |   5.852097e+02 |   6.983833e+02 |   1.277850e+00 |   2.030448e-03 |   6.013711e+02 |   7.496207e+02 |
|   1.400000e+01 |   5.851663e+02 |   6.984783e+02 |   1.274109e+00 |   1.902236e-03 |   6.013927e+02 |   7.496271e+02 |
|   1.500000e+01 |   5.851739e+02 |   6.984654e+02 |   1.275514e+00 |   1.836360e-03 |   6.013699e+02 |   7.496123e+02 |
|   1.600000e+01 |   5.852276e+02 |   6.983434e+02 |   1.275424e+00 |   2.289116e-03 |   6.013516e+02 |   7.496003e+02 |
|   1.700000e+01 |   5.852161e+02 |   6.983661e+02 |   1.273490e+00 |   2.223190e-03 |   6.013723e+02 |   7.496074e+02 |
|   1.800000e+01 |   5.852119e+02 |   6.983807e+02 |   1.275776e+00 |   2.085837e-03 |   6.013657e+02 |   7.495985e+02 |
|   1.900000e+01 |   5.852046e+02 |   6.983960e+02 |   1.274887e+00 |   1.954345e-03 |   6.013646e+02 |   7.496089e+02 |
|   2.000000e+01 |   5.851829e+02 |   6.984435e+02 |   1.279635e+00 |   2.000243e-03 |   6.013633e+02 |   7.496112e+02 |
|   2.100000e+01 |   5.852151e+02 |   6.983738e+02 |   1.276268e+00 |   2.218536e-03 |   6.013390e+02 |   7.495902e+02 |
+----------------+----------------+----------------+----------------+----------------+----------------+----------------+
+----------------+----------------+----------------+-----------------------+
| time           | min_coolant_T  | min_coolant_rho| openmc_power_integral |
+----------------+----------------+----------------+-----------------------+
:                :                :                :                       :
|   7.000000e+00 |   5.615077e+02 |   6.576134e+02 |          8.549444e+05 |
|   8.000000e+00 |   5.615125e+02 |   6.577658e+02 |          8.549444e+05 |
|   9.000000e+00 |   5.615079e+02 |   6.577047e+02 |          8.549444e+05 |
|   1.000000e+01 |   5.615257e+02 |   6.578272e+02 |          8.549444e+05 |
|   1.100000e+01 |   5.615450e+02 |   6.577872e+02 |          8.549444e+05 |
|   1.200000e+01 |   5.615282e+02 |   6.576971e+02 |          8.549444e+05 |
|   1.300000e+01 |   5.615270e+02 |   6.577315e+02 |          8.549444e+05 |
|   1.400000e+01 |   5.615235e+02 |   6.576664e+02 |          8.549444e+05 |
|   1.500000e+01 |   5.615315e+02 |   6.577350e+02 |          8.549444e+05 |
|   1.600000e+01 |   5.615380e+02 |   6.577901e+02 |          8.549444e+05 |
|   1.700000e+01 |   5.615342e+02 |   6.577278e+02 |          8.549444e+05 |
|   1.800000e+01 |   5.615390e+02 |   6.577476e+02 |          8.549444e+05 |
|   1.900000e+01 |   5.615333e+02 |   6.577510e+02 |          8.549444e+05 |
|   2.000000e+01 |   5.615321e+02 |   6.577549e+02 |          8.549444e+05 |
|   2.100000e+01 |   5.615434e+02 |   6.578280e+02 |          8.549444e+05 |
+----------------+----------------+----------------+-----------------------+


Time Step 22, time = 22, dt = 1
[36msub_channel0: [39m
[36msub_channel0: [39mTime Step 0, time = 0
[36msub_channel0: [39m
[36msub_channel0: [39mTime Step 1, time = 1, dt = 1
[36msub_channel0: [39mExecuting subchannel solver
[36msub_channel0: [39mSolution initialized
[36msub_channel0: [39mSolving Outer Iteration : 1
[36msub_channel0: [39mSolving Block: 0 From first level: 1 to last level: 60
[36msub_channel0: [39mBlock: 0 - Enthalpy conservation matrix assembled
[36msub_channel0: [39mStart updating thermophysical properties.
[36msub_channel0: [39mDone updating thermophysical properties.
[36msub_channel0: [39mT_block_error: 5.45551e-05
[36msub_channel0: [39mBlock: 0 - Enthalpy conservation matrix assembled
[36msub_channel0: [39mStart updating thermophysical properties.
[36msub_channel0: [39mDone updating thermophysical properties.
[36msub_channel0: [39mT_block_error: 5.70486e-07
[36msub_channel0: [39mP_error :4.25166e-06
[36msub_channel0: [39mIteration:  1
[36msub_channel0: [39mMaximum iterations: 5
[36msub_channel0: [39mFinished executing subchannel solver
[36msub_channel0: [39mCommencing calculation of Pin surface temperature 
[36msub_channel0: [39m ======================================= 
[36msub_channel0: [39m ======== Subchannel Print Outs ======== 
[36msub_channel0: [39m ======================================= 
[36msub_channel0: [39mTotal flow area :0.000984685 m^2
[36msub_channel0: [39mAssembly hydraulic diameter :0.00943815 m
[36msub_channel0: [39mAssembly Re number :382270 [-]
[36msub_channel0: [39mBulk coolant temperature at outlet :599.768 K
[36msub_channel0: [39mPower added to coolant is : 847724 Watt
[36msub_channel0: [39mMass flow rate in is : 3.7418 kg/sec
[36msub_channel0: [39mMass balance is : 0.000132064 kg/sec
[36msub_channel0: [39mUser defined outlet pressure is : 1.57e+07 Pa
[36msub_channel0: [39m ======================================= 
[36msub_channel0: [39m[32m Solve Converged![39m
[36msub_channel0: [39m
[36msub_channel0_viz0: [39m
[36msub_channel0_viz0: [39mPostprocessor Values:
[36msub_channel0_viz0: [39m+----------------+----------------+----------------+----------------+
[36msub_channel0_viz0: [39m| time           | avg_coolant_T  | max_T_fluid    | min_T_fluid    |
[36msub_channel0_viz0: [39m+----------------+----------------+----------------+----------------+
[36msub_channel0_viz0: [39m|   0.000000e+00 |   5.846105e+02 |   6.014740e+02 |   5.603825e+02 |
[36msub_channel0_viz0: [39m+----------------+----------------+----------------+----------------+
[36msub_channel0_viz0: [39m
[36msub_channel0_viz0: [39m[32m Solve Converged![39m
[36msub_channel0_viz0: [39m
[36msub_channel0_viz0: [39m
[36msub_channel0_viz0: [39mPostprocessor Values:
[36msub_channel0_viz0: [39m+----------------+----------------+----------------+----------------+
[36msub_channel0_viz0: [39m| time           | avg_coolant_T  | max_T_fluid    | min_T_fluid    |
[36msub_channel0_viz0: [39m+----------------+----------------+----------------+----------------+
[36msub_channel0_viz0: [39m|   0.000000e+00 |   5.846105e+02 |   6.014740e+02 |   5.603825e+02 |
[36msub_channel0_viz0: [39m|   1.000000e+00 |   5.846436e+02 |   6.014738e+02 |   5.603845e+02 |
[36msub_channel0_viz0: [39m+----------------+----------------+----------------+----------------+
[36msub_channel0_viz0: [39m
Sending temperature to OpenMC cells... 
Setting cell id 13, instance 0 (of 9) [1 contained cells] to temperature (K): 1609.97
Setting cell id 13, instance 1 (of 9) [1 contained cells] to temperature (K): 1609.17
Setting cell id 13, instance 2 (of 9) [1 contained cells] to temperature (K): 1609.49
Setting cell id 13, instance 3 (of 9) [1 contained cells] to temperature (K): 1609.79
Setting cell id 13, instance 4 (of 9) [1 contained cells] to temperature (K): 1609.87
Setting cell id 13, instance 5 (of 9) [1 contained cells] to temperature (K): 1611.35
Setting cell id 13, instance 6 (of 9) [1 contained cells] to temperature (K): 1610.19
Setting cell id 13, instance 7 (of 9) [1 contained cells] to temperature (K): 1612.49
Setting cell id 13, instance 8 (of 9) [1 contained cells] to temperature (K): 1613.06
Setting cell id 14, instance 0 (of 9) [1 contained cells] to temperature (K): 731.272
Setting cell id 14, instance 1 (of 9) [1 contained cells] to temperature (K): 732.086
Setting cell id 14, instance 2 (of 9) [1 contained cells] to temperature (K): 731.232
Setting cell id 14, instance 3 (of 9) [1 contained cells] to temperature (K): 732.174
Setting cell id 14, instance 4 (of 9) [1 contained cells] to temperature (K): 733.028
Setting cell id 14, instance 5 (of 9) [1 contained cells] to temperature (K): 732.346
Setting cell id 14, instance 6 (of 9) [1 contained cells] to temperature (K): 731.113
Setting cell id 14, instance 7 (of 9) [1 contained cells] to temperature (K): 732.68
Setting cell id 14, instance 8 (of 9) [1 contained cells] to temperature (K): 732.066
Setting cell id 16, instance 0 (of 9) [1 contained cells] to temperature (K): 584.478
Setting cell id 16, instance 1 (of 9) [1 contained cells] to temperature (K): 585.584
Setting cell id 16, instance 2 (of 9) [1 contained cells] to temperature (K): 584.479
Setting cell id 16, instance 3 (of 9) [1 contained cells] to temperature (K): 585.581
Setting cell id 16, instance 4 (of 9) [1 contained cells] to temperature (K): 586.837
Setting cell id 16, instance 5 (of 9) [1 contained cells] to temperature (K): 585.62
Setting cell id 16, instance 6 (of 9) [1 contained cells] to temperature (K): 584.478
Setting cell id 16, instance 7 (of 9) [1 contained cells] to temperature (K): 585.626
Setting cell id 16, instance 8 (of 9) [1 contained cells] to temperature (K): 584.558
Sending density to OpenMC cells... 
Setting cell id 16, instance 0 (of 9) to density (kg/m3): 700.206
Setting cell id 16, instance 1 (of 9) to density (kg/m3): 697.476
Setting cell id 16, instance 2 (of 9) to density (kg/m3): 700.208
Setting cell id 16, instance 3 (of 9) to density (kg/m3): 697.481
Setting cell id 16, instance 4 (of 9) to density (kg/m3): 694.333
Setting cell id 16, instance 5 (of 9) to density (kg/m3): 697.386
Setting cell id 16, instance 6 (of 9) to density (kg/m3): 700.208
Setting cell id 16, instance 7 (of 9) to density (kg/m3): 697.372
Setting cell id 16, instance 8 (of 9) to density (kg/m3): 700.013
 Running OpenMC with 2000 particles per batch...
 Maximum neutron transport energy: 20000000 eV for O17
 Initializing source particles...

 ====================>     K EIGENVALUE SIMULATION     <====================

  Bat./Gen.      k            Average k
  =========   ========   ====================
        1/1    1.24780
        2/1    1.28987
        3/1    1.25079
        4/1    1.24349
        5/1    1.28651
        6/1    1.26618
        7/1    1.23664
        8/1    1.26382
        9/1    1.28699
       10/1    1.26932
       11/1    1.32346
       12/1    1.29497
       13/1    1.20204
       14/1    1.25507
       15/1    1.28158
       16/1    1.28034
       17/1    1.31526
       18/1    1.27853
       19/1    1.19996
       20/1    1.22728
       21/1    1.24758
       22/1    1.31145
       23/1    1.27514
       24/1    1.26371
       25/1    1.24935
       26/1    1.29323
       27/1    1.28989
       28/1    1.28671
       29/1    1.30154
       30/1    1.26201
       31/1    1.27686
       32/1    1.32511
       33/1    1.26098
       34/1    1.22596
       35/1    1.31668
       36/1    1.34372
       37/1    1.33824
       38/1    1.21917
       39/1    1.24318
       40/1    1.27886
       41/1    1.23422
       42/1    1.30659
       43/1    1.31626
       44/1    1.27437
       45/1    1.29116
       46/1    1.30166
       47/1    1.32249
       48/1    1.25036
       49/1    1.32033
       50/1    1.27284
       51/1    1.26169
       52/1    1.29921    1.28045 +/- 0.01876
       53/1    1.27605    1.27898 +/- 0.01093
       54/1    1.26857    1.27638 +/- 0.00816
       55/1    1.29809    1.28072 +/- 0.00767
       56/1    1.29203    1.28261 +/- 0.00654
       57/1    1.25266    1.27833 +/- 0.00699
       58/1    1.28817    1.27956 +/- 0.00618
       59/1    1.24531    1.27575 +/- 0.00664
       60/1    1.28566    1.27674 +/- 0.00602
       61/1    1.26349    1.27554 +/- 0.00558
       62/1    1.26679    1.27481 +/- 0.00515
       63/1    1.31422    1.27784 +/- 0.00562
       64/1    1.28020    1.27801 +/- 0.00521
       65/1    1.26654    1.27725 +/- 0.00491
       66/1    1.28469    1.27771 +/- 0.00461
       67/1    1.26296    1.27684 +/- 0.00442
       68/1    1.29109    1.27763 +/- 0.00424
       69/1    1.32195    1.27997 +/- 0.00464
       70/1    1.31102    1.28152 +/- 0.00467
       71/1    1.25061    1.28005 +/- 0.00468
       72/1    1.28188    1.28013 +/- 0.00446
       73/1    1.31142    1.28149 +/- 0.00447
       74/1    1.24319    1.27990 +/- 0.00457
       75/1    1.28170    1.27997 +/- 0.00439
       76/1    1.28435    1.28014 +/- 0.00422
       77/1    1.29180    1.28057 +/- 0.00408
       78/1    1.26626    1.28006 +/- 0.00397
       79/1    1.28068    1.28008 +/- 0.00383
       80/1    1.24928    1.27905 +/- 0.00384
       81/1    1.31812    1.28031 +/- 0.00392
       82/1    1.30960    1.28123 +/- 0.00390
       83/1    1.23466    1.27982 +/- 0.00404
       84/1    1.28162    1.27987 +/- 0.00392
       85/1    1.22827    1.27840 +/- 0.00408
       86/1    1.28208    1.27850 +/- 0.00397
       87/1    1.30941    1.27933 +/- 0.00395
       88/1    1.26050    1.27884 +/- 0.00387
       89/1    1.27543    1.27875 +/- 0.00377
       90/1    1.30267    1.27935 +/- 0.00373
       91/1    1.28353    1.27945 +/- 0.00364
       92/1    1.30718    1.28011 +/- 0.00361
       93/1    1.18807    1.27797 +/- 0.00412
       94/1    1.28030    1.27802 +/- 0.00403
       95/1    1.30985    1.27873 +/- 0.00400
       96/1    1.26789    1.27849 +/- 0.00392
       97/1    1.23498    1.27757 +/- 0.00395
       98/1    1.32105    1.27847 +/- 0.00397
       99/1    1.22449    1.27737 +/- 0.00404
      100/1    1.24413    1.27671 +/- 0.00401
      101/1    1.26348    1.27645 +/- 0.00394
      102/1    1.22979    1.27555 +/- 0.00397
      103/1    1.27989    1.27563 +/- 0.00389
      104/1    1.30934    1.27626 +/- 0.00387
      105/1    1.24054    1.27561 +/- 0.00386
      106/1    1.27212    1.27555 +/- 0.00379
      107/1    1.31403    1.27622 +/- 0.00378
      108/1    1.29018    1.27646 +/- 0.00372
      109/1    1.28188    1.27655 +/- 0.00366
      110/1    1.26001    1.27628 +/- 0.00361
      111/1    1.29676    1.27661 +/- 0.00357
      112/1    1.26995    1.27651 +/- 0.00351
      113/1    1.25408    1.27615 +/- 0.00347
      114/1    1.27105    1.27607 +/- 0.00342
      115/1    1.31071    1.27660 +/- 0.00341
      116/1    1.29198    1.27684 +/- 0.00336
      117/1    1.26571    1.27667 +/- 0.00332
      118/1    1.24659    1.27623 +/- 0.00330
      119/1    1.26647    1.27609 +/- 0.00325
      120/1    1.23928    1.27556 +/- 0.00325
      121/1    1.25936    1.27533 +/- 0.00321
      122/1    1.29723    1.27564 +/- 0.00318
      123/1    1.20058    1.27461 +/- 0.00330
      124/1    1.27764    1.27465 +/- 0.00326
      125/1    1.32595    1.27533 +/- 0.00328
      126/1    1.26649    1.27522 +/- 0.00324
      127/1    1.27539    1.27522 +/- 0.00320
      128/1    1.23802    1.27474 +/- 0.00319
      129/1    1.29028    1.27494 +/- 0.00316
      130/1    1.24568    1.27457 +/- 0.00314
      131/1    1.36049    1.27563 +/- 0.00328
      132/1    1.32193    1.27620 +/- 0.00329
      133/1    1.29761    1.27646 +/- 0.00326
      134/1    1.26168    1.27628 +/- 0.00322
      135/1    1.21624    1.27557 +/- 0.00326
      136/1    1.29371    1.27579 +/- 0.00323
      137/1    1.23770    1.27535 +/- 0.00322
      138/1    1.27457    1.27534 +/- 0.00319
      139/1    1.24629    1.27501 +/- 0.00317
      140/1    1.21285    1.27432 +/- 0.00321
      141/1    1.27388    1.27432 +/- 0.00317
      142/1    1.26341    1.27420 +/- 0.00314
      143/1    1.29547    1.27443 +/- 0.00311
      144/1    1.23128    1.27397 +/- 0.00311
      145/1    1.30374    1.27428 +/- 0.00310
      146/1    1.27147    1.27425 +/- 0.00307
      147/1    1.29565    1.27447 +/- 0.00304
      148/1    1.27400    1.27447 +/- 0.00301
      149/1    1.30061    1.27473 +/- 0.00299
      150/1    1.32892    1.27527 +/- 0.00301
 Creating state point statepoint.150.h5...

 =======================>     TIMING STATISTICS     <=======================

 Total time for initialization     = 0.0000e+00 seconds
   Reading cross sections          = 0.0000e+00 seconds
 Total time in simulation          = 6.1782e+00 seconds
   Time in transport only          = 6.1151e+00 seconds
   Time in inactive batches        = 9.3866e-01 seconds
   Time in active batches          = 5.2395e+00 seconds
   Time synchronizing fission bank = 2.0021e-02 seconds
     Sampling source sites         = 1.6520e-02 seconds
     SEND/RECV source sites        = 3.1510e-03 seconds
   Time accumulating tallies       = 2.4366e-02 seconds
   Time writing statepoints        = 3.9880e-03 seconds
 Total time for finalization       = 1.5767e-02 seconds
 Total time elapsed                = 6.2057e+00 seconds
 Calculation Rate (inactive)       = 106535 particles/second
 Calculation Rate (active)         = 38171.5 particles/second

 ============================>     RESULTS     <============================

 k-effective (Collision)     = 1.27806 +/- 0.00273
 k-effective (Track-length)  = 1.27527 +/- 0.00301
 k-effective (Absorption)    = 1.27848 +/- 0.00201
 Combined k-effective        = 1.27785 +/- 0.00188
 Leakage Fraction            = 0.00011 +/- 0.00002

Extracting OpenMC tallies...
    Finished Solving OpenMC                                                              [[33m  6.21 s[39m] [[33m 1301 MB[39m]
[32m Solve Converged![39m

  Finished Solving                                                                       [[33m  6.25 s[39m] [[33m 1301 MB[39m]
[36msolid0: [39m
[36msolid0: [39mTime Step 22, time = 22, dt = 1
[36msolid0: [39m 0 Nonlinear |R| = [32m5.652158e+01[39m
[36msolid0: [39m      0 Linear |R| = [32m5.652158e+01[39m
[36msolid0: [39m      1 Linear |R| = [32m1.180125e+01[39m
[36msolid0: [39m      2 Linear |R| = [32m5.433094e+00[39m
[36msolid0: [39m      3 Linear |R| = [32m1.753720e+00[39m
[36msolid0: [39m      4 Linear |R| = [32m3.481009e-01[39m
[36msolid0: [39m      5 Linear |R| = [32m6.318742e-02[39m
[36msolid0: [39m      6 Linear |R| = [32m1.453944e-02[39m
[36msolid0: [39m      7 Linear |R| = [32m2.250821e-03[39m
[36msolid0: [39m      8 Linear |R| = [32m2.674613e-04[39m
[36msolid0: [39m 1 Nonlinear |R| = [32m8.916934e-04[39m
[36msolid0: [39m      0 Linear |R| = [32m8.916934e-04[39m
[36msolid0: [39m      1 Linear |R| = [32m6.377981e-05[39m
[36msolid0: [39m      2 Linear |R| = [32m3.030085e-05[39m
[36msolid0: [39m      3 Linear |R| = [32m1.293584e-05[39m
[36msolid0: [39m      4 Linear |R| = [32m2.870727e-06[39m
[36msolid0: [39m      5 Linear |R| = [32m5.886098e-07[39m
[36msolid0: [39m      6 Linear |R| = [32m1.163508e-07[39m
[36msolid0: [39m      7 Linear |R| = [32m2.124921e-08[39m
[36msolid0: [39m      8 Linear |R| = [32m5.187494e-09[39m
[36msolid0: [39m 2 Nonlinear |R| = [32m7.404040e-09[39m
[36msolid0: [39m[32m Solve Converged![39m
[36msolid0: [39m
[36msolid0: [39mFinished Solving                                                                 [[33m  8.02 s[39m] [[33m 1321 MB[39m]
[36msolid0: [39m
[36msolid0: [39mPostprocessor Values:
[36msolid0: [39m+----------------+----------------+---------------------------+----------------+----------------+----------------+----------------+
[36msolid0: [39m| time           | avg_fuel_T     | conduction_power_integral | max_T_wall_send| max_clad_T     | max_fuel_T     | min_T_wall_send|
[36msolid0: [39m+----------------+----------------+---------------------------+----------------+----------------+----------------+----------------+
[36msolid0: [39m:                :                :                           :                :                :                :                :
[36msolid0: [39m|   8.000000e+00 |   1.315462e+03 |              8.549444e+05 |   6.402043e+02 |   7.506500e+02 |   2.365450e+03 |   6.070970e+02 |
[36msolid0: [39m|   9.000000e+00 |   1.353935e+03 |              8.549444e+05 |   6.400073e+02 |   7.535466e+02 |   2.455033e+03 |   6.070500e+02 |
[36msolid0: [39m|   1.000000e+01 |   1.383600e+03 |              8.549444e+05 |   6.400177e+02 |   7.571308e+02 |   2.526494e+03 |   6.068955e+02 |
[36msolid0: [39m|   1.100000e+01 |   1.406463e+03 |              8.549444e+05 |   6.397755e+02 |   7.597272e+02 |   2.582900e+03 |   6.067605e+02 |
[36msolid0: [39m|   1.200000e+01 |   1.424070e+03 |              8.549444e+05 |   6.393915e+02 |   7.613982e+02 |   2.629024e+03 |   6.069612e+02 |
[36msolid0: [39m|   1.300000e+01 |   1.437618e+03 |              8.549444e+05 |   6.392046e+02 |   7.623323e+02 |   2.659306e+03 |   6.070022e+02 |
[36msolid0: [39m|   1.400000e+01 |   1.448038e+03 |              8.549444e+05 |   6.391765e+02 |   7.621235e+02 |   2.682551e+03 |   6.071461e+02 |
[36msolid0: [39m|   1.500000e+01 |   1.456080e+03 |              8.549444e+05 |   6.392419e+02 |   7.632614e+02 |   2.706766e+03 |   6.072024e+02 |
[36msolid0: [39m|   1.600000e+01 |   1.462292e+03 |              8.549444e+05 |   6.393285e+02 |   7.644213e+02 |   2.723379e+03 |   6.070723e+02 |
[36msolid0: [39m|   1.700000e+01 |   1.467076e+03 |              8.549444e+05 |   6.393247e+02 |   7.641653e+02 |   2.736161e+03 |   6.071097e+02 |
[36msolid0: [39m|   1.800000e+01 |   1.470764e+03 |              8.549444e+05 |   6.391481e+02 |   7.647459e+02 |   2.744224e+03 |   6.071891e+02 |
[36msolid0: [39m|   1.900000e+01 |   1.473618e+03 |              8.549444e+05 |   6.391349e+02 |   7.645929e+02 |   2.746754e+03 |   6.071270e+02 |
[36msolid0: [39m|   2.000000e+01 |   1.475808e+03 |              8.549444e+05 |   6.391715e+02 |   7.647284e+02 |   2.753831e+03 |   6.070795e+02 |
[36msolid0: [39m|   2.100000e+01 |   1.477526e+03 |              8.549444e+05 |   6.393197e+02 |   7.650222e+02 |   2.762492e+03 |   6.069926e+02 |
[36msolid0: [39m|   2.200000e+01 |   1.478866e+03 |              8.549444e+05 |   6.391906e+02 |   7.652565e+02 |   2.771902e+03 |   6.070428e+02 |
[36msolid0: [39m+----------------+----------------+---------------------------+----------------+----------------+----------------+----------------+
[36msolid0: [39m
[36msolid0: [39m
[36msolid0: [39mPostprocessor Values:
[36msolid0: [39m+----------------+----------------+---------------------------+----------------+----------------+----------------+----------------+
[36msolid0: [39m| time           | avg_fuel_T     | conduction_power_integral | max_T_wall_send| max_clad_T     | max_fuel_T     | min_T_wall_send|
[36msolid0: [39m+----------------+----------------+---------------------------+----------------+----------------+----------------+----------------+
[36msolid0: [39m:                :                :                           :                :                :                :                :
[36msolid0: [39m|   8.000000e+00 |   1.315462e+03 |              8.549444e+05 |   6.402043e+02 |   7.506500e+02 |   2.365450e+03 |   6.070970e+02 |
[36msolid0: [39m|   9.000000e+00 |   1.353935e+03 |              8.549444e+05 |   6.400073e+02 |   7.535466e+02 |   2.455033e+03 |   6.070500e+02 |
[36msolid0: [39m|   1.000000e+01 |   1.383600e+03 |              8.549444e+05 |   6.400177e+02 |   7.571308e+02 |   2.526494e+03 |   6.068955e+02 |
[36msolid0: [39m|   1.100000e+01 |   1.406463e+03 |              8.549444e+05 |   6.397755e+02 |   7.597272e+02 |   2.582900e+03 |   6.067605e+02 |
[36msolid0: [39m|   1.200000e+01 |   1.424070e+03 |              8.549444e+05 |   6.393915e+02 |   7.613982e+02 |   2.629024e+03 |   6.069612e+02 |
[36msolid0: [39m|   1.300000e+01 |   1.437618e+03 |              8.549444e+05 |   6.392046e+02 |   7.623323e+02 |   2.659306e+03 |   6.070022e+02 |
[36msolid0: [39m|   1.400000e+01 |   1.448038e+03 |              8.549444e+05 |   6.391765e+02 |   7.621235e+02 |   2.682551e+03 |   6.071461e+02 |
[36msolid0: [39m|   1.500000e+01 |   1.456080e+03 |              8.549444e+05 |   6.392419e+02 |   7.632614e+02 |   2.706766e+03 |   6.072024e+02 |
[36msolid0: [39m|   1.600000e+01 |   1.462292e+03 |              8.549444e+05 |   6.393285e+02 |   7.644213e+02 |   2.723379e+03 |   6.070723e+02 |
[36msolid0: [39m|   1.700000e+01 |   1.467076e+03 |              8.549444e+05 |   6.393247e+02 |   7.641653e+02 |   2.736161e+03 |   6.071097e+02 |
[36msolid0: [39m|   1.800000e+01 |   1.470764e+03 |              8.549444e+05 |   6.391481e+02 |   7.647459e+02 |   2.744224e+03 |   6.071891e+02 |
[36msolid0: [39m|   1.900000e+01 |   1.473618e+03 |              8.549444e+05 |   6.391349e+02 |   7.645929e+02 |   2.746754e+03 |   6.071270e+02 |
[36msolid0: [39m|   2.000000e+01 |   1.475808e+03 |              8.549444e+05 |   6.391715e+02 |   7.647284e+02 |   2.753831e+03 |   6.070795e+02 |
[36msolid0: [39m|   2.100000e+01 |   1.477526e+03 |              8.549444e+05 |   6.393197e+02 |   7.650222e+02 |   2.762492e+03 |   6.069926e+02 |
[36msolid0: [39m|   2.200000e+01 |   1.478866e+03 |              8.549444e+05 |   6.391906e+02 |   7.652565e+02 |   2.771902e+03 |   6.070428e+02 |
[36msolid0: [39m+----------------+----------------+---------------------------+----------------+----------------+----------------+----------------+
[36msolid0: [39m
    Finished Executing MultiApps                                                         [[33m  8.58 s[39m] [[33m 1321 MB[39m]
  Finished Executing MultiApps                                                           [[33m  8.58 s[39m] [[33m 1321 MB[39m]

Postprocessor Values:
+----------------+----------------+----------------+----------------+----------------+----------------+----------------+
| time           | avg_coolant_T  | avg_coolant_rho| k              | k_std_dev      | max_coolant_T  | max_coolant_rho|
+----------------+----------------+----------------+----------------+----------------+----------------+----------------+
:                :                :                :                :                :                :                :
|   8.000000e+00 |   5.851747e+02 |   6.984657e+02 |   1.281027e+00 |   2.306970e-03 |   6.013597e+02 |   7.496474e+02 |
|   9.000000e+00 |   5.851411e+02 |   6.985391e+02 |   1.282167e+00 |   1.929077e-03 |   6.013800e+02 |   7.496560e+02 |
|   1.000000e+01 |   5.852189e+02 |   6.983582e+02 |   1.279780e+00 |   2.008471e-03 |   6.013393e+02 |   7.496230e+02 |
|   1.100000e+01 |   5.852661e+02 |   6.982511e+02 |   1.277583e+00 |   2.132238e-03 |   6.013526e+02 |   7.495874e+02 |
|   1.200000e+01 |   5.852170e+02 |   6.983632e+02 |   1.274756e+00 |   1.935365e-03 |   6.013825e+02 |   7.496185e+02 |
|   1.300000e+01 |   5.852097e+02 |   6.983833e+02 |   1.277850e+00 |   2.030448e-03 |   6.013711e+02 |   7.496207e+02 |
|   1.400000e+01 |   5.851663e+02 |   6.984783e+02 |   1.274109e+00 |   1.902236e-03 |   6.013927e+02 |   7.496271e+02 |
|   1.500000e+01 |   5.851739e+02 |   6.984654e+02 |   1.275514e+00 |   1.836360e-03 |   6.013699e+02 |   7.496123e+02 |
|   1.600000e+01 |   5.852276e+02 |   6.983434e+02 |   1.275424e+00 |   2.289116e-03 |   6.013516e+02 |   7.496003e+02 |
|   1.700000e+01 |   5.852161e+02 |   6.983661e+02 |   1.273490e+00 |   2.223190e-03 |   6.013723e+02 |   7.496074e+02 |
|   1.800000e+01 |   5.852119e+02 |   6.983807e+02 |   1.275776e+00 |   2.085837e-03 |   6.013657e+02 |   7.495985e+02 |
|   1.900000e+01 |   5.852046e+02 |   6.983960e+02 |   1.274887e+00 |   1.954345e-03 |   6.013646e+02 |   7.496089e+02 |
|   2.000000e+01 |   5.851829e+02 |   6.984435e+02 |   1.279635e+00 |   2.000243e-03 |   6.013633e+02 |   7.496112e+02 |
|   2.100000e+01 |   5.852151e+02 |   6.983738e+02 |   1.276268e+00 |   2.218536e-03 |   6.013390e+02 |   7.495902e+02 |
|   2.200000e+01 |   5.852490e+02 |   6.982982e+02 |   1.277853e+00 |   1.879232e-03 |   6.013384e+02 |   7.495757e+02 |
+----------------+----------------+----------------+----------------+----------------+----------------+----------------+
+----------------+----------------+----------------+-----------------------+
| time           | min_coolant_T  | min_coolant_rho| openmc_power_integral |
+----------------+----------------+----------------+-----------------------+
:                :                :                :                       :
|   8.000000e+00 |   5.615125e+02 |   6.577658e+02 |          8.549444e+05 |
|   9.000000e+00 |   5.615079e+02 |   6.577047e+02 |          8.549444e+05 |
|   1.000000e+01 |   5.615257e+02 |   6.578272e+02 |          8.549444e+05 |
|   1.100000e+01 |   5.615450e+02 |   6.577872e+02 |          8.549444e+05 |
|   1.200000e+01 |   5.615282e+02 |   6.576971e+02 |          8.549444e+05 |
|   1.300000e+01 |   5.615270e+02 |   6.577315e+02 |          8.549444e+05 |
|   1.400000e+01 |   5.615235e+02 |   6.576664e+02 |          8.549444e+05 |
|   1.500000e+01 |   5.615315e+02 |   6.577350e+02 |          8.549444e+05 |
|   1.600000e+01 |   5.615380e+02 |   6.577901e+02 |          8.549444e+05 |
|   1.700000e+01 |   5.615342e+02 |   6.577278e+02 |          8.549444e+05 |
|   1.800000e+01 |   5.615390e+02 |   6.577476e+02 |          8.549444e+05 |
|   1.900000e+01 |   5.615333e+02 |   6.577510e+02 |          8.549444e+05 |
|   2.000000e+01 |   5.615321e+02 |   6.577549e+02 |          8.549444e+05 |
|   2.100000e+01 |   5.615434e+02 |   6.578280e+02 |          8.549444e+05 |
|   2.200000e+01 |   5.615513e+02 |   6.578298e+02 |          8.549444e+05 |
+----------------+----------------+----------------+-----------------------+


Time Step 23, time = 23, dt = 1
[36msub_channel0: [39m
[36msub_channel0: [39mTime Step 0, time = 0
[36msub_channel0: [39m
[36msub_channel0: [39mTime Step 1, time = 1, dt = 1
[36msub_channel0: [39mExecuting subchannel solver
[36msub_channel0: [39mSolution initialized
[36msub_channel0: [39mSolving Outer Iteration : 1
[36msub_channel0: [39mSolving Block: 0 From first level: 1 to last level: 60
[36msub_channel0: [39mBlock: 0 - Enthalpy conservation matrix assembled
[36msub_channel0: [39mStart updating thermophysical properties.
[36msub_channel0: [39mDone updating thermophysical properties.
[36msub_channel0: [39mT_block_error: 7.67449e-05
[36msub_channel0: [39mBlock: 0 - Enthalpy conservation matrix assembled
[36msub_channel0: [39mStart updating thermophysical properties.
[36msub_channel0: [39mDone updating thermophysical properties.
[36msub_channel0: [39mT_block_error: 6.65313e-07
[36msub_channel0: [39mP_error :3.74609e-06
[36msub_channel0: [39mIteration:  1
[36msub_channel0: [39mMaximum iterations: 5
[36msub_channel0: [39mFinished executing subchannel solver
[36msub_channel0: [39mCommencing calculation of Pin surface temperature 
[36msub_channel0: [39m ======================================= 
[36msub_channel0: [39m ======== Subchannel Print Outs ======== 
[36msub_channel0: [39m ======================================= 
[36msub_channel0: [39mTotal flow area :0.000984685 m^2
[36msub_channel0: [39mAssembly hydraulic diameter :0.00943815 m
[36msub_channel0: [39mAssembly Re number :382270 [-]
[36msub_channel0: [39mBulk coolant temperature at outlet :599.762 K
[36msub_channel0: [39mPower added to coolant is : 847658 Watt
[36msub_channel0: [39mMass flow rate in is : 3.7418 kg/sec
[36msub_channel0: [39mMass balance is : 0.000197688 kg/sec
[36msub_channel0: [39mUser defined outlet pressure is : 1.57e+07 Pa
[36msub_channel0: [39m ======================================= 
[36msub_channel0: [39m[32m Solve Converged![39m
[36msub_channel0: [39m
[36msub_channel0_viz0: [39m
[36msub_channel0_viz0: [39mPostprocessor Values:
[36msub_channel0_viz0: [39m+----------------+----------------+----------------+----------------+
[36msub_channel0_viz0: [39m| time           | avg_coolant_T  | max_T_fluid    | min_T_fluid    |
[36msub_channel0_viz0: [39m+----------------+----------------+----------------+----------------+
[36msub_channel0_viz0: [39m|   0.000000e+00 |   5.846436e+02 |   6.014738e+02 |   5.603845e+02 |
[36msub_channel0_viz0: [39m+----------------+----------------+----------------+----------------+
[36msub_channel0_viz0: [39m
[36msub_channel0_viz0: [39m[32m Solve Converged![39m
[36msub_channel0_viz0: [39m
[36msub_channel0_viz0: [39m
[36msub_channel0_viz0: [39mPostprocessor Values:
[36msub_channel0_viz0: [39m+----------------+----------------+----------------+----------------+
[36msub_channel0_viz0: [39m| time           | avg_coolant_T  | max_T_fluid    | min_T_fluid    |
[36msub_channel0_viz0: [39m+----------------+----------------+----------------+----------------+
[36msub_channel0_viz0: [39m|   0.000000e+00 |   5.846436e+02 |   6.014738e+02 |   5.603845e+02 |
[36msub_channel0_viz0: [39m|   1.000000e+00 |   5.846898e+02 |   6.014658e+02 |   5.603873e+02 |
[36msub_channel0_viz0: [39m+----------------+----------------+----------------+----------------+
[36msub_channel0_viz0: [39m
Sending temperature to OpenMC cells... 
Setting cell id 13, instance 0 (of 9) [1 contained cells] to temperature (K): 1611.74
Setting cell id 13, instance 1 (of 9) [1 contained cells] to temperature (K): 1611.06
Setting cell id 13, instance 2 (of 9) [1 contained cells] to temperature (K): 1610.93
Setting cell id 13, instance 3 (of 9) [1 contained cells] to temperature (K): 1611.37
Setting cell id 13, instance 4 (of 9) [1 contained cells] to temperature (K): 1611.25
Setting cell id 13, instance 5 (of 9) [1 contained cells] to temperature (K): 1613.1
Setting cell id 13, instance 6 (of 9) [1 contained cells] to temperature (K): 1611.53
Setting cell id 13, instance 7 (of 9) [1 contained cells] to temperature (K): 1613.98
Setting cell id 13, instance 8 (of 9) [1 contained cells] to temperature (K): 1614.61
Setting cell id 14, instance 0 (of 9) [1 contained cells] to temperature (K): 731.509
Setting cell id 14, instance 1 (of 9) [1 contained cells] to temperature (K): 732.33
Setting cell id 14, instance 2 (of 9) [1 contained cells] to temperature (K): 731.338
Setting cell id 14, instance 3 (of 9) [1 contained cells] to temperature (K): 732.318
Setting cell id 14, instance 4 (of 9) [1 contained cells] to temperature (K): 733.186
Setting cell id 14, instance 5 (of 9) [1 contained cells] to temperature (K): 732.553
Setting cell id 14, instance 6 (of 9) [1 contained cells] to temperature (K): 731.21
Setting cell id 14, instance 7 (of 9) [1 contained cells] to temperature (K): 732.841
Setting cell id 14, instance 8 (of 9) [1 contained cells] to temperature (K): 732.219
Setting cell id 16, instance 0 (of 9) [1 contained cells] to temperature (K): 584.532
Setting cell id 16, instance 1 (of 9) [1 contained cells] to temperature (K): 585.638
Setting cell id 16, instance 2 (of 9) [1 contained cells] to temperature (K): 584.527
Setting cell id 16, instance 3 (of 9) [1 contained cells] to temperature (K): 585.629
Setting cell id 16, instance 4 (of 9) [1 contained cells] to temperature (K): 586.888
Setting cell id 16, instance 5 (of 9) [1 contained cells] to temperature (K): 585.668
Setting cell id 16, instance 6 (of 9) [1 contained cells] to temperature (K): 584.517
Setting cell id 16, instance 7 (of 9) [1 contained cells] to temperature (K): 585.667
Setting cell id 16, instance 8 (of 9) [1 contained cells] to temperature (K): 584.599
Sending density to OpenMC cells... 
Setting cell id 16, instance 0 (of 9) to density (kg/m3): 700.08
Setting cell id 16, instance 1 (of 9) to density (kg/m3): 697.348
Setting cell id 16, instance 2 (of 9) to density (kg/m3): 700.096
Setting cell id 16, instance 3 (of 9) to density (kg/m3): 697.368
Setting cell id 16, instance 4 (of 9) to density (kg/m3): 694.211
Setting cell id 16, instance 5 (of 9) to density (kg/m3): 697.273
Setting cell id 16, instance 6 (of 9) to density (kg/m3): 700.12
Setting cell id 16, instance 7 (of 9) to density (kg/m3): 697.275
Setting cell id 16, instance 8 (of 9) to density (kg/m3): 699.916
 Running OpenMC with 2000 particles per batch...
 Maximum neutron transport energy: 20000000 eV for O17
 Initializing source particles...

 ====================>     K EIGENVALUE SIMULATION     <====================

  Bat./Gen.      k            Average k
  =========   ========   ====================
        1/1    1.23705
        2/1    1.27942
        3/1    1.27647
        4/1    1.29500
        5/1    1.29961
        6/1    1.16738
        7/1    1.31295
        8/1    1.26964
        9/1    1.27684
       10/1    1.24278
       11/1    1.28546
       12/1    1.27728
       13/1    1.29790
       14/1    1.23382
       15/1    1.16987
       16/1    1.28902
       17/1    1.23911
       18/1    1.24505
       19/1    1.26774
       20/1    1.27613
       21/1    1.30097
       22/1    1.26216
       23/1    1.30896
       24/1    1.25927
       25/1    1.24355
       26/1    1.30908
       27/1    1.23945
       28/1    1.29594
       29/1    1.27665
       30/1    1.33980
       31/1    1.28547
       32/1    1.30232
       33/1    1.28417
       34/1    1.29202
       35/1    1.26048
       36/1    1.22966
       37/1    1.29557
       38/1    1.28278
       39/1    1.29439
       40/1    1.21040
       41/1    1.24569
       42/1    1.31345
       43/1    1.23873
       44/1    1.26259
       45/1    1.25746
       46/1    1.24877
       47/1    1.30062
       48/1    1.31697
       49/1    1.23469
       50/1    1.28231
       51/1    1.29975
       52/1    1.19549    1.24762 +/- 0.05213
       53/1    1.24484    1.24669 +/- 0.03011
       54/1    1.34260    1.27067 +/- 0.03207
       55/1    1.31211    1.27896 +/- 0.02618
       56/1    1.21978    1.26909 +/- 0.02355
       57/1    1.22590    1.26292 +/- 0.02083
       58/1    1.26185    1.26279 +/- 0.01804
       59/1    1.27146    1.26375 +/- 0.01594
       60/1    1.26337    1.26371 +/- 0.01426
       61/1    1.25568    1.26298 +/- 0.01292
       62/1    1.20162    1.25787 +/- 0.01285
       63/1    1.31842    1.26253 +/- 0.01271
       64/1    1.28221    1.26393 +/- 0.01185
       65/1    1.30332    1.26656 +/- 0.01134
       66/1    1.40941    1.27549 +/- 0.01386
       67/1    1.21897    1.27216 +/- 0.01344
       68/1    1.32455    1.27507 +/- 0.01300
       69/1    1.26874    1.27474 +/- 0.01230
       70/1    1.34156    1.27808 +/- 0.01214
       71/1    1.27529    1.27795 +/- 0.01155
       72/1    1.27529    1.27783 +/- 0.01101
       73/1    1.24262    1.27630 +/- 0.01063
       74/1    1.22964    1.27435 +/- 0.01036
       75/1    1.25643    1.27364 +/- 0.00997
       76/1    1.25477    1.27291 +/- 0.00960
       77/1    1.28962    1.27353 +/- 0.00926
       78/1    1.27931    1.27374 +/- 0.00893
       79/1    1.19221    1.27092 +/- 0.00906
       80/1    1.30557    1.27208 +/- 0.00883
       81/1    1.30585    1.27317 +/- 0.00861
       82/1    1.23234    1.27189 +/- 0.00843
       83/1    1.28163    1.27219 +/- 0.00818
       84/1    1.33861    1.27414 +/- 0.00817
       85/1    1.26365    1.27384 +/- 0.00794
       86/1    1.32348    1.27522 +/- 0.00784
       87/1    1.33417    1.27681 +/- 0.00779
       88/1    1.28492    1.27703 +/- 0.00758
       89/1    1.28628    1.27726 +/- 0.00739
       90/1    1.24122    1.27636 +/- 0.00726
       91/1    1.28761    1.27664 +/- 0.00709
       92/1    1.25069    1.27602 +/- 0.00694
       93/1    1.24424    1.27528 +/- 0.00682
       94/1    1.25488    1.27482 +/- 0.00668
       95/1    1.26300    1.27455 +/- 0.00653
       96/1    1.28028    1.27468 +/- 0.00639
       97/1    1.27674    1.27472 +/- 0.00625
       98/1    1.32680    1.27581 +/- 0.00622
       99/1    1.27001    1.27569 +/- 0.00609
      100/1    1.27922    1.27576 +/- 0.00597
      101/1    1.26339    1.27552 +/- 0.00585
      102/1    1.30386    1.27606 +/- 0.00577
      103/1    1.27658    1.27607 +/- 0.00566
      104/1    1.30152    1.27654 +/- 0.00557
      105/1    1.28546    1.27671 +/- 0.00547
      106/1    1.33028    1.27766 +/- 0.00546
      107/1    1.23363    1.27689 +/- 0.00542
      108/1    1.25224    1.27646 +/- 0.00534
      109/1    1.30845    1.27701 +/- 0.00528
      110/1    1.28939    1.27721 +/- 0.00519
      111/1    1.24988    1.27677 +/- 0.00512
      112/1    1.24829    1.27631 +/- 0.00506
      113/1    1.22463    1.27549 +/- 0.00505
      114/1    1.27367    1.27546 +/- 0.00497
      115/1    1.31194    1.27602 +/- 0.00492
      116/1    1.25821    1.27575 +/- 0.00486
      117/1    1.22261    1.27496 +/- 0.00485
      118/1    1.29793    1.27529 +/- 0.00479
      119/1    1.24792    1.27490 +/- 0.00474
      120/1    1.24260    1.27444 +/- 0.00469
      121/1    1.35319    1.27554 +/- 0.00475
      122/1    1.33446    1.27636 +/- 0.00476
      123/1    1.26601    1.27622 +/- 0.00470
      124/1    1.23882    1.27572 +/- 0.00466
      125/1    1.31031    1.27618 +/- 0.00462
      126/1    1.27453    1.27616 +/- 0.00456
      127/1    1.30398    1.27652 +/- 0.00451
      128/1    1.29142    1.27671 +/- 0.00446
      129/1    1.28904    1.27686 +/- 0.00441
      130/1    1.26755    1.27675 +/- 0.00435
      131/1    1.28709    1.27688 +/- 0.00430
      132/1    1.28876    1.27702 +/- 0.00425
      133/1    1.23129    1.27647 +/- 0.00423
      134/1    1.28731    1.27660 +/- 0.00418
      135/1    1.29826    1.27685 +/- 0.00414
      136/1    1.33156    1.27749 +/- 0.00414
      137/1    1.27210    1.27743 +/- 0.00410
      138/1    1.25715    1.27720 +/- 0.00406
      139/1    1.27119    1.27713 +/- 0.00401
      140/1    1.26355    1.27698 +/- 0.00397
      141/1    1.28239    1.27704 +/- 0.00393
      142/1    1.33882    1.27771 +/- 0.00394
      143/1    1.26937    1.27762 +/- 0.00390
      144/1    1.30338    1.27789 +/- 0.00387
      145/1    1.28854    1.27801 +/- 0.00383
      146/1    1.27567    1.27798 +/- 0.00379
      147/1    1.21774    1.27736 +/- 0.00380
      148/1    1.22820    1.27686 +/- 0.00379
      149/1    1.26655    1.27675 +/- 0.00376
      150/1    1.23886    1.27638 +/- 0.00374
 Creating state point statepoint.150.h5...

 =======================>     TIMING STATISTICS     <=======================

 Total time for initialization     = 0.0000e+00 seconds
   Reading cross sections          = 0.0000e+00 seconds
 Total time in simulation          = 5.7776e+00 seconds
   Time in transport only          = 5.7085e+00 seconds
   Time in inactive batches        = 8.8322e-01 seconds
   Time in active batches          = 4.8943e+00 seconds
   Time synchronizing fission bank = 1.8733e-02 seconds
     Sampling source sites         = 1.5340e-02 seconds
     SEND/RECV source sites        = 3.0772e-03 seconds
   Time accumulating tallies       = 3.0764e-02 seconds
   Time writing statepoints        = 5.8728e-03 seconds
 Total time for finalization       = 2.0000e-02 seconds
 Total time elapsed                = 5.8093e+00 seconds
 Calculation Rate (inactive)       = 113222 particles/second
 Calculation Rate (active)         = 40863.5 particles/second

 ============================>     RESULTS     <============================

 k-effective (Collision)     = 1.27585 +/- 0.00295
 k-effective (Track-length)  = 1.27638 +/- 0.00374
 k-effective (Absorption)    = 1.27723 +/- 0.00197
 Combined k-effective        = 1.27690 +/- 0.00185
 Leakage Fraction            = 0.00020 +/- 0.00003

Extracting OpenMC tallies...
    Finished Solving OpenMC                                                              [[33m  5.81 s[39m] [[33m 1278 MB[39m]
[32m Solve Converged![39m

  Finished Solving                                                                       [[33m  5.86 s[39m] [[33m 1278 MB[39m]
[36msolid0: [39m
[36msolid0: [39mTime Step 23, time = 23, dt = 1
[36msolid0: [39m 0 Nonlinear |R| = [32m4.489910e+01[39m
[36msolid0: [39m      0 Linear |R| = [32m4.489910e+01[39m
[36msolid0: [39m      1 Linear |R| = [32m9.049309e+00[39m
[36msolid0: [39m      2 Linear |R| = [32m4.155933e+00[39m
[36msolid0: [39m      3 Linear |R| = [32m1.385330e+00[39m
[36msolid0: [39m      4 Linear |R| = [32m2.851242e-01[39m
[36msolid0: [39m      5 Linear |R| = [32m5.071597e-02[39m
[36msolid0: [39m      6 Linear |R| = [32m1.129447e-02[39m
[36msolid0: [39m      7 Linear |R| = [32m1.798343e-03[39m
[36msolid0: [39m      8 Linear |R| = [32m2.140043e-04[39m
[36msolid0: [39m 1 Nonlinear |R| = [32m6.698269e-04[39m
[36msolid0: [39m      0 Linear |R| = [32m6.698269e-04[39m
[36msolid0: [39m      1 Linear |R| = [32m5.211317e-05[39m
[36msolid0: [39m      2 Linear |R| = [32m2.547676e-05[39m
[36msolid0: [39m      3 Linear |R| = [32m1.068108e-05[39m
[36msolid0: [39m      4 Linear |R| = [32m2.492172e-06[39m
[36msolid0: [39m      5 Linear |R| = [32m4.870210e-07[39m
[36msolid0: [39m      6 Linear |R| = [32m9.411860e-08[39m
[36msolid0: [39m      7 Linear |R| = [32m1.858336e-08[39m
[36msolid0: [39m      8 Linear |R| = [32m4.344032e-09[39m
[36msolid0: [39m 2 Nonlinear |R| = [32m6.206628e-09[39m
[36msolid0: [39m[32m Solve Converged![39m
[36msolid0: [39m
[36msolid0: [39mFinished Solving                                                                 [[33m  7.81 s[39m] [[33m 1278 MB[39m]
[36msolid0: [39m
[36msolid0: [39mPostprocessor Values:
[36msolid0: [39m+----------------+----------------+---------------------------+----------------+----------------+----------------+----------------+
[36msolid0: [39m| time           | avg_fuel_T     | conduction_power_integral | max_T_wall_send| max_clad_T     | max_fuel_T     | min_T_wall_send|
[36msolid0: [39m+----------------+----------------+---------------------------+----------------+----------------+----------------+----------------+
[36msolid0: [39m:                :                :                           :                :                :                :                :
[36msolid0: [39m|   9.000000e+00 |   1.353935e+03 |              8.549444e+05 |   6.400073e+02 |   7.535466e+02 |   2.455033e+03 |   6.070500e+02 |
[36msolid0: [39m|   1.000000e+01 |   1.383600e+03 |              8.549444e+05 |   6.400177e+02 |   7.571308e+02 |   2.526494e+03 |   6.068955e+02 |
[36msolid0: [39m|   1.100000e+01 |   1.406463e+03 |              8.549444e+05 |   6.397755e+02 |   7.597272e+02 |   2.582900e+03 |   6.067605e+02 |
[36msolid0: [39m|   1.200000e+01 |   1.424070e+03 |              8.549444e+05 |   6.393915e+02 |   7.613982e+02 |   2.629024e+03 |   6.069612e+02 |
[36msolid0: [39m|   1.300000e+01 |   1.437618e+03 |              8.549444e+05 |   6.392046e+02 |   7.623323e+02 |   2.659306e+03 |   6.070022e+02 |
[36msolid0: [39m|   1.400000e+01 |   1.448038e+03 |              8.549444e+05 |   6.391765e+02 |   7.621235e+02 |   2.682551e+03 |   6.071461e+02 |
[36msolid0: [39m|   1.500000e+01 |   1.456080e+03 |              8.549444e+05 |   6.392419e+02 |   7.632614e+02 |   2.706766e+03 |   6.072024e+02 |
[36msolid0: [39m|   1.600000e+01 |   1.462292e+03 |              8.549444e+05 |   6.393285e+02 |   7.644213e+02 |   2.723379e+03 |   6.070723e+02 |
[36msolid0: [39m|   1.700000e+01 |   1.467076e+03 |              8.549444e+05 |   6.393247e+02 |   7.641653e+02 |   2.736161e+03 |   6.071097e+02 |
[36msolid0: [39m|   1.800000e+01 |   1.470764e+03 |              8.549444e+05 |   6.391481e+02 |   7.647459e+02 |   2.744224e+03 |   6.071891e+02 |
[36msolid0: [39m|   1.900000e+01 |   1.473618e+03 |              8.549444e+05 |   6.391349e+02 |   7.645929e+02 |   2.746754e+03 |   6.071270e+02 |
[36msolid0: [39m|   2.000000e+01 |   1.475808e+03 |              8.549444e+05 |   6.391715e+02 |   7.647284e+02 |   2.753831e+03 |   6.070795e+02 |
[36msolid0: [39m|   2.100000e+01 |   1.477526e+03 |              8.549444e+05 |   6.393197e+02 |   7.650222e+02 |   2.762492e+03 |   6.069926e+02 |
[36msolid0: [39m|   2.200000e+01 |   1.478866e+03 |              8.549444e+05 |   6.391906e+02 |   7.652565e+02 |   2.771902e+03 |   6.070428e+02 |
[36msolid0: [39m|   2.300000e+01 |   1.479925e+03 |              8.549444e+05 |   6.391750e+02 |   7.657974e+02 |   2.778061e+03 |   6.069502e+02 |
[36msolid0: [39m+----------------+----------------+---------------------------+----------------+----------------+----------------+----------------+
[36msolid0: [39m
[36msolid0: [39m
[36msolid0: [39mPostprocessor Values:
[36msolid0: [39m+----------------+----------------+---------------------------+----------------+----------------+----------------+----------------+
[36msolid0: [39m| time           | avg_fuel_T     | conduction_power_integral | max_T_wall_send| max_clad_T     | max_fuel_T     | min_T_wall_send|
[36msolid0: [39m+----------------+----------------+---------------------------+----------------+----------------+----------------+----------------+
[36msolid0: [39m:                :                :                           :                :                :                :                :
[36msolid0: [39m|   9.000000e+00 |   1.353935e+03 |              8.549444e+05 |   6.400073e+02 |   7.535466e+02 |   2.455033e+03 |   6.070500e+02 |
[36msolid0: [39m|   1.000000e+01 |   1.383600e+03 |              8.549444e+05 |   6.400177e+02 |   7.571308e+02 |   2.526494e+03 |   6.068955e+02 |
[36msolid0: [39m|   1.100000e+01 |   1.406463e+03 |              8.549444e+05 |   6.397755e+02 |   7.597272e+02 |   2.582900e+03 |   6.067605e+02 |
[36msolid0: [39m|   1.200000e+01 |   1.424070e+03 |              8.549444e+05 |   6.393915e+02 |   7.613982e+02 |   2.629024e+03 |   6.069612e+02 |
[36msolid0: [39m|   1.300000e+01 |   1.437618e+03 |              8.549444e+05 |   6.392046e+02 |   7.623323e+02 |   2.659306e+03 |   6.070022e+02 |
[36msolid0: [39m|   1.400000e+01 |   1.448038e+03 |              8.549444e+05 |   6.391765e+02 |   7.621235e+02 |   2.682551e+03 |   6.071461e+02 |
[36msolid0: [39m|   1.500000e+01 |   1.456080e+03 |              8.549444e+05 |   6.392419e+02 |   7.632614e+02 |   2.706766e+03 |   6.072024e+02 |
[36msolid0: [39m|   1.600000e+01 |   1.462292e+03 |              8.549444e+05 |   6.393285e+02 |   7.644213e+02 |   2.723379e+03 |   6.070723e+02 |
[36msolid0: [39m|   1.700000e+01 |   1.467076e+03 |              8.549444e+05 |   6.393247e+02 |   7.641653e+02 |   2.736161e+03 |   6.071097e+02 |
[36msolid0: [39m|   1.800000e+01 |   1.470764e+03 |              8.549444e+05 |   6.391481e+02 |   7.647459e+02 |   2.744224e+03 |   6.071891e+02 |
[36msolid0: [39m|   1.900000e+01 |   1.473618e+03 |              8.549444e+05 |   6.391349e+02 |   7.645929e+02 |   2.746754e+03 |   6.071270e+02 |
[36msolid0: [39m|   2.000000e+01 |   1.475808e+03 |              8.549444e+05 |   6.391715e+02 |   7.647284e+02 |   2.753831e+03 |   6.070795e+02 |
[36msolid0: [39m|   2.100000e+01 |   1.477526e+03 |              8.549444e+05 |   6.393197e+02 |   7.650222e+02 |   2.762492e+03 |   6.069926e+02 |
[36msolid0: [39m|   2.200000e+01 |   1.478866e+03 |              8.549444e+05 |   6.391906e+02 |   7.652565e+02 |   2.771902e+03 |   6.070428e+02 |
[36msolid0: [39m|   2.300000e+01 |   1.479925e+03 |              8.549444e+05 |   6.391750e+02 |   7.657974e+02 |   2.778061e+03 |   6.069502e+02 |
[36msolid0: [39m+----------------+----------------+---------------------------+----------------+----------------+----------------+----------------+
[36msolid0: [39m
    Finished Executing MultiApps                                                         [[33m  8.37 s[39m] [[33m 1278 MB[39m]
  Finished Executing MultiApps                                                           [[33m  8.37 s[39m] [[33m 1278 MB[39m]

Postprocessor Values:
+----------------+----------------+----------------+----------------+----------------+----------------+----------------+
| time           | avg_coolant_T  | avg_coolant_rho| k              | k_std_dev      | max_coolant_T  | max_coolant_rho|
+----------------+----------------+----------------+----------------+----------------+----------------+----------------+
:                :                :                :                :                :                :                :
|   9.000000e+00 |   5.851411e+02 |   6.985391e+02 |   1.282167e+00 |   1.929077e-03 |   6.013800e+02 |   7.496560e+02 |
|   1.000000e+01 |   5.852189e+02 |   6.983582e+02 |   1.279780e+00 |   2.008471e-03 |   6.013393e+02 |   7.496230e+02 |
|   1.100000e+01 |   5.852661e+02 |   6.982511e+02 |   1.277583e+00 |   2.132238e-03 |   6.013526e+02 |   7.495874e+02 |
|   1.200000e+01 |   5.852170e+02 |   6.983632e+02 |   1.274756e+00 |   1.935365e-03 |   6.013825e+02 |   7.496185e+02 |
|   1.300000e+01 |   5.852097e+02 |   6.983833e+02 |   1.277850e+00 |   2.030448e-03 |   6.013711e+02 |   7.496207e+02 |
|   1.400000e+01 |   5.851663e+02 |   6.984783e+02 |   1.274109e+00 |   1.902236e-03 |   6.013927e+02 |   7.496271e+02 |
|   1.500000e+01 |   5.851739e+02 |   6.984654e+02 |   1.275514e+00 |   1.836360e-03 |   6.013699e+02 |   7.496123e+02 |
|   1.600000e+01 |   5.852276e+02 |   6.983434e+02 |   1.275424e+00 |   2.289116e-03 |   6.013516e+02 |   7.496003e+02 |
|   1.700000e+01 |   5.852161e+02 |   6.983661e+02 |   1.273490e+00 |   2.223190e-03 |   6.013723e+02 |   7.496074e+02 |
|   1.800000e+01 |   5.852119e+02 |   6.983807e+02 |   1.275776e+00 |   2.085837e-03 |   6.013657e+02 |   7.495985e+02 |
|   1.900000e+01 |   5.852046e+02 |   6.983960e+02 |   1.274887e+00 |   1.954345e-03 |   6.013646e+02 |   7.496089e+02 |
|   2.000000e+01 |   5.851829e+02 |   6.984435e+02 |   1.279635e+00 |   2.000243e-03 |   6.013633e+02 |   7.496112e+02 |
|   2.100000e+01 |   5.852151e+02 |   6.983738e+02 |   1.276268e+00 |   2.218536e-03 |   6.013390e+02 |   7.495902e+02 |
|   2.200000e+01 |   5.852490e+02 |   6.982982e+02 |   1.277853e+00 |   1.879232e-03 |   6.013384e+02 |   7.495757e+02 |
|   2.300000e+01 |   5.852962e+02 |   6.981875e+02 |   1.276895e+00 |   1.854150e-03 |   6.013325e+02 |   7.495545e+02 |
+----------------+----------------+----------------+----------------+----------------+----------------+----------------+
+----------------+----------------+----------------+-----------------------+
| time           | min_coolant_T  | min_coolant_rho| openmc_power_integral |
+----------------+----------------+----------------+-----------------------+
:                :                :                :                       :
|   9.000000e+00 |   5.615079e+02 |   6.577047e+02 |          8.549444e+05 |
|   1.000000e+01 |   5.615257e+02 |   6.578272e+02 |          8.549444e+05 |
|   1.100000e+01 |   5.615450e+02 |   6.577872e+02 |          8.549444e+05 |
|   1.200000e+01 |   5.615282e+02 |   6.576971e+02 |          8.549444e+05 |
|   1.300000e+01 |   5.615270e+02 |   6.577315e+02 |          8.549444e+05 |
|   1.400000e+01 |   5.615235e+02 |   6.576664e+02 |          8.549444e+05 |
|   1.500000e+01 |   5.615315e+02 |   6.577350e+02 |          8.549444e+05 |
|   1.600000e+01 |   5.615380e+02 |   6.577901e+02 |          8.549444e+05 |
|   1.700000e+01 |   5.615342e+02 |   6.577278e+02 |          8.549444e+05 |
|   1.800000e+01 |   5.615390e+02 |   6.577476e+02 |          8.549444e+05 |
|   1.900000e+01 |   5.615333e+02 |   6.577510e+02 |          8.549444e+05 |
|   2.000000e+01 |   5.615321e+02 |   6.577549e+02 |          8.549444e+05 |
|   2.100000e+01 |   5.615434e+02 |   6.578280e+02 |          8.549444e+05 |
|   2.200000e+01 |   5.615513e+02 |   6.578298e+02 |          8.549444e+05 |
|   2.300000e+01 |   5.615627e+02 |   6.578478e+02 |          8.549444e+05 |
+----------------+----------------+----------------+-----------------------+


Time Step 24, time = 24, dt = 1
[36msub_channel0: [39m
[36msub_channel0: [39mTime Step 0, time = 0
[36msub_channel0: [39m
[36msub_channel0: [39mTime Step 1, time = 1, dt = 1
[36msub_channel0: [39mExecuting subchannel solver
[36msub_channel0: [39mSolution initialized
[36msub_channel0: [39mSolving Outer Iteration : 1
[36msub_channel0: [39mSolving Block: 0 From first level: 1 to last level: 60
[36msub_channel0: [39mBlock: 0 - Enthalpy conservation matrix assembled
[36msub_channel0: [39mStart updating thermophysical properties.
[36msub_channel0: [39mDone updating thermophysical properties.
[36msub_channel0: [39mT_block_error: 7.27771e-07
[36msub_channel0: [39mP_error :5.20164e-06
[36msub_channel0: [39mIteration:  1
[36msub_channel0: [39mMaximum iterations: 5
[36msub_channel0: [39mFinished executing subchannel solver
[36msub_channel0: [39mCommencing calculation of Pin surface temperature 
[36msub_channel0: [39m ======================================= 
[36msub_channel0: [39m ======== Subchannel Print Outs ======== 
[36msub_channel0: [39m ======================================= 
[36msub_channel0: [39mTotal flow area :0.000984685 m^2
[36msub_channel0: [39mAssembly hydraulic diameter :0.00943815 m
[36msub_channel0: [39mAssembly Re number :382270 [-]
[36msub_channel0: [39mBulk coolant temperature at outlet :599.778 K
[36msub_channel0: [39mPower added to coolant is : 847738 Watt
[36msub_channel0: [39mMass flow rate in is : 3.7418 kg/sec
[36msub_channel0: [39mMass balance is : -1.03998e-05 kg/sec
[36msub_channel0: [39mUser defined outlet pressure is : 1.57e+07 Pa
[36msub_channel0: [39m ======================================= 
[36msub_channel0: [39m[32m Solve Converged![39m
[36msub_channel0: [39m
[36msub_channel0_viz0: [39m
[36msub_channel0_viz0: [39mPostprocessor Values:
[36msub_channel0_viz0: [39m+----------------+----------------+----------------+----------------+
[36msub_channel0_viz0: [39m| time           | avg_coolant_T  | max_T_fluid    | min_T_fluid    |
[36msub_channel0_viz0: [39m+----------------+----------------+----------------+----------------+
[36msub_channel0_viz0: [39m|   0.000000e+00 |   5.846898e+02 |   6.014658e+02 |   5.603873e+02 |
[36msub_channel0_viz0: [39m+----------------+----------------+----------------+----------------+
[36msub_channel0_viz0: [39m
[36msub_channel0_viz0: [39m[32m Solve Converged![39m
[36msub_channel0_viz0: [39m
[36msub_channel0_viz0: [39m
[36msub_channel0_viz0: [39mPostprocessor Values:
[36msub_channel0_viz0: [39m+----------------+----------------+----------------+----------------+
[36msub_channel0_viz0: [39m| time           | avg_coolant_T  | max_T_fluid    | min_T_fluid    |
[36msub_channel0_viz0: [39m+----------------+----------------+----------------+----------------+
[36msub_channel0_viz0: [39m|   0.000000e+00 |   5.846898e+02 |   6.014658e+02 |   5.603873e+02 |
[36msub_channel0_viz0: [39m|   1.000000e+00 |   5.846897e+02 |   6.014826e+02 |   5.603871e+02 |
[36msub_channel0_viz0: [39m+----------------+----------------+----------------+----------------+
[36msub_channel0_viz0: [39m
Sending temperature to OpenMC cells... 
Setting cell id 13, instance 0 (of 9) [1 contained cells] to temperature (K): 1613.1
Setting cell id 13, instance 1 (of 9) [1 contained cells] to temperature (K): 1612.56
Setting cell id 13, instance 2 (of 9) [1 contained cells] to temperature (K): 1612.14
Setting cell id 13, instance 3 (of 9) [1 contained cells] to temperature (K): 1612.58
Setting cell id 13, instance 4 (of 9) [1 contained cells] to temperature (K): 1612.46
Setting cell id 13, instance 5 (of 9) [1 contained cells] to temperature (K): 1614.38
Setting cell id 13, instance 6 (of 9) [1 contained cells] to temperature (K): 1612.56
Setting cell id 13, instance 7 (of 9) [1 contained cells] to temperature (K): 1615.15
Setting cell id 13, instance 8 (of 9) [1 contained cells] to temperature (K): 1615.8
Setting cell id 14, instance 0 (of 9) [1 contained cells] to temperature (K): 731.702
Setting cell id 14, instance 1 (of 9) [1 contained cells] to temperature (K): 732.524
Setting cell id 14, instance 2 (of 9) [1 contained cells] to temperature (K): 731.453
Setting cell id 14, instance 3 (of 9) [1 contained cells] to temperature (K): 732.456
Setting cell id 14, instance 4 (of 9) [1 contained cells] to temperature (K): 733.344
Setting cell id 14, instance 5 (of 9) [1 contained cells] to temperature (K): 732.734
Setting cell id 14, instance 6 (of 9) [1 contained cells] to temperature (K): 731.31
Setting cell id 14, instance 7 (of 9) [1 contained cells] to temperature (K): 732.949
Setting cell id 14, instance 8 (of 9) [1 contained cells] to temperature (K): 732.327
Setting cell id 16, instance 0 (of 9) [1 contained cells] to temperature (K): 584.531
Setting cell id 16, instance 1 (of 9) [1 contained cells] to temperature (K): 585.64
Setting cell id 16, instance 2 (of 9) [1 contained cells] to temperature (K): 584.531
Setting cell id 16, instance 3 (of 9) [1 contained cells] to temperature (K): 585.628
Setting cell id 16, instance 4 (of 9) [1 contained cells] to temperature (K): 586.887
Setting cell id 16, instance 5 (of 9) [1 contained cells] to temperature (K): 585.668
Setting cell id 16, instance 6 (of 9) [1 contained cells] to temperature (K): 584.517
Setting cell id 16, instance 7 (of 9) [1 contained cells] to temperature (K): 585.665
Setting cell id 16, instance 8 (of 9) [1 contained cells] to temperature (K): 584.596
Sending density to OpenMC cells... 
Setting cell id 16, instance 0 (of 9) to density (kg/m3): 700.078
Setting cell id 16, instance 1 (of 9) to density (kg/m3): 697.339
Setting cell id 16, instance 2 (of 9) to density (kg/m3): 700.084
Setting cell id 16, instance 3 (of 9) to density (kg/m3): 697.366
Setting cell id 16, instance 4 (of 9) to density (kg/m3): 694.207
Setting cell id 16, instance 5 (of 9) to density (kg/m3): 697.267
Setting cell id 16, instance 6 (of 9) to density (kg/m3): 700.115
Setting cell id 16, instance 7 (of 9) to density (kg/m3): 697.275
Setting cell id 16, instance 8 (of 9) to density (kg/m3): 699.92
 Running OpenMC with 2000 particles per batch...
 Maximum neutron transport energy: 20000000 eV for O17
 Initializing source particles...

 ====================>     K EIGENVALUE SIMULATION     <====================

  Bat./Gen.      k            Average k
  =========   ========   ====================
        1/1    1.26257
        2/1    1.26718
        3/1    1.27773
        4/1    1.23011
        5/1    1.27317
        6/1    1.26830
        7/1    1.23980
        8/1    1.31561
        9/1    1.24627
       10/1    1.31709
       11/1    1.28639
       12/1    1.29677
       13/1    1.21911
       14/1    1.29019
       15/1    1.24641
       16/1    1.29711
       17/1    1.24994
       18/1    1.32482
       19/1    1.28463
       20/1    1.24830
       21/1    1.27837
       22/1    1.26642
       23/1    1.18072
       24/1    1.30788
       25/1    1.29972
       26/1    1.23248
       27/1    1.25263
       28/1    1.25520
       29/1    1.26604
       30/1    1.30162
       31/1    1.28887
       32/1    1.24409
       33/1    1.28108
       34/1    1.29449
       35/1    1.21491
       36/1    1.24892
       37/1    1.26950
       38/1    1.28103
       39/1    1.24319
       40/1    1.29623
       41/1    1.28528
       42/1    1.34651
       43/1    1.27505
       44/1    1.28335
       45/1    1.25666
       46/1    1.27774
       47/1    1.32964
       48/1    1.24396
       49/1    1.27625
       50/1    1.22489
       51/1    1.29114
       52/1    1.20390    1.24752 +/- 0.04362
       53/1    1.25908    1.25137 +/- 0.02548
       54/1    1.27876    1.25822 +/- 0.01927
       55/1    1.25831    1.25824 +/- 0.01493
       56/1    1.24978    1.25683 +/- 0.01227
       57/1    1.24357    1.25493 +/- 0.01054
       58/1    1.22739    1.25149 +/- 0.00976
       59/1    1.27733    1.25436 +/- 0.00907
       60/1    1.25976    1.25490 +/- 0.00813
       61/1    1.30326    1.25930 +/- 0.00857
       62/1    1.28766    1.26166 +/- 0.00817
       63/1    1.29277    1.26405 +/- 0.00789
       64/1    1.20476    1.25982 +/- 0.00844
       65/1    1.28590    1.26156 +/- 0.00805
       66/1    1.24372    1.26044 +/- 0.00761
       67/1    1.29902    1.26271 +/- 0.00750
       68/1    1.29840    1.26469 +/- 0.00735
       69/1    1.26507    1.26471 +/- 0.00695
       70/1    1.36249    1.26960 +/- 0.00821
       71/1    1.26830    1.26954 +/- 0.00781
       72/1    1.27569    1.26982 +/- 0.00745
       73/1    1.12932    1.26371 +/- 0.00938
       74/1    1.26710    1.26385 +/- 0.00898
       75/1    1.27682    1.26437 +/- 0.00863
       76/1    1.26975    1.26458 +/- 0.00829
       77/1    1.30034    1.26590 +/- 0.00809
       78/1    1.22808    1.26455 +/- 0.00791
       79/1    1.33618    1.26702 +/- 0.00802
       80/1    1.28322    1.26756 +/- 0.00777
       81/1    1.24471    1.26682 +/- 0.00755
       82/1    1.28238    1.26731 +/- 0.00733
       83/1    1.26710    1.26730 +/- 0.00710
       84/1    1.27666    1.26758 +/- 0.00690
       85/1    1.28141    1.26798 +/- 0.00671
       86/1    1.25626    1.26765 +/- 0.00653
       87/1    1.29920    1.26850 +/- 0.00640
       88/1    1.26280    1.26835 +/- 0.00624
       89/1    1.25977    1.26813 +/- 0.00608
       90/1    1.23256    1.26724 +/- 0.00599
       91/1    1.22130    1.26612 +/- 0.00595
       92/1    1.24874    1.26571 +/- 0.00582
       93/1    1.25742    1.26552 +/- 0.00569
       94/1    1.27727    1.26578 +/- 0.00556
       95/1    1.32238    1.26704 +/- 0.00558
       96/1    1.30149    1.26779 +/- 0.00551
       97/1    1.26797    1.26779 +/- 0.00539
       98/1    1.28700    1.26819 +/- 0.00529
       99/1    1.25074    1.26784 +/- 0.00520
      100/1    1.33282    1.26914 +/- 0.00525
      101/1    1.22357    1.26824 +/- 0.00523
      102/1    1.30766    1.26900 +/- 0.00518
      103/1    1.27336    1.26908 +/- 0.00508
      104/1    1.29586    1.26958 +/- 0.00501
      105/1    1.26950    1.26958 +/- 0.00492
      106/1    1.29459    1.27003 +/- 0.00485
      107/1    1.24107    1.26952 +/- 0.00479
      108/1    1.23414    1.26891 +/- 0.00475
      109/1    1.24609    1.26852 +/- 0.00468
      110/1    1.22792    1.26784 +/- 0.00466
      111/1    1.24116    1.26741 +/- 0.00460
      112/1    1.30003    1.26793 +/- 0.00455
      113/1    1.29993    1.26844 +/- 0.00451
      114/1    1.25250    1.26819 +/- 0.00445
      115/1    1.25248    1.26795 +/- 0.00438
      116/1    1.25629    1.26777 +/- 0.00432
      117/1    1.23868    1.26734 +/- 0.00428
      118/1    1.24493    1.26701 +/- 0.00423
      119/1    1.30189    1.26751 +/- 0.00420
      120/1    1.27195    1.26758 +/- 0.00414
      121/1    1.25179    1.26736 +/- 0.00408
      122/1    1.28622    1.26762 +/- 0.00404
      123/1    1.30766    1.26817 +/- 0.00402
      124/1    1.31579    1.26881 +/- 0.00401
      125/1    1.29354    1.26914 +/- 0.00397
      126/1    1.28901    1.26940 +/- 0.00393
      127/1    1.20124    1.26852 +/- 0.00398
      128/1    1.28090    1.26867 +/- 0.00393
      129/1    1.28296    1.26886 +/- 0.00388
      130/1    1.26512    1.26881 +/- 0.00384
      131/1    1.27783    1.26892 +/- 0.00379
      132/1    1.27830    1.26903 +/- 0.00375
      133/1    1.28472    1.26922 +/- 0.00370
      134/1    1.24682    1.26896 +/- 0.00367
      135/1    1.24309    1.26865 +/- 0.00364
      136/1    1.26025    1.26855 +/- 0.00360
      137/1    1.20000    1.26777 +/- 0.00364
      138/1    1.24935    1.26756 +/- 0.00361
      139/1    1.35645    1.26856 +/- 0.00370
      140/1    1.32145    1.26914 +/- 0.00371
      141/1    1.28795    1.26935 +/- 0.00367
      142/1    1.24024    1.26903 +/- 0.00365
      143/1    1.24485    1.26877 +/- 0.00362
      144/1    1.20579    1.26810 +/- 0.00364
      145/1    1.33024    1.26876 +/- 0.00366
      146/1    1.22230    1.26827 +/- 0.00366
      147/1    1.29506    1.26855 +/- 0.00363
      148/1    1.32754    1.26915 +/- 0.00364
      149/1    1.34362    1.26990 +/- 0.00368
      150/1    1.29497    1.27016 +/- 0.00365
 Creating state point statepoint.150.h5...

 =======================>     TIMING STATISTICS     <=======================

 Total time for initialization     = 0.0000e+00 seconds
   Reading cross sections          = 0.0000e+00 seconds
 Total time in simulation          = 5.9152e+00 seconds
   Time in transport only          = 5.8489e+00 seconds
   Time in inactive batches        = 8.5601e-01 seconds
   Time in active batches          = 5.0592e+00 seconds
   Time synchronizing fission bank = 1.9182e-02 seconds
     Sampling source sites         = 1.5832e-02 seconds
     SEND/RECV source sites        = 3.0262e-03 seconds
   Time accumulating tallies       = 2.8559e-02 seconds
   Time writing statepoints        = 3.7991e-03 seconds
 Total time for finalization       = 1.5491e-02 seconds
 Total time elapsed                = 5.9427e+00 seconds
 Calculation Rate (inactive)       = 116821 particles/second
 Calculation Rate (active)         = 39531.7 particles/second

 ============================>     RESULTS     <============================

 k-effective (Collision)     = 1.27426 +/- 0.00298
 k-effective (Track-length)  = 1.27016 +/- 0.00365
 k-effective (Absorption)    = 1.27134 +/- 0.00202
 Combined k-effective        = 1.27208 +/- 0.00191
 Leakage Fraction            = 0.00014 +/- 0.00003

    Finished Solving OpenMC                                                              [[33m  5.94 s[39m] [[33m 1299 MB[39m]
Extracting OpenMC tallies...
[32m Solve Converged![39m

  Finished Solving                                                                       [[33m  5.99 s[39m] [[33m 1299 MB[39m]
[36msolid0: [39m
[36msolid0: [39mTime Step 24, time = 24, dt = 1
[36msolid0: [39m 0 Nonlinear |R| = [32m4.142398e+01[39m
[36msolid0: [39m      0 Linear |R| = [32m4.142398e+01[39m
[36msolid0: [39m      1 Linear |R| = [32m8.617145e+00[39m
[36msolid0: [39m      2 Linear |R| = [32m3.998647e+00[39m
[36msolid0: [39m      3 Linear |R| = [32m1.327526e+00[39m
[36msolid0: [39m      4 Linear |R| = [32m2.682290e-01[39m
[36msolid0: [39m      5 Linear |R| = [32m4.770219e-02[39m
[36msolid0: [39m      6 Linear |R| = [32m1.072610e-02[39m
[36msolid0: [39m      7 Linear |R| = [32m1.705697e-03[39m
[36msolid0: [39m      8 Linear |R| = [32m2.004861e-04[39m
[36msolid0: [39m 1 Nonlinear |R| = [32m6.516396e-04[39m
[36msolid0: [39m      0 Linear |R| = [32m6.516396e-04[39m
[36msolid0: [39m      1 Linear |R| = [32m5.247030e-05[39m
[36msolid0: [39m      2 Linear |R| = [32m2.667970e-05[39m
[36msolid0: [39m      3 Linear |R| = [32m1.052028e-05[39m
[36msolid0: [39m      4 Linear |R| = [32m2.352860e-06[39m
[36msolid0: [39m      5 Linear |R| = [32m4.458285e-07[39m
[36msolid0: [39m      6 Linear |R| = [32m8.668210e-08[39m
[36msolid0: [39m      7 Linear |R| = [32m1.738178e-08[39m
[36msolid0: [39m      8 Linear |R| = [32m4.435055e-09[39m
[36msolid0: [39m 2 Nonlinear |R| = [32m6.417801e-09[39m
[36msolid0: [39m[32m Solve Converged![39m
[36msolid0: [39m
[36msolid0: [39mFinished Solving                                                                 [[33m  7.73 s[39m] [[33m 1325 MB[39m]
[36msolid0: [39m
[36msolid0: [39mPostprocessor Values:
[36msolid0: [39m+----------------+----------------+---------------------------+----------------+----------------+----------------+----------------+
[36msolid0: [39m| time           | avg_fuel_T     | conduction_power_integral | max_T_wall_send| max_clad_T     | max_fuel_T     | min_T_wall_send|
[36msolid0: [39m+----------------+----------------+---------------------------+----------------+----------------+----------------+----------------+
[36msolid0: [39m:                :                :                           :                :                :                :                :
[36msolid0: [39m|   1.000000e+01 |   1.383600e+03 |              8.549444e+05 |   6.400177e+02 |   7.571308e+02 |   2.526494e+03 |   6.068955e+02 |
[36msolid0: [39m|   1.100000e+01 |   1.406463e+03 |              8.549444e+05 |   6.397755e+02 |   7.597272e+02 |   2.582900e+03 |   6.067605e+02 |
[36msolid0: [39m|   1.200000e+01 |   1.424070e+03 |              8.549444e+05 |   6.393915e+02 |   7.613982e+02 |   2.629024e+03 |   6.069612e+02 |
[36msolid0: [39m|   1.300000e+01 |   1.437618e+03 |              8.549444e+05 |   6.392046e+02 |   7.623323e+02 |   2.659306e+03 |   6.070022e+02 |
[36msolid0: [39m|   1.400000e+01 |   1.448038e+03 |              8.549444e+05 |   6.391765e+02 |   7.621235e+02 |   2.682551e+03 |   6.071461e+02 |
[36msolid0: [39m|   1.500000e+01 |   1.456080e+03 |              8.549444e+05 |   6.392419e+02 |   7.632614e+02 |   2.706766e+03 |   6.072024e+02 |
[36msolid0: [39m|   1.600000e+01 |   1.462292e+03 |              8.549444e+05 |   6.393285e+02 |   7.644213e+02 |   2.723379e+03 |   6.070723e+02 |
[36msolid0: [39m|   1.700000e+01 |   1.467076e+03 |              8.549444e+05 |   6.393247e+02 |   7.641653e+02 |   2.736161e+03 |   6.071097e+02 |
[36msolid0: [39m|   1.800000e+01 |   1.470764e+03 |              8.549444e+05 |   6.391481e+02 |   7.647459e+02 |   2.744224e+03 |   6.071891e+02 |
[36msolid0: [39m|   1.900000e+01 |   1.473618e+03 |              8.549444e+05 |   6.391349e+02 |   7.645929e+02 |   2.746754e+03 |   6.071270e+02 |
[36msolid0: [39m|   2.000000e+01 |   1.475808e+03 |              8.549444e+05 |   6.391715e+02 |   7.647284e+02 |   2.753831e+03 |   6.070795e+02 |
[36msolid0: [39m|   2.100000e+01 |   1.477526e+03 |              8.549444e+05 |   6.393197e+02 |   7.650222e+02 |   2.762492e+03 |   6.069926e+02 |
[36msolid0: [39m|   2.200000e+01 |   1.478866e+03 |              8.549444e+05 |   6.391906e+02 |   7.652565e+02 |   2.771902e+03 |   6.070428e+02 |
[36msolid0: [39m|   2.300000e+01 |   1.479925e+03 |              8.549444e+05 |   6.391750e+02 |   7.657974e+02 |   2.778061e+03 |   6.069502e+02 |
[36msolid0: [39m|   2.400000e+01 |   1.480752e+03 |              8.549444e+05 |   6.392829e+02 |   7.655955e+02 |   2.783121e+03 |   6.069818e+02 |
[36msolid0: [39m+----------------+----------------+---------------------------+----------------+----------------+----------------+----------------+
[36msolid0: [39m
[36msolid0: [39m
[36msolid0: [39mPostprocessor Values:
[36msolid0: [39m+----------------+----------------+---------------------------+----------------+----------------+----------------+----------------+
[36msolid0: [39m| time           | avg_fuel_T     | conduction_power_integral | max_T_wall_send| max_clad_T     | max_fuel_T     | min_T_wall_send|
[36msolid0: [39m+----------------+----------------+---------------------------+----------------+----------------+----------------+----------------+
[36msolid0: [39m:                :                :                           :                :                :                :                :
[36msolid0: [39m|   1.000000e+01 |   1.383600e+03 |              8.549444e+05 |   6.400177e+02 |   7.571308e+02 |   2.526494e+03 |   6.068955e+02 |
[36msolid0: [39m|   1.100000e+01 |   1.406463e+03 |              8.549444e+05 |   6.397755e+02 |   7.597272e+02 |   2.582900e+03 |   6.067605e+02 |
[36msolid0: [39m|   1.200000e+01 |   1.424070e+03 |              8.549444e+05 |   6.393915e+02 |   7.613982e+02 |   2.629024e+03 |   6.069612e+02 |
[36msolid0: [39m|   1.300000e+01 |   1.437618e+03 |              8.549444e+05 |   6.392046e+02 |   7.623323e+02 |   2.659306e+03 |   6.070022e+02 |
[36msolid0: [39m|   1.400000e+01 |   1.448038e+03 |              8.549444e+05 |   6.391765e+02 |   7.621235e+02 |   2.682551e+03 |   6.071461e+02 |
[36msolid0: [39m|   1.500000e+01 |   1.456080e+03 |              8.549444e+05 |   6.392419e+02 |   7.632614e+02 |   2.706766e+03 |   6.072024e+02 |
[36msolid0: [39m|   1.600000e+01 |   1.462292e+03 |              8.549444e+05 |   6.393285e+02 |   7.644213e+02 |   2.723379e+03 |   6.070723e+02 |
[36msolid0: [39m|   1.700000e+01 |   1.467076e+03 |              8.549444e+05 |   6.393247e+02 |   7.641653e+02 |   2.736161e+03 |   6.071097e+02 |
[36msolid0: [39m|   1.800000e+01 |   1.470764e+03 |              8.549444e+05 |   6.391481e+02 |   7.647459e+02 |   2.744224e+03 |   6.071891e+02 |
[36msolid0: [39m|   1.900000e+01 |   1.473618e+03 |              8.549444e+05 |   6.391349e+02 |   7.645929e+02 |   2.746754e+03 |   6.071270e+02 |
[36msolid0: [39m|   2.000000e+01 |   1.475808e+03 |              8.549444e+05 |   6.391715e+02 |   7.647284e+02 |   2.753831e+03 |   6.070795e+02 |
[36msolid0: [39m|   2.100000e+01 |   1.477526e+03 |              8.549444e+05 |   6.393197e+02 |   7.650222e+02 |   2.762492e+03 |   6.069926e+02 |
[36msolid0: [39m|   2.200000e+01 |   1.478866e+03 |              8.549444e+05 |   6.391906e+02 |   7.652565e+02 |   2.771902e+03 |   6.070428e+02 |
[36msolid0: [39m|   2.300000e+01 |   1.479925e+03 |              8.549444e+05 |   6.391750e+02 |   7.657974e+02 |   2.778061e+03 |   6.069502e+02 |
[36msolid0: [39m|   2.400000e+01 |   1.480752e+03 |              8.549444e+05 |   6.392829e+02 |   7.655955e+02 |   2.783121e+03 |   6.069818e+02 |
[36msolid0: [39m+----------------+----------------+---------------------------+----------------+----------------+----------------+----------------+
[36msolid0: [39m
    Finished Executing MultiApps                                                         [[33m  8.27 s[39m] [[33m 1325 MB[39m]
  Finished Executing MultiApps                                                           [[33m  8.27 s[39m] [[33m 1325 MB[39m]

Postprocessor Values:
+----------------+----------------+----------------+----------------+----------------+----------------+----------------+
| time           | avg_coolant_T  | avg_coolant_rho| k              | k_std_dev      | max_coolant_T  | max_coolant_rho|
+----------------+----------------+----------------+----------------+----------------+----------------+----------------+
:                :                :                :                :                :                :                :
|   1.000000e+01 |   5.852189e+02 |   6.983582e+02 |   1.279780e+00 |   2.008471e-03 |   6.013393e+02 |   7.496230e+02 |
|   1.100000e+01 |   5.852661e+02 |   6.982511e+02 |   1.277583e+00 |   2.132238e-03 |   6.013526e+02 |   7.495874e+02 |
|   1.200000e+01 |   5.852170e+02 |   6.983632e+02 |   1.274756e+00 |   1.935365e-03 |   6.013825e+02 |   7.496185e+02 |
|   1.300000e+01 |   5.852097e+02 |   6.983833e+02 |   1.277850e+00 |   2.030448e-03 |   6.013711e+02 |   7.496207e+02 |
|   1.400000e+01 |   5.851663e+02 |   6.984783e+02 |   1.274109e+00 |   1.902236e-03 |   6.013927e+02 |   7.496271e+02 |
|   1.500000e+01 |   5.851739e+02 |   6.984654e+02 |   1.275514e+00 |   1.836360e-03 |   6.013699e+02 |   7.496123e+02 |
|   1.600000e+01 |   5.852276e+02 |   6.983434e+02 |   1.275424e+00 |   2.289116e-03 |   6.013516e+02 |   7.496003e+02 |
|   1.700000e+01 |   5.852161e+02 |   6.983661e+02 |   1.273490e+00 |   2.223190e-03 |   6.013723e+02 |   7.496074e+02 |
|   1.800000e+01 |   5.852119e+02 |   6.983807e+02 |   1.275776e+00 |   2.085837e-03 |   6.013657e+02 |   7.495985e+02 |
|   1.900000e+01 |   5.852046e+02 |   6.983960e+02 |   1.274887e+00 |   1.954345e-03 |   6.013646e+02 |   7.496089e+02 |
|   2.000000e+01 |   5.851829e+02 |   6.984435e+02 |   1.279635e+00 |   2.000243e-03 |   6.013633e+02 |   7.496112e+02 |
|   2.100000e+01 |   5.852151e+02 |   6.983738e+02 |   1.276268e+00 |   2.218536e-03 |   6.013390e+02 |   7.495902e+02 |
|   2.200000e+01 |   5.852490e+02 |   6.982982e+02 |   1.277853e+00 |   1.879232e-03 |   6.013384e+02 |   7.495757e+02 |
|   2.300000e+01 |   5.852962e+02 |   6.981875e+02 |   1.276895e+00 |   1.854150e-03 |   6.013325e+02 |   7.495545e+02 |
|   2.400000e+01 |   5.852961e+02 |   6.981834e+02 |   1.272076e+00 |   1.908804e-03 |   6.013496e+02 |   7.495563e+02 |
+----------------+----------------+----------------+----------------+----------------+----------------+----------------+
+----------------+----------------+----------------+-----------------------+
| time           | min_coolant_T  | min_coolant_rho| openmc_power_integral |
+----------------+----------------+----------------+-----------------------+
:                :                :                :                       :
|   1.000000e+01 |   5.615257e+02 |   6.578272e+02 |          8.549444e+05 |
|   1.100000e+01 |   5.615450e+02 |   6.577872e+02 |          8.549444e+05 |
|   1.200000e+01 |   5.615282e+02 |   6.576971e+02 |          8.549444e+05 |
|   1.300000e+01 |   5.615270e+02 |   6.577315e+02 |          8.549444e+05 |
|   1.400000e+01 |   5.615235e+02 |   6.576664e+02 |          8.549444e+05 |
|   1.500000e+01 |   5.615315e+02 |   6.577350e+02 |          8.549444e+05 |
|   1.600000e+01 |   5.615380e+02 |   6.577901e+02 |          8.549444e+05 |
|   1.700000e+01 |   5.615342e+02 |   6.577278e+02 |          8.549444e+05 |
|   1.800000e+01 |   5.615390e+02 |   6.577476e+02 |          8.549444e+05 |
|   1.900000e+01 |   5.615333e+02 |   6.577510e+02 |          8.549444e+05 |
|   2.000000e+01 |   5.615321e+02 |   6.577549e+02 |          8.549444e+05 |
|   2.100000e+01 |   5.615434e+02 |   6.578280e+02 |          8.549444e+05 |
|   2.200000e+01 |   5.615513e+02 |   6.578298e+02 |          8.549444e+05 |
|   2.300000e+01 |   5.615627e+02 |   6.578478e+02 |          8.549444e+05 |
|   2.400000e+01 |   5.615618e+02 |   6.577962e+02 |          8.549444e+05 |
+----------------+----------------+----------------+-----------------------+


Time Step 25, time = 25, dt = 1
[36msub_channel0: [39m
[36msub_channel0: [39mTime Step 0, time = 0
[36msub_channel0: [39m
[36msub_channel0: [39mTime Step 1, time = 1, dt = 1
[36msub_channel0: [39mExecuting subchannel solver
[36msub_channel0: [39mSolution initialized
[36msub_channel0: [39mSolving Outer Iteration : 1
[36msub_channel0: [39mSolving Block: 0 From first level: 1 to last level: 60
[36msub_channel0: [39mBlock: 0 - Enthalpy conservation matrix assembled
[36msub_channel0: [39mStart updating thermophysical properties.
[36msub_channel0: [39mDone updating thermophysical properties.
[36msub_channel0: [39mT_block_error: 2.47515e-05
[36msub_channel0: [39mBlock: 0 - Enthalpy conservation matrix assembled
[36msub_channel0: [39mStart updating thermophysical properties.
[36msub_channel0: [39mDone updating thermophysical properties.
[36msub_channel0: [39mT_block_error: 2.33253e-07
[36msub_channel0: [39mP_error :2.30049e-06
[36msub_channel0: [39mIteration:  1
[36msub_channel0: [39mMaximum iterations: 5
[36msub_channel0: [39mFinished executing subchannel solver
[36msub_channel0: [39mCommencing calculation of Pin surface temperature 
[36msub_channel0: [39m ======================================= 
[36msub_channel0: [39m ======== Subchannel Print Outs ======== 
[36msub_channel0: [39m ======================================= 
[36msub_channel0: [39mTotal flow area :0.000984685 m^2
[36msub_channel0: [39mAssembly hydraulic diameter :0.00943815 m
[36msub_channel0: [39mAssembly Re number :382270 [-]
[36msub_channel0: [39mBulk coolant temperature at outlet :599.771 K
[36msub_channel0: [39mPower added to coolant is : 847674 Watt
[36msub_channel0: [39mMass flow rate in is : 3.7418 kg/sec
[36msub_channel0: [39mMass balance is : 5.5274e-05 kg/sec
[36msub_channel0: [39mUser defined outlet pressure is : 1.57e+07 Pa
[36msub_channel0: [39m ======================================= 
[36msub_channel0: [39m[32m Solve Converged![39m
[36msub_channel0: [39m
[36msub_channel0_viz0: [39m
[36msub_channel0_viz0: [39mPostprocessor Values:
[36msub_channel0_viz0: [39m+----------------+----------------+----------------+----------------+
[36msub_channel0_viz0: [39m| time           | avg_coolant_T  | max_T_fluid    | min_T_fluid    |
[36msub_channel0_viz0: [39m+----------------+----------------+----------------+----------------+
[36msub_channel0_viz0: [39m|   0.000000e+00 |   5.846897e+02 |   6.014826e+02 |   5.603871e+02 |
[36msub_channel0_viz0: [39m+----------------+----------------+----------------+----------------+
[36msub_channel0_viz0: [39m
[36msub_channel0_viz0: [39m[32m Solve Converged![39m
[36msub_channel0_viz0: [39m
[36msub_channel0_viz0: [39m
[36msub_channel0_viz0: [39mPostprocessor Values:
[36msub_channel0_viz0: [39m+----------------+----------------+----------------+----------------+
[36msub_channel0_viz0: [39m| time           | avg_coolant_T  | max_T_fluid    | min_T_fluid    |
[36msub_channel0_viz0: [39m+----------------+----------------+----------------+----------------+
[36msub_channel0_viz0: [39m|   0.000000e+00 |   5.846897e+02 |   6.014826e+02 |   5.603871e+02 |
[36msub_channel0_viz0: [39m|   1.000000e+00 |   5.847047e+02 |   6.014764e+02 |   5.603876e+02 |
[36msub_channel0_viz0: [39m+----------------+----------------+----------------+----------------+
[36msub_channel0_viz0: [39m
Sending temperature to OpenMC cells... 
Setting cell id 13, instance 0 (of 9) [1 contained cells] to temperature (K): 1614.22
Setting cell id 13, instance 1 (of 9) [1 contained cells] to temperature (K): 1613.68
Setting cell id 13, instance 2 (of 9) [1 contained cells] to temperature (K): 1612.95
Setting cell id 13, instance 3 (of 9) [1 contained cells] to temperature (K): 1613.51
Setting cell id 13, instance 4 (of 9) [1 contained cells] to temperature (K): 1613.48
Setting cell id 13, instance 5 (of 9) [1 contained cells] to temperature (K): 1615.39
Setting cell id 13, instance 6 (of 9) [1 contained cells] to temperature (K): 1613.47
Setting cell id 13, instance 7 (of 9) [1 contained cells] to temperature (K): 1616.04
Setting cell id 13, instance 8 (of 9) [1 contained cells] to temperature (K): 1616.78
Setting cell id 14, instance 0 (of 9) [1 contained cells] to temperature (K): 731.775
Setting cell id 14, instance 1 (of 9) [1 contained cells] to temperature (K): 732.624
Setting cell id 14, instance 2 (of 9) [1 contained cells] to temperature (K): 731.521
Setting cell id 14, instance 3 (of 9) [1 contained cells] to temperature (K): 732.516
Setting cell id 14, instance 4 (of 9) [1 contained cells] to temperature (K): 733.477
Setting cell id 14, instance 5 (of 9) [1 contained cells] to temperature (K): 732.835
Setting cell id 14, instance 6 (of 9) [1 contained cells] to temperature (K): 731.405
Setting cell id 14, instance 7 (of 9) [1 contained cells] to temperature (K): 733.003
Setting cell id 14, instance 8 (of 9) [1 contained cells] to temperature (K): 732.395
Setting cell id 16, instance 0 (of 9) [1 contained cells] to temperature (K): 584.545
Setting cell id 16, instance 1 (of 9) [1 contained cells] to temperature (K): 585.653
Setting cell id 16, instance 2 (of 9) [1 contained cells] to temperature (K): 584.542
Setting cell id 16, instance 3 (of 9) [1 contained cells] to temperature (K): 585.644
Setting cell id 16, instance 4 (of 9) [1 contained cells] to temperature (K): 586.904
Setting cell id 16, instance 5 (of 9) [1 contained cells] to temperature (K): 585.684
Setting cell id 16, instance 6 (of 9) [1 contained cells] to temperature (K): 584.535
Setting cell id 16, instance 7 (of 9) [1 contained cells] to temperature (K): 585.682
Setting cell id 16, instance 8 (of 9) [1 contained cells] to temperature (K): 584.612
Sending density to OpenMC cells... 
Setting cell id 16, instance 0 (of 9) to density (kg/m3): 700.047
Setting cell id 16, instance 1 (of 9) to density (kg/m3): 697.309
Setting cell id 16, instance 2 (of 9) to density (kg/m3): 700.06
Setting cell id 16, instance 3 (of 9) to density (kg/m3): 697.329
Setting cell id 16, instance 4 (of 9) to density (kg/m3): 694.167
Setting cell id 16, instance 5 (of 9) to density (kg/m3): 697.232
Setting cell id 16, instance 6 (of 9) to density (kg/m3): 700.074
Setting cell id 16, instance 7 (of 9) to density (kg/m3): 697.236
Setting cell id 16, instance 8 (of 9) to density (kg/m3): 699.884
 Running OpenMC with 2000 particles per batch...
 Maximum neutron transport energy: 20000000 eV for O17
 Initializing source particles...

 ====================>     K EIGENVALUE SIMULATION     <====================

  Bat./Gen.      k            Average k
  =========   ========   ====================
        1/1    1.21182
        2/1    1.25851
        3/1    1.33306
        4/1    1.24694
        5/1    1.25866
        6/1    1.23063
        7/1    1.33435
        8/1    1.26409
        9/1    1.24382
       10/1    1.28737
       11/1    1.31640
       12/1    1.25465
       13/1    1.24946
       14/1    1.25981
       15/1    1.25407
       16/1    1.28245
       17/1    1.28938
       18/1    1.30214
       19/1    1.30724
       20/1    1.26555
       21/1    1.28054
       22/1    1.22814
       23/1    1.29709
       24/1    1.28530
       25/1    1.28440
       26/1    1.25962
       27/1    1.24832
       28/1    1.22114
       29/1    1.26307
       30/1    1.26935
       31/1    1.24699
       32/1    1.28765
       33/1    1.25891
       34/1    1.27495
       35/1    1.24137
       36/1    1.28904
       37/1    1.23799
       38/1    1.29639
       39/1    1.32527
       40/1    1.30249
       41/1    1.27251
       42/1    1.30753
       43/1    1.29711
       44/1    1.26339
       45/1    1.25761
       46/1    1.27133
       47/1    1.20338
       48/1    1.29922
       49/1    1.28412
       50/1    1.22192
       51/1    1.18551
       52/1    1.32292    1.25421 +/- 0.06870
       53/1    1.21682    1.24175 +/- 0.04158
       54/1    1.25746    1.24568 +/- 0.02966
       55/1    1.23908    1.24436 +/- 0.02301
       56/1    1.27724    1.24984 +/- 0.01957
       57/1    1.34097    1.26286 +/- 0.02105
       58/1    1.31196    1.26900 +/- 0.01924
       59/1    1.25716    1.26768 +/- 0.01702
       60/1    1.33656    1.27457 +/- 0.01671
       61/1    1.28486    1.27550 +/- 0.01514
       62/1    1.25671    1.27394 +/- 0.01391
       63/1    1.22044    1.26982 +/- 0.01344
       64/1    1.30065    1.27203 +/- 0.01264
       65/1    1.32090    1.27528 +/- 0.01221
       66/1    1.25507    1.27402 +/- 0.01149
       67/1    1.28434    1.27463 +/- 0.01081
       68/1    1.22461    1.27185 +/- 0.01056
       69/1    1.28306    1.27244 +/- 0.01001
       70/1    1.26943    1.27229 +/- 0.00950
       71/1    1.24871    1.27117 +/- 0.00910
       72/1    1.27492    1.27134 +/- 0.00868
       73/1    1.26567    1.27109 +/- 0.00830
       74/1    1.27934    1.27143 +/- 0.00795
       75/1    1.28442    1.27195 +/- 0.00764
       76/1    1.28945    1.27263 +/- 0.00738
       77/1    1.26033    1.27217 +/- 0.00711
       78/1    1.27897    1.27241 +/- 0.00686
       79/1    1.30032    1.27338 +/- 0.00669
       80/1    1.32253    1.27501 +/- 0.00666
       81/1    1.32192    1.27653 +/- 0.00662
       82/1    1.26658    1.27622 +/- 0.00642
       83/1    1.27210    1.27609 +/- 0.00622
       84/1    1.28256    1.27628 +/- 0.00604
       85/1    1.24367    1.27535 +/- 0.00594
       86/1    1.29679    1.27595 +/- 0.00580
       87/1    1.28488    1.27619 +/- 0.00565
       88/1    1.28730    1.27648 +/- 0.00550
       89/1    1.27136    1.27635 +/- 0.00536
       90/1    1.24964    1.27568 +/- 0.00527
       91/1    1.22167    1.27436 +/- 0.00531
       92/1    1.31530    1.27534 +/- 0.00527
       93/1    1.22422    1.27415 +/- 0.00528
       94/1    1.23730    1.27331 +/- 0.00523
       95/1    1.29102    1.27371 +/- 0.00512
       96/1    1.29888    1.27425 +/- 0.00504
       97/1    1.28218    1.27442 +/- 0.00494
       98/1    1.32193    1.27541 +/- 0.00493
       99/1    1.33714    1.27667 +/- 0.00499
      100/1    1.31489    1.27744 +/- 0.00495
      101/1    1.29610    1.27780 +/- 0.00487
      102/1    1.31178    1.27845 +/- 0.00482
      103/1    1.27929    1.27847 +/- 0.00472
      104/1    1.32628    1.27936 +/- 0.00472
      105/1    1.26428    1.27908 +/- 0.00464
      106/1    1.25833    1.27871 +/- 0.00457
      107/1    1.28018    1.27874 +/- 0.00449
      108/1    1.34374    1.27986 +/- 0.00455
      109/1    1.28429    1.27993 +/- 0.00448
      110/1    1.23023    1.27910 +/- 0.00448
      111/1    1.22694    1.27825 +/- 0.00449
      112/1    1.31124    1.27878 +/- 0.00445
      113/1    1.27746    1.27876 +/- 0.00437
      114/1    1.28943    1.27893 +/- 0.00431
      115/1    1.26260    1.27868 +/- 0.00425
      116/1    1.28980    1.27884 +/- 0.00419
      117/1    1.27546    1.27879 +/- 0.00413
      118/1    1.24033    1.27823 +/- 0.00410
      119/1    1.26676    1.27806 +/- 0.00405
      120/1    1.18501    1.27673 +/- 0.00420
      121/1    1.28461    1.27684 +/- 0.00415
      122/1    1.25365    1.27652 +/- 0.00410
      123/1    1.28731    1.27667 +/- 0.00405
      124/1    1.27969    1.27671 +/- 0.00399
      125/1    1.29899    1.27701 +/- 0.00395
      126/1    1.26960    1.27691 +/- 0.00390
      127/1    1.22597    1.27625 +/- 0.00390
      128/1    1.22464    1.27559 +/- 0.00391
      129/1    1.26324    1.27543 +/- 0.00386
      130/1    1.31111    1.27588 +/- 0.00384
      131/1    1.22293    1.27522 +/- 0.00385
      132/1    1.26643    1.27512 +/- 0.00380
      133/1    1.25668    1.27489 +/- 0.00376
      134/1    1.23317    1.27440 +/- 0.00375
      135/1    1.32359    1.27497 +/- 0.00375
      136/1    1.22742    1.27442 +/- 0.00375
      137/1    1.25384    1.27419 +/- 0.00371
      138/1    1.24878    1.27390 +/- 0.00368
      139/1    1.33013    1.27453 +/- 0.00370
      140/1    1.26100    1.27438 +/- 0.00366
      141/1    1.26678    1.27429 +/- 0.00362
      142/1    1.25390    1.27407 +/- 0.00359
      143/1    1.24853    1.27380 +/- 0.00356
      144/1    1.30593    1.27414 +/- 0.00354
      145/1    1.27858    1.27419 +/- 0.00350
      146/1    1.27105    1.27415 +/- 0.00346
      147/1    1.27689    1.27418 +/- 0.00343
      148/1    1.23047    1.27374 +/- 0.00342
      149/1    1.28108    1.27381 +/- 0.00339
      150/1    1.22325    1.27330 +/- 0.00339
 Creating state point statepoint.150.h5...

 =======================>     TIMING STATISTICS     <=======================

 Total time for initialization     = 0.0000e+00 seconds
   Reading cross sections          = 0.0000e+00 seconds
 Total time in simulation          = 5.6233e+00 seconds
   Time in transport only          = 5.5624e+00 seconds
   Time in inactive batches        = 8.9232e-01 seconds
   Time in active batches          = 4.7310e+00 seconds
   Time synchronizing fission bank = 1.6204e-02 seconds
     Sampling source sites         = 1.3922e-02 seconds
     SEND/RECV source sites        = 2.0352e-03 seconds
   Time accumulating tallies       = 2.8350e-02 seconds
   Time writing statepoints        = 4.4015e-03 seconds
 Total time for finalization       = 1.5366e-02 seconds
 Total time elapsed                = 5.6506e+00 seconds
 Calculation Rate (inactive)       = 112067 particles/second
 Calculation Rate (active)         = 42274.2 particles/second

 ============================>     RESULTS     <============================

 k-effective (Collision)     = 1.27226 +/- 0.00261
 k-effective (Track-length)  = 1.27330 +/- 0.00339
 k-effective (Absorption)    = 1.27394 +/- 0.00205
 Combined k-effective        = 1.27343 +/- 0.00185
 Leakage Fraction            = 0.00015 +/- 0.00003

    Finished Solving OpenMC                                                              [[33m  5.65 s[39m] [[33m 1284 MB[39m]
Extracting OpenMC tallies...
[32m Solve Converged![39m

  Finished Solving                                                                       [[33m  5.69 s[39m] [[33m 1284 MB[39m]
[36msolid0: [39m
[36msolid0: [39mTime Step 25, time = 25, dt = 1
[36msolid0: [39m 0 Nonlinear |R| = [32m3.396638e+01[39m
[36msolid0: [39m      0 Linear |R| = [32m3.396638e+01[39m
[36msolid0: [39m      1 Linear |R| = [32m6.513819e+00[39m
[36msolid0: [39m      2 Linear |R| = [32m3.000655e+00[39m
[36msolid0: [39m      3 Linear |R| = [32m1.041047e+00[39m
[36msolid0: [39m      4 Linear |R| = [32m2.178037e-01[39m
[36msolid0: [39m      5 Linear |R| = [32m3.890845e-02[39m
[36msolid0: [39m      6 Linear |R| = [32m8.358134e-03[39m
[36msolid0: [39m      7 Linear |R| = [32m1.390185e-03[39m
[36msolid0: [39m      8 Linear |R| = [32m1.720590e-04[39m
[36msolid0: [39m 1 Nonlinear |R| = [32m4.870284e-04[39m
[36msolid0: [39m      0 Linear |R| = [32m4.870284e-04[39m
[36msolid0: [39m      1 Linear |R| = [32m4.745443e-05[39m
[36msolid0: [39m      2 Linear |R| = [32m2.509188e-05[39m
[36msolid0: [39m      3 Linear |R| = [32m9.521670e-06[39m
[36msolid0: [39m      4 Linear |R| = [32m2.138348e-06[39m
[36msolid0: [39m      5 Linear |R| = [32m4.014714e-07[39m
[36msolid0: [39m      6 Linear |R| = [32m7.957424e-08[39m
[36msolid0: [39m      7 Linear |R| = [32m1.628600e-08[39m
[36msolid0: [39m      8 Linear |R| = [32m4.101166e-09[39m
[36msolid0: [39m 2 Nonlinear |R| = [32m6.073848e-09[39m
[36msolid0: [39m[32m Solve Converged![39m
[36msolid0: [39m
[36msolid0: [39mFinished Solving                                                                 [[33m  7.75 s[39m] [[33m 1284 MB[39m]
[36msolid0: [39m
[36msolid0: [39mPostprocessor Values:
[36msolid0: [39m+----------------+----------------+---------------------------+----------------+----------------+----------------+----------------+
[36msolid0: [39m| time           | avg_fuel_T     | conduction_power_integral | max_T_wall_send| max_clad_T     | max_fuel_T     | min_T_wall_send|
[36msolid0: [39m+----------------+----------------+---------------------------+----------------+----------------+----------------+----------------+
[36msolid0: [39m:                :                :                           :                :                :                :                :
[36msolid0: [39m|   1.100000e+01 |   1.406463e+03 |              8.549444e+05 |   6.397755e+02 |   7.597272e+02 |   2.582900e+03 |   6.067605e+02 |
[36msolid0: [39m|   1.200000e+01 |   1.424070e+03 |              8.549444e+05 |   6.393915e+02 |   7.613982e+02 |   2.629024e+03 |   6.069612e+02 |
[36msolid0: [39m|   1.300000e+01 |   1.437618e+03 |              8.549444e+05 |   6.392046e+02 |   7.623323e+02 |   2.659306e+03 |   6.070022e+02 |
[36msolid0: [39m|   1.400000e+01 |   1.448038e+03 |              8.549444e+05 |   6.391765e+02 |   7.621235e+02 |   2.682551e+03 |   6.071461e+02 |
[36msolid0: [39m|   1.500000e+01 |   1.456080e+03 |              8.549444e+05 |   6.392419e+02 |   7.632614e+02 |   2.706766e+03 |   6.072024e+02 |
[36msolid0: [39m|   1.600000e+01 |   1.462292e+03 |              8.549444e+05 |   6.393285e+02 |   7.644213e+02 |   2.723379e+03 |   6.070723e+02 |
[36msolid0: [39m|   1.700000e+01 |   1.467076e+03 |              8.549444e+05 |   6.393247e+02 |   7.641653e+02 |   2.736161e+03 |   6.071097e+02 |
[36msolid0: [39m|   1.800000e+01 |   1.470764e+03 |              8.549444e+05 |   6.391481e+02 |   7.647459e+02 |   2.744224e+03 |   6.071891e+02 |
[36msolid0: [39m|   1.900000e+01 |   1.473618e+03 |              8.549444e+05 |   6.391349e+02 |   7.645929e+02 |   2.746754e+03 |   6.071270e+02 |
[36msolid0: [39m|   2.000000e+01 |   1.475808e+03 |              8.549444e+05 |   6.391715e+02 |   7.647284e+02 |   2.753831e+03 |   6.070795e+02 |
[36msolid0: [39m|   2.100000e+01 |   1.477526e+03 |              8.549444e+05 |   6.393197e+02 |   7.650222e+02 |   2.762492e+03 |   6.069926e+02 |
[36msolid0: [39m|   2.200000e+01 |   1.478866e+03 |              8.549444e+05 |   6.391906e+02 |   7.652565e+02 |   2.771902e+03 |   6.070428e+02 |
[36msolid0: [39m|   2.300000e+01 |   1.479925e+03 |              8.549444e+05 |   6.391750e+02 |   7.657974e+02 |   2.778061e+03 |   6.069502e+02 |
[36msolid0: [39m|   2.400000e+01 |   1.480752e+03 |              8.549444e+05 |   6.392829e+02 |   7.655955e+02 |   2.783121e+03 |   6.069818e+02 |
[36msolid0: [39m|   2.500000e+01 |   1.481398e+03 |              8.549444e+05 |   6.392815e+02 |   7.658099e+02 |   2.786404e+03 |   6.069606e+02 |
[36msolid0: [39m+----------------+----------------+---------------------------+----------------+----------------+----------------+----------------+
[36msolid0: [39m
[36msolid0: [39m
[36msolid0: [39mPostprocessor Values:
[36msolid0: [39m+----------------+----------------+---------------------------+----------------+----------------+----------------+----------------+
[36msolid0: [39m| time           | avg_fuel_T     | conduction_power_integral | max_T_wall_send| max_clad_T     | max_fuel_T     | min_T_wall_send|
[36msolid0: [39m+----------------+----------------+---------------------------+----------------+----------------+----------------+----------------+
[36msolid0: [39m:                :                :                           :                :                :                :                :
[36msolid0: [39m|   1.100000e+01 |   1.406463e+03 |              8.549444e+05 |   6.397755e+02 |   7.597272e+02 |   2.582900e+03 |   6.067605e+02 |
[36msolid0: [39m|   1.200000e+01 |   1.424070e+03 |              8.549444e+05 |   6.393915e+02 |   7.613982e+02 |   2.629024e+03 |   6.069612e+02 |
[36msolid0: [39m|   1.300000e+01 |   1.437618e+03 |              8.549444e+05 |   6.392046e+02 |   7.623323e+02 |   2.659306e+03 |   6.070022e+02 |
[36msolid0: [39m|   1.400000e+01 |   1.448038e+03 |              8.549444e+05 |   6.391765e+02 |   7.621235e+02 |   2.682551e+03 |   6.071461e+02 |
[36msolid0: [39m|   1.500000e+01 |   1.456080e+03 |              8.549444e+05 |   6.392419e+02 |   7.632614e+02 |   2.706766e+03 |   6.072024e+02 |
[36msolid0: [39m|   1.600000e+01 |   1.462292e+03 |              8.549444e+05 |   6.393285e+02 |   7.644213e+02 |   2.723379e+03 |   6.070723e+02 |
[36msolid0: [39m|   1.700000e+01 |   1.467076e+03 |              8.549444e+05 |   6.393247e+02 |   7.641653e+02 |   2.736161e+03 |   6.071097e+02 |
[36msolid0: [39m|   1.800000e+01 |   1.470764e+03 |              8.549444e+05 |   6.391481e+02 |   7.647459e+02 |   2.744224e+03 |   6.071891e+02 |
[36msolid0: [39m|   1.900000e+01 |   1.473618e+03 |              8.549444e+05 |   6.391349e+02 |   7.645929e+02 |   2.746754e+03 |   6.071270e+02 |
[36msolid0: [39m|   2.000000e+01 |   1.475808e+03 |              8.549444e+05 |   6.391715e+02 |   7.647284e+02 |   2.753831e+03 |   6.070795e+02 |
[36msolid0: [39m|   2.100000e+01 |   1.477526e+03 |              8.549444e+05 |   6.393197e+02 |   7.650222e+02 |   2.762492e+03 |   6.069926e+02 |
[36msolid0: [39m|   2.200000e+01 |   1.478866e+03 |              8.549444e+05 |   6.391906e+02 |   7.652565e+02 |   2.771902e+03 |   6.070428e+02 |
[36msolid0: [39m|   2.300000e+01 |   1.479925e+03 |              8.549444e+05 |   6.391750e+02 |   7.657974e+02 |   2.778061e+03 |   6.069502e+02 |
[36msolid0: [39m|   2.400000e+01 |   1.480752e+03 |              8.549444e+05 |   6.392829e+02 |   7.655955e+02 |   2.783121e+03 |   6.069818e+02 |
[36msolid0: [39m|   2.500000e+01 |   1.481398e+03 |              8.549444e+05 |   6.392815e+02 |   7.658099e+02 |   2.786404e+03 |   6.069606e+02 |
[36msolid0: [39m+----------------+----------------+---------------------------+----------------+----------------+----------------+----------------+
[36msolid0: [39m
    Finished Executing MultiApps                                                         [[33m  8.28 s[39m] [[33m 1284 MB[39m]
  Finished Executing MultiApps                                                           [[33m  8.28 s[39m] [[33m 1284 MB[39m]

Postprocessor Values:
+----------------+----------------+----------------+----------------+----------------+----------------+----------------+
| time           | avg_coolant_T  | avg_coolant_rho| k              | k_std_dev      | max_coolant_T  | max_coolant_rho|
+----------------+----------------+----------------+----------------+----------------+----------------+----------------+
:                :                :                :                :                :                :                :
|   1.100000e+01 |   5.852661e+02 |   6.982511e+02 |   1.277583e+00 |   2.132238e-03 |   6.013526e+02 |   7.495874e+02 |
|   1.200000e+01 |   5.852170e+02 |   6.983632e+02 |   1.274756e+00 |   1.935365e-03 |   6.013825e+02 |   7.496185e+02 |
|   1.300000e+01 |   5.852097e+02 |   6.983833e+02 |   1.277850e+00 |   2.030448e-03 |   6.013711e+02 |   7.496207e+02 |
|   1.400000e+01 |   5.851663e+02 |   6.984783e+02 |   1.274109e+00 |   1.902236e-03 |   6.013927e+02 |   7.496271e+02 |
|   1.500000e+01 |   5.851739e+02 |   6.984654e+02 |   1.275514e+00 |   1.836360e-03 |   6.013699e+02 |   7.496123e+02 |
|   1.600000e+01 |   5.852276e+02 |   6.983434e+02 |   1.275424e+00 |   2.289116e-03 |   6.013516e+02 |   7.496003e+02 |
|   1.700000e+01 |   5.852161e+02 |   6.983661e+02 |   1.273490e+00 |   2.223190e-03 |   6.013723e+02 |   7.496074e+02 |
|   1.800000e+01 |   5.852119e+02 |   6.983807e+02 |   1.275776e+00 |   2.085837e-03 |   6.013657e+02 |   7.495985e+02 |
|   1.900000e+01 |   5.852046e+02 |   6.983960e+02 |   1.274887e+00 |   1.954345e-03 |   6.013646e+02 |   7.496089e+02 |
|   2.000000e+01 |   5.851829e+02 |   6.984435e+02 |   1.279635e+00 |   2.000243e-03 |   6.013633e+02 |   7.496112e+02 |
|   2.100000e+01 |   5.852151e+02 |   6.983738e+02 |   1.276268e+00 |   2.218536e-03 |   6.013390e+02 |   7.495902e+02 |
|   2.200000e+01 |   5.852490e+02 |   6.982982e+02 |   1.277853e+00 |   1.879232e-03 |   6.013384e+02 |   7.495757e+02 |
|   2.300000e+01 |   5.852962e+02 |   6.981875e+02 |   1.276895e+00 |   1.854150e-03 |   6.013325e+02 |   7.495545e+02 |
|   2.400000e+01 |   5.852961e+02 |   6.981834e+02 |   1.272076e+00 |   1.908804e-03 |   6.013496e+02 |   7.495563e+02 |
|   2.500000e+01 |   5.853114e+02 |   6.981486e+02 |   1.273433e+00 |   1.853444e-03 |   6.013440e+02 |   7.495523e+02 |
+----------------+----------------+----------------+----------------+----------------+----------------+----------------+
+----------------+----------------+----------------+-----------------------+
| time           | min_coolant_T  | min_coolant_rho| openmc_power_integral |
+----------------+----------------+----------------+-----------------------+
:                :                :                :                       :
|   1.100000e+01 |   5.615450e+02 |   6.577872e+02 |          8.549444e+05 |
|   1.200000e+01 |   5.615282e+02 |   6.576971e+02 |          8.549444e+05 |
|   1.300000e+01 |   5.615270e+02 |   6.577315e+02 |          8.549444e+05 |
|   1.400000e+01 |   5.615235e+02 |   6.576664e+02 |          8.549444e+05 |
|   1.500000e+01 |   5.615315e+02 |   6.577350e+02 |          8.549444e+05 |
|   1.600000e+01 |   5.615380e+02 |   6.577901e+02 |          8.549444e+05 |
|   1.700000e+01 |   5.615342e+02 |   6.577278e+02 |          8.549444e+05 |
|   1.800000e+01 |   5.615390e+02 |   6.577476e+02 |          8.549444e+05 |
|   1.900000e+01 |   5.615333e+02 |   6.577510e+02 |          8.549444e+05 |
|   2.000000e+01 |   5.615321e+02 |   6.577549e+02 |          8.549444e+05 |
|   2.100000e+01 |   5.615434e+02 |   6.578280e+02 |          8.549444e+05 |
|   2.200000e+01 |   5.615513e+02 |   6.578298e+02 |          8.549444e+05 |
|   2.300000e+01 |   5.615627e+02 |   6.578478e+02 |          8.549444e+05 |
|   2.400000e+01 |   5.615618e+02 |   6.577962e+02 |          8.549444e+05 |
|   2.500000e+01 |   5.615639e+02 |   6.578129e+02 |          8.549444e+05 |
+----------------+----------------+----------------+-----------------------+


Time Step 26, time = 26, dt = 1
[36msub_channel0: [39m
[36msub_channel0: [39mTime Step 0, time = 0
[36msub_channel0: [39m
[36msub_channel0: [39mTime Step 1, time = 1, dt = 1
[36msub_channel0: [39mExecuting subchannel solver
[36msub_channel0: [39mSolution initialized
[36msub_channel0: [39mSolving Outer Iteration : 1
[36msub_channel0: [39mSolving Block: 0 From first level: 1 to last level: 60
[36msub_channel0: [39mBlock: 0 - Enthalpy conservation matrix assembled
[36msub_channel0: [39mStart updating thermophysical properties.
[36msub_channel0: [39mDone updating thermophysical properties.
[36msub_channel0: [39mT_block_error: 1.48453e-05
[36msub_channel0: [39mBlock: 0 - Enthalpy conservation matrix assembled
[36msub_channel0: [39mStart updating thermophysical properties.
[36msub_channel0: [39mDone updating thermophysical properties.
[36msub_channel0: [39mT_block_error: 1.15904e-07
[36msub_channel0: [39mP_error :2.08402e-07
[36msub_channel0: [39mIteration:  1
[36msub_channel0: [39mMaximum iterations: 5
[36msub_channel0: [39mFinished executing subchannel solver
[36msub_channel0: [39mCommencing calculation of Pin surface temperature 
[36msub_channel0: [39m ======================================= 
[36msub_channel0: [39m ======== Subchannel Print Outs ======== 
[36msub_channel0: [39m ======================================= 
[36msub_channel0: [39mTotal flow area :0.000984685 m^2
[36msub_channel0: [39mAssembly hydraulic diameter :0.00943815 m
[36msub_channel0: [39mAssembly Re number :382270 [-]
[36msub_channel0: [39mBulk coolant temperature at outlet :599.781 K
[36msub_channel0: [39mPower added to coolant is : 847746 Watt
[36msub_channel0: [39mMass flow rate in is : 3.7418 kg/sec
[36msub_channel0: [39mMass balance is : -5.34596e-05 kg/sec
[36msub_channel0: [39mUser defined outlet pressure is : 1.57e+07 Pa
[36msub_channel0: [39m ======================================= 
[36msub_channel0: [39m[32m Solve Converged![39m
[36msub_channel0: [39m
[36msub_channel0_viz0: [39m
[36msub_channel0_viz0: [39mPostprocessor Values:
[36msub_channel0_viz0: [39m+----------------+----------------+----------------+----------------+
[36msub_channel0_viz0: [39m| time           | avg_coolant_T  | max_T_fluid    | min_T_fluid    |
[36msub_channel0_viz0: [39m+----------------+----------------+----------------+----------------+
[36msub_channel0_viz0: [39m|   0.000000e+00 |   5.847047e+02 |   6.014764e+02 |   5.603876e+02 |
[36msub_channel0_viz0: [39m+----------------+----------------+----------------+----------------+
[36msub_channel0_viz0: [39m
[36msub_channel0_viz0: [39m[32m Solve Converged![39m
[36msub_channel0_viz0: [39m
[36msub_channel0_viz0: [39m
[36msub_channel0_viz0: [39mPostprocessor Values:
[36msub_channel0_viz0: [39m+----------------+----------------+----------------+----------------+
[36msub_channel0_viz0: [39m| time           | avg_coolant_T  | max_T_fluid    | min_T_fluid    |
[36msub_channel0_viz0: [39m+----------------+----------------+----------------+----------------+
[36msub_channel0_viz0: [39m|   0.000000e+00 |   5.847047e+02 |   6.014764e+02 |   5.603876e+02 |
[36msub_channel0_viz0: [39m|   1.000000e+00 |   5.846954e+02 |   6.014824e+02 |   5.603876e+02 |
[36msub_channel0_viz0: [39m+----------------+----------------+----------------+----------------+
[36msub_channel0_viz0: [39m
Sending temperature to OpenMC cells... 
Setting cell id 13, instance 0 (of 9) [1 contained cells] to temperature (K): 1615.14
Setting cell id 13, instance 1 (of 9) [1 contained cells] to temperature (K): 1614.51
Setting cell id 13, instance 2 (of 9) [1 contained cells] to temperature (K): 1613.75
Setting cell id 13, instance 3 (of 9) [1 contained cells] to temperature (K): 1614.2
Setting cell id 13, instance 4 (of 9) [1 contained cells] to temperature (K): 1614.17
Setting cell id 13, instance 5 (of 9) [1 contained cells] to temperature (K): 1616.11
Setting cell id 13, instance 6 (of 9) [1 contained cells] to temperature (K): 1614.29
Setting cell id 13, instance 7 (of 9) [1 contained cells] to temperature (K): 1616.77
Setting cell id 13, instance 8 (of 9) [1 contained cells] to temperature (K): 1617.42
Setting cell id 14, instance 0 (of 9) [1 contained cells] to temperature (K): 731.856
Setting cell id 14, instance 1 (of 9) [1 contained cells] to temperature (K): 732.705
Setting cell id 14, instance 2 (of 9) [1 contained cells] to temperature (K): 731.594
Setting cell id 14, instance 3 (of 9) [1 contained cells] to temperature (K): 732.556
Setting cell id 14, instance 4 (of 9) [1 contained cells] to temperature (K): 733.592
Setting cell id 14, instance 5 (of 9) [1 contained cells] to temperature (K): 732.894
Setting cell id 14, instance 6 (of 9) [1 contained cells] to temperature (K): 731.54
Setting cell id 14, instance 7 (of 9) [1 contained cells] to temperature (K): 733.047
Setting cell id 14, instance 8 (of 9) [1 contained cells] to temperature (K): 732.464
Setting cell id 16, instance 0 (of 9) [1 contained cells] to temperature (K): 584.536
Setting cell id 16, instance 1 (of 9) [1 contained cells] to temperature (K): 585.645
Setting cell id 16, instance 2 (of 9) [1 contained cells] to temperature (K): 584.538
Setting cell id 16, instance 3 (of 9) [1 contained cells] to temperature (K): 585.635
Setting cell id 16, instance 4 (of 9) [1 contained cells] to temperature (K): 586.892
Setting cell id 16, instance 5 (of 9) [1 contained cells] to temperature (K): 585.671
Setting cell id 16, instance 6 (of 9) [1 contained cells] to temperature (K): 584.531
Setting cell id 16, instance 7 (of 9) [1 contained cells] to temperature (K): 585.67
Setting cell id 16, instance 8 (of 9) [1 contained cells] to temperature (K): 584.594
Sending density to OpenMC cells... 
Setting cell id 16, instance 0 (of 9) to density (kg/m3): 700.069
Setting cell id 16, instance 1 (of 9) to density (kg/m3): 697.328
Setting cell id 16, instance 2 (of 9) to density (kg/m3): 700.069
Setting cell id 16, instance 3 (of 9) to density (kg/m3): 697.351
Setting cell id 16, instance 4 (of 9) to density (kg/m3): 694.196
Setting cell id 16, instance 5 (of 9) to density (kg/m3): 697.263
Setting cell id 16, instance 6 (of 9) to density (kg/m3): 700.085
Setting cell id 16, instance 7 (of 9) to density (kg/m3): 697.265
Setting cell id 16, instance 8 (of 9) to density (kg/m3): 699.926
 Running OpenMC with 2000 particles per batch...
 Maximum neutron transport energy: 20000000 eV for O17
 Initializing source particles...

 ====================>     K EIGENVALUE SIMULATION     <====================

  Bat./Gen.      k            Average k
  =========   ========   ====================
        1/1    1.32640
        2/1    1.23749
        3/1    1.26795
        4/1    1.26835
        5/1    1.24771
        6/1    1.32483
        7/1    1.23337
        8/1    1.28089
        9/1    1.24615
       10/1    1.29479
       11/1    1.26400
       12/1    1.28605
       13/1    1.24871
       14/1    1.19576
       15/1    1.27544
       16/1    1.26938
       17/1    1.28828
       18/1    1.30958
       19/1    1.27839
       20/1    1.22670
       21/1    1.27985
       22/1    1.27747
       23/1    1.35578
       24/1    1.34252
       25/1    1.23212
       26/1    1.31142
       27/1    1.29498
       28/1    1.26991
       29/1    1.18892
       30/1    1.30755
       31/1    1.28089
       32/1    1.28699
       33/1    1.34861
       34/1    1.31063
       35/1    1.34627
       36/1    1.26432
       37/1    1.32628
       38/1    1.33353
       39/1    1.25139
       40/1    1.29452
       41/1    1.28604
       42/1    1.29484
       43/1    1.30155
       44/1    1.30224
       45/1    1.28630
       46/1    1.27155
       47/1    1.22736
       48/1    1.28732
       49/1    1.25524
       50/1    1.29414
       51/1    1.28830
       52/1    1.27485    1.28157 +/- 0.00672
       53/1    1.25283    1.27199 +/- 0.01034
       54/1    1.27225    1.27206 +/- 0.00731
       55/1    1.23008    1.26366 +/- 0.01013
       56/1    1.25340    1.26195 +/- 0.00844
       57/1    1.20918    1.25441 +/- 0.01038
       58/1    1.30109    1.26025 +/- 0.01072
       59/1    1.26850    1.26116 +/- 0.00950
       60/1    1.31064    1.26611 +/- 0.00983
       61/1    1.33983    1.27281 +/- 0.01113
       62/1    1.27185    1.27273 +/- 0.01016
       63/1    1.21202    1.26806 +/- 0.01045
       64/1    1.28256    1.26910 +/- 0.00973
       65/1    1.24508    1.26750 +/- 0.00920
       66/1    1.29486    1.26921 +/- 0.00877
       67/1    1.26211    1.26879 +/- 0.00825
       68/1    1.28644    1.26977 +/- 0.00784
       69/1    1.23372    1.26787 +/- 0.00766
       70/1    1.24728    1.26684 +/- 0.00734
       71/1    1.24538    1.26582 +/- 0.00705
       72/1    1.18754    1.26226 +/- 0.00761
       73/1    1.29551    1.26371 +/- 0.00741
       74/1    1.29577    1.26505 +/- 0.00722
       75/1    1.25349    1.26458 +/- 0.00694
       76/1    1.27238    1.26488 +/- 0.00668
       77/1    1.26546    1.26490 +/- 0.00642
       78/1    1.34053    1.26761 +/- 0.00675
       79/1    1.27183    1.26775 +/- 0.00652
       80/1    1.30291    1.26892 +/- 0.00641
       81/1    1.25936    1.26861 +/- 0.00620
       82/1    1.31532    1.27007 +/- 0.00618
       83/1    1.26232    1.26984 +/- 0.00600
       84/1    1.26120    1.26958 +/- 0.00582
       85/1    1.30047    1.27047 +/- 0.00572
       86/1    1.29851    1.27125 +/- 0.00561
       87/1    1.26752    1.27115 +/- 0.00546
       88/1    1.28188    1.27143 +/- 0.00532
       89/1    1.25429    1.27099 +/- 0.00520
       90/1    1.27813    1.27117 +/- 0.00508
       91/1    1.23316    1.27024 +/- 0.00504
       92/1    1.26359    1.27008 +/- 0.00492
       93/1    1.28286    1.27038 +/- 0.00481
       94/1    1.26821    1.27033 +/- 0.00470
       95/1    1.28894    1.27074 +/- 0.00461
       96/1    1.30211    1.27143 +/- 0.00456
       97/1    1.24474    1.27086 +/- 0.00450
       98/1    1.29322    1.27132 +/- 0.00443
       99/1    1.27627    1.27142 +/- 0.00434
      100/1    1.30386    1.27207 +/- 0.00430
      101/1    1.23242    1.27130 +/- 0.00429
      102/1    1.21038    1.27012 +/- 0.00436
      103/1    1.29336    1.27056 +/- 0.00430
      104/1    1.25226    1.27022 +/- 0.00424
      105/1    1.27562    1.27032 +/- 0.00416
      106/1    1.31583    1.27113 +/- 0.00417
      107/1    1.29457    1.27155 +/- 0.00411
      108/1    1.30263    1.27208 +/- 0.00408
      109/1    1.19618    1.27079 +/- 0.00421
      110/1    1.32063    1.27163 +/- 0.00422
      111/1    1.30428    1.27216 +/- 0.00418
      112/1    1.30618    1.27271 +/- 0.00415
      113/1    1.25404    1.27241 +/- 0.00410
      114/1    1.20558    1.27137 +/- 0.00417
      115/1    1.29800    1.27178 +/- 0.00412
      116/1    1.26565    1.27169 +/- 0.00406
      117/1    1.23814    1.27118 +/- 0.00403
      118/1    1.27386    1.27122 +/- 0.00397
      119/1    1.29362    1.27155 +/- 0.00393
      120/1    1.30489    1.27203 +/- 0.00390
      121/1    1.31551    1.27264 +/- 0.00389
      122/1    1.25445    1.27238 +/- 0.00385
      123/1    1.26825    1.27233 +/- 0.00379
      124/1    1.29741    1.27267 +/- 0.00376
      125/1    1.23521    1.27217 +/- 0.00374
      126/1    1.21439    1.27141 +/- 0.00377
      127/1    1.28563    1.27159 +/- 0.00372
      128/1    1.27637    1.27165 +/- 0.00368
      129/1    1.29022    1.27189 +/- 0.00364
      130/1    1.27901    1.27198 +/- 0.00359
      131/1    1.30702    1.27241 +/- 0.00357
      132/1    1.26384    1.27231 +/- 0.00353
      133/1    1.32303    1.27292 +/- 0.00354
      134/1    1.28032    1.27300 +/- 0.00350
      135/1    1.31449    1.27349 +/- 0.00349
      136/1    1.23760    1.27308 +/- 0.00348
      137/1    1.28678    1.27323 +/- 0.00344
      138/1    1.30974    1.27365 +/- 0.00343
      139/1    1.27857    1.27370 +/- 0.00339
      140/1    1.30361    1.27404 +/- 0.00337
      141/1    1.23728    1.27363 +/- 0.00335
      142/1    1.26755    1.27357 +/- 0.00332
      143/1    1.25992    1.27342 +/- 0.00329
      144/1    1.26487    1.27333 +/- 0.00325
      145/1    1.27063    1.27330 +/- 0.00322
      146/1    1.28329    1.27340 +/- 0.00319
      147/1    1.31077    1.27379 +/- 0.00318
      148/1    1.32479    1.27431 +/- 0.00319
      149/1    1.24008    1.27396 +/- 0.00317
      150/1    1.23526    1.27358 +/- 0.00316
 Creating state point statepoint.150.h5...

 =======================>     TIMING STATISTICS     <=======================

 Total time for initialization     = 0.0000e+00 seconds
   Reading cross sections          = 0.0000e+00 seconds
 Total time in simulation          = 5.6107e+00 seconds
   Time in transport only          = 5.5452e+00 seconds
   Time in inactive batches        = 9.0464e-01 seconds
   Time in active batches          = 4.7061e+00 seconds
   Time synchronizing fission bank = 1.7501e-02 seconds
     Sampling source sites         = 1.4887e-02 seconds
     SEND/RECV source sites        = 2.3391e-03 seconds
   Time accumulating tallies       = 2.9859e-02 seconds
   Time writing statepoints        = 5.1022e-03 seconds
 Total time for finalization       = 1.9112e-02 seconds
 Total time elapsed                = 5.6418e+00 seconds
 Calculation Rate (inactive)       = 110541 particles/second
 Calculation Rate (active)         = 42498.1 particles/second

 ============================>     RESULTS     <============================

 k-effective (Collision)     = 1.27376 +/- 0.00259
 k-effective (Track-length)  = 1.27358 +/- 0.00316
 k-effective (Absorption)    = 1.27536 +/- 0.00238
 Combined k-effective        = 1.27466 +/- 0.00206
 Leakage Fraction            = 0.00011 +/- 0.00002

Extracting OpenMC tallies...
    Finished Solving OpenMC                                                              [[33m  5.64 s[39m] [[33m 1297 MB[39m]
[32m Solve Converged![39m

  Finished Solving                                                                       [[33m  5.69 s[39m] [[33m 1297 MB[39m]
[36msolid0: [39m
[36msolid0: [39mTime Step 26, time = 26, dt = 1
[36msolid0: [39m 0 Nonlinear |R| = [32m3.033567e+01[39m
[36msolid0: [39m      0 Linear |R| = [32m3.033567e+01[39m
[36msolid0: [39m      1 Linear |R| = [32m4.994693e+00[39m
[36msolid0: [39m      2 Linear |R| = [32m2.251156e+00[39m
[36msolid0: [39m      3 Linear |R| = [32m8.607852e-01[39m
[36msolid0: [39m      4 Linear |R| = [32m2.023929e-01[39m
[36msolid0: [39m      5 Linear |R| = [32m3.570333e-02[39m
[36msolid0: [39m      6 Linear |R| = [32m7.284943e-03[39m
[36msolid0: [39m      7 Linear |R| = [32m1.226884e-03[39m
[36msolid0: [39m      8 Linear |R| = [32m1.572201e-04[39m
[36msolid0: [39m 1 Nonlinear |R| = [32m3.749611e-04[39m
[36msolid0: [39m      0 Linear |R| = [32m3.749611e-04[39m
[36msolid0: [39m      1 Linear |R| = [32m4.546135e-05[39m
[36msolid0: [39m      2 Linear |R| = [32m2.411324e-05[39m
[36msolid0: [39m      3 Linear |R| = [32m8.987570e-06[39m
[36msolid0: [39m      4 Linear |R| = [32m1.956743e-06[39m
[36msolid0: [39m      5 Linear |R| = [32m3.624590e-07[39m
[36msolid0: [39m      6 Linear |R| = [32m7.212209e-08[39m
[36msolid0: [39m      7 Linear |R| = [32m1.514622e-08[39m
[36msolid0: [39m      8 Linear |R| = [32m3.856988e-09[39m
[36msolid0: [39m      9 Linear |R| = [32m1.981767e-09[39m
[36msolid0: [39m 2 Nonlinear |R| = [32m4.768773e-09[39m
[36msolid0: [39m[32m Solve Converged![39m
[36msolid0: [39m
[36msolid0: [39mFinished Solving                                                                 [[33m  8.31 s[39m] [[33m 1323 MB[39m]
[36msolid0: [39m
[36msolid0: [39mPostprocessor Values:
[36msolid0: [39m+----------------+----------------+---------------------------+----------------+----------------+----------------+----------------+
[36msolid0: [39m| time           | avg_fuel_T     | conduction_power_integral | max_T_wall_send| max_clad_T     | max_fuel_T     | min_T_wall_send|
[36msolid0: [39m+----------------+----------------+---------------------------+----------------+----------------+----------------+----------------+
[36msolid0: [39m:                :                :                           :                :                :                :                :
[36msolid0: [39m|   1.200000e+01 |   1.424070e+03 |              8.549444e+05 |   6.393915e+02 |   7.613982e+02 |   2.629024e+03 |   6.069612e+02 |
[36msolid0: [39m|   1.300000e+01 |   1.437618e+03 |              8.549444e+05 |   6.392046e+02 |   7.623323e+02 |   2.659306e+03 |   6.070022e+02 |
[36msolid0: [39m|   1.400000e+01 |   1.448038e+03 |              8.549444e+05 |   6.391765e+02 |   7.621235e+02 |   2.682551e+03 |   6.071461e+02 |
[36msolid0: [39m|   1.500000e+01 |   1.456080e+03 |              8.549444e+05 |   6.392419e+02 |   7.632614e+02 |   2.706766e+03 |   6.072024e+02 |
[36msolid0: [39m|   1.600000e+01 |   1.462292e+03 |              8.549444e+05 |   6.393285e+02 |   7.644213e+02 |   2.723379e+03 |   6.070723e+02 |
[36msolid0: [39m|   1.700000e+01 |   1.467076e+03 |              8.549444e+05 |   6.393247e+02 |   7.641653e+02 |   2.736161e+03 |   6.071097e+02 |
[36msolid0: [39m|   1.800000e+01 |   1.470764e+03 |              8.549444e+05 |   6.391481e+02 |   7.647459e+02 |   2.744224e+03 |   6.071891e+02 |
[36msolid0: [39m|   1.900000e+01 |   1.473618e+03 |              8.549444e+05 |   6.391349e+02 |   7.645929e+02 |   2.746754e+03 |   6.071270e+02 |
[36msolid0: [39m|   2.000000e+01 |   1.475808e+03 |              8.549444e+05 |   6.391715e+02 |   7.647284e+02 |   2.753831e+03 |   6.070795e+02 |
[36msolid0: [39m|   2.100000e+01 |   1.477526e+03 |              8.549444e+05 |   6.393197e+02 |   7.650222e+02 |   2.762492e+03 |   6.069926e+02 |
[36msolid0: [39m|   2.200000e+01 |   1.478866e+03 |              8.549444e+05 |   6.391906e+02 |   7.652565e+02 |   2.771902e+03 |   6.070428e+02 |
[36msolid0: [39m|   2.300000e+01 |   1.479925e+03 |              8.549444e+05 |   6.391750e+02 |   7.657974e+02 |   2.778061e+03 |   6.069502e+02 |
[36msolid0: [39m|   2.400000e+01 |   1.480752e+03 |              8.549444e+05 |   6.392829e+02 |   7.655955e+02 |   2.783121e+03 |   6.069818e+02 |
[36msolid0: [39m|   2.500000e+01 |   1.481398e+03 |              8.549444e+05 |   6.392815e+02 |   7.658099e+02 |   2.786404e+03 |   6.069606e+02 |
[36msolid0: [39m|   2.600000e+01 |   1.481891e+03 |              8.549444e+05 |   6.390850e+02 |   7.662864e+02 |   2.789356e+03 |   6.070575e+02 |
[36msolid0: [39m+----------------+----------------+---------------------------+----------------+----------------+----------------+----------------+
[36msolid0: [39m
[36msolid0: [39m
[36msolid0: [39mPostprocessor Values:
[36msolid0: [39m+----------------+----------------+---------------------------+----------------+----------------+----------------+----------------+
[36msolid0: [39m| time           | avg_fuel_T     | conduction_power_integral | max_T_wall_send| max_clad_T     | max_fuel_T     | min_T_wall_send|
[36msolid0: [39m+----------------+----------------+---------------------------+----------------+----------------+----------------+----------------+
[36msolid0: [39m:                :                :                           :                :                :                :                :
[36msolid0: [39m|   1.200000e+01 |   1.424070e+03 |              8.549444e+05 |   6.393915e+02 |   7.613982e+02 |   2.629024e+03 |   6.069612e+02 |
[36msolid0: [39m|   1.300000e+01 |   1.437618e+03 |              8.549444e+05 |   6.392046e+02 |   7.623323e+02 |   2.659306e+03 |   6.070022e+02 |
[36msolid0: [39m|   1.400000e+01 |   1.448038e+03 |              8.549444e+05 |   6.391765e+02 |   7.621235e+02 |   2.682551e+03 |   6.071461e+02 |
[36msolid0: [39m|   1.500000e+01 |   1.456080e+03 |              8.549444e+05 |   6.392419e+02 |   7.632614e+02 |   2.706766e+03 |   6.072024e+02 |
[36msolid0: [39m|   1.600000e+01 |   1.462292e+03 |              8.549444e+05 |   6.393285e+02 |   7.644213e+02 |   2.723379e+03 |   6.070723e+02 |
[36msolid0: [39m|   1.700000e+01 |   1.467076e+03 |              8.549444e+05 |   6.393247e+02 |   7.641653e+02 |   2.736161e+03 |   6.071097e+02 |
[36msolid0: [39m|   1.800000e+01 |   1.470764e+03 |              8.549444e+05 |   6.391481e+02 |   7.647459e+02 |   2.744224e+03 |   6.071891e+02 |
[36msolid0: [39m|   1.900000e+01 |   1.473618e+03 |              8.549444e+05 |   6.391349e+02 |   7.645929e+02 |   2.746754e+03 |   6.071270e+02 |
[36msolid0: [39m|   2.000000e+01 |   1.475808e+03 |              8.549444e+05 |   6.391715e+02 |   7.647284e+02 |   2.753831e+03 |   6.070795e+02 |
[36msolid0: [39m|   2.100000e+01 |   1.477526e+03 |              8.549444e+05 |   6.393197e+02 |   7.650222e+02 |   2.762492e+03 |   6.069926e+02 |
[36msolid0: [39m|   2.200000e+01 |   1.478866e+03 |              8.549444e+05 |   6.391906e+02 |   7.652565e+02 |   2.771902e+03 |   6.070428e+02 |
[36msolid0: [39m|   2.300000e+01 |   1.479925e+03 |              8.549444e+05 |   6.391750e+02 |   7.657974e+02 |   2.778061e+03 |   6.069502e+02 |
[36msolid0: [39m|   2.400000e+01 |   1.480752e+03 |              8.549444e+05 |   6.392829e+02 |   7.655955e+02 |   2.783121e+03 |   6.069818e+02 |
[36msolid0: [39m|   2.500000e+01 |   1.481398e+03 |              8.549444e+05 |   6.392815e+02 |   7.658099e+02 |   2.786404e+03 |   6.069606e+02 |
[36msolid0: [39m|   2.600000e+01 |   1.481891e+03 |              8.549444e+05 |   6.390850e+02 |   7.662864e+02 |   2.789356e+03 |   6.070575e+02 |
[36msolid0: [39m+----------------+----------------+---------------------------+----------------+----------------+----------------+----------------+
[36msolid0: [39m
    Finished Executing MultiApps                                                         [[33m  8.84 s[39m] [[33m 1323 MB[39m]
  Finished Executing MultiApps                                                           [[33m  8.84 s[39m] [[33m 1323 MB[39m]

Postprocessor Values:
+----------------+----------------+----------------+----------------+----------------+----------------+----------------+
| time           | avg_coolant_T  | avg_coolant_rho| k              | k_std_dev      | max_coolant_T  | max_coolant_rho|
+----------------+----------------+----------------+----------------+----------------+----------------+----------------+
:                :                :                :                :                :                :                :
|   1.200000e+01 |   5.852170e+02 |   6.983632e+02 |   1.274756e+00 |   1.935365e-03 |   6.013825e+02 |   7.496185e+02 |
|   1.300000e+01 |   5.852097e+02 |   6.983833e+02 |   1.277850e+00 |   2.030448e-03 |   6.013711e+02 |   7.496207e+02 |
|   1.400000e+01 |   5.851663e+02 |   6.984783e+02 |   1.274109e+00 |   1.902236e-03 |   6.013927e+02 |   7.496271e+02 |
|   1.500000e+01 |   5.851739e+02 |   6.984654e+02 |   1.275514e+00 |   1.836360e-03 |   6.013699e+02 |   7.496123e+02 |
|   1.600000e+01 |   5.852276e+02 |   6.983434e+02 |   1.275424e+00 |   2.289116e-03 |   6.013516e+02 |   7.496003e+02 |
|   1.700000e+01 |   5.852161e+02 |   6.983661e+02 |   1.273490e+00 |   2.223190e-03 |   6.013723e+02 |   7.496074e+02 |
|   1.800000e+01 |   5.852119e+02 |   6.983807e+02 |   1.275776e+00 |   2.085837e-03 |   6.013657e+02 |   7.495985e+02 |
|   1.900000e+01 |   5.852046e+02 |   6.983960e+02 |   1.274887e+00 |   1.954345e-03 |   6.013646e+02 |   7.496089e+02 |
|   2.000000e+01 |   5.851829e+02 |   6.984435e+02 |   1.279635e+00 |   2.000243e-03 |   6.013633e+02 |   7.496112e+02 |
|   2.100000e+01 |   5.852151e+02 |   6.983738e+02 |   1.276268e+00 |   2.218536e-03 |   6.013390e+02 |   7.495902e+02 |
|   2.200000e+01 |   5.852490e+02 |   6.982982e+02 |   1.277853e+00 |   1.879232e-03 |   6.013384e+02 |   7.495757e+02 |
|   2.300000e+01 |   5.852962e+02 |   6.981875e+02 |   1.276895e+00 |   1.854150e-03 |   6.013325e+02 |   7.495545e+02 |
|   2.400000e+01 |   5.852961e+02 |   6.981834e+02 |   1.272076e+00 |   1.908804e-03 |   6.013496e+02 |   7.495563e+02 |
|   2.500000e+01 |   5.853114e+02 |   6.981486e+02 |   1.273433e+00 |   1.853444e-03 |   6.013440e+02 |   7.495523e+02 |
|   2.600000e+01 |   5.853014e+02 |   6.981726e+02 |   1.274657e+00 |   2.055983e-03 |   6.013478e+02 |   7.495526e+02 |
+----------------+----------------+----------------+----------------+----------------+----------------+----------------+
+----------------+----------------+----------------+-----------------------+
| time           | min_coolant_T  | min_coolant_rho| openmc_power_integral |
+----------------+----------------+----------------+-----------------------+
:                :                :                :                       :
|   1.200000e+01 |   5.615282e+02 |   6.576971e+02 |          8.549444e+05 |
|   1.300000e+01 |   5.615270e+02 |   6.577315e+02 |          8.549444e+05 |
|   1.400000e+01 |   5.615235e+02 |   6.576664e+02 |          8.549444e+05 |
|   1.500000e+01 |   5.615315e+02 |   6.577350e+02 |          8.549444e+05 |
|   1.600000e+01 |   5.615380e+02 |   6.577901e+02 |          8.549444e+05 |
|   1.700000e+01 |   5.615342e+02 |   6.577278e+02 |          8.549444e+05 |
|   1.800000e+01 |   5.615390e+02 |   6.577476e+02 |          8.549444e+05 |
|   1.900000e+01 |   5.615333e+02 |   6.577510e+02 |          8.549444e+05 |
|   2.000000e+01 |   5.615321e+02 |   6.577549e+02 |          8.549444e+05 |
|   2.100000e+01 |   5.615434e+02 |   6.578280e+02 |          8.549444e+05 |
|   2.200000e+01 |   5.615513e+02 |   6.578298e+02 |          8.549444e+05 |
|   2.300000e+01 |   5.615627e+02 |   6.578478e+02 |          8.549444e+05 |
|   2.400000e+01 |   5.615618e+02 |   6.577962e+02 |          8.549444e+05 |
|   2.500000e+01 |   5.615639e+02 |   6.578129e+02 |          8.549444e+05 |
|   2.600000e+01 |   5.615638e+02 |   6.578015e+02 |          8.549444e+05 |
+----------------+----------------+----------------+-----------------------+


Time Step 27, time = 27, dt = 1
[36msub_channel0: [39m
[36msub_channel0: [39mTime Step 0, time = 0
[36msub_channel0: [39m
[36msub_channel0: [39mTime Step 1, time = 1, dt = 1
[36msub_channel0: [39mExecuting subchannel solver
[36msub_channel0: [39mSolution initialized
[36msub_channel0: [39mSolving Outer Iteration : 1
[36msub_channel0: [39mSolving Block: 0 From first level: 1 to last level: 60
[36msub_channel0: [39mBlock: 0 - Enthalpy conservation matrix assembled
[36msub_channel0: [39mStart updating thermophysical properties.
[36msub_channel0: [39mDone updating thermophysical properties.
[36msub_channel0: [39mT_block_error: 2.87271e-05
[36msub_channel0: [39mBlock: 0 - Enthalpy conservation matrix assembled
[36msub_channel0: [39mStart updating thermophysical properties.
[36msub_channel0: [39mDone updating thermophysical properties.
[36msub_channel0: [39mT_block_error: 2.85334e-07
[36msub_channel0: [39mP_error :1.61097e-06
[36msub_channel0: [39mIteration:  1
[36msub_channel0: [39mMaximum iterations: 5
[36msub_channel0: [39mFinished executing subchannel solver
[36msub_channel0: [39mCommencing calculation of Pin surface temperature 
[36msub_channel0: [39m ======================================= 
[36msub_channel0: [39m ======== Subchannel Print Outs ======== 
[36msub_channel0: [39m ======================================= 
[36msub_channel0: [39mTotal flow area :0.000984685 m^2
[36msub_channel0: [39mAssembly hydraulic diameter :0.00943815 m
[36msub_channel0: [39mAssembly Re number :382270 [-]
[36msub_channel0: [39mBulk coolant temperature at outlet :599.784 K
[36msub_channel0: [39mPower added to coolant is : 847787 Watt
[36msub_channel0: [39mMass flow rate in is : 3.7418 kg/sec
[36msub_channel0: [39mMass balance is : -8.38528e-05 kg/sec
[36msub_channel0: [39mUser defined outlet pressure is : 1.57e+07 Pa
[36msub_channel0: [39m ======================================= 
[36msub_channel0: [39m[32m Solve Converged![39m
[36msub_channel0: [39m
[36msub_channel0_viz0: [39m
[36msub_channel0_viz0: [39mPostprocessor Values:
[36msub_channel0_viz0: [39m+----------------+----------------+----------------+----------------+
[36msub_channel0_viz0: [39m| time           | avg_coolant_T  | max_T_fluid    | min_T_fluid    |
[36msub_channel0_viz0: [39m+----------------+----------------+----------------+----------------+
[36msub_channel0_viz0: [39m|   0.000000e+00 |   5.846954e+02 |   6.014824e+02 |   5.603876e+02 |
[36msub_channel0_viz0: [39m+----------------+----------------+----------------+----------------+
[36msub_channel0_viz0: [39m
[36msub_channel0_viz0: [39m[32m Solve Converged![39m
[36msub_channel0_viz0: [39m
[36msub_channel0_viz0: [39m
[36msub_channel0_viz0: [39mPostprocessor Values:
[36msub_channel0_viz0: [39m+----------------+----------------+----------------+----------------+
[36msub_channel0_viz0: [39m| time           | avg_coolant_T  | max_T_fluid    | min_T_fluid    |
[36msub_channel0_viz0: [39m+----------------+----------------+----------------+----------------+
[36msub_channel0_viz0: [39m|   0.000000e+00 |   5.846954e+02 |   6.014824e+02 |   5.603876e+02 |
[36msub_channel0_viz0: [39m|   1.000000e+00 |   5.846782e+02 |   6.014884e+02 |   5.603874e+02 |
[36msub_channel0_viz0: [39m+----------------+----------------+----------------+----------------+
[36msub_channel0_viz0: [39m
Sending temperature to OpenMC cells... 
Setting cell id 13, instance 0 (of 9) [1 contained cells] to temperature (K): 1615.82
Setting cell id 13, instance 1 (of 9) [1 contained cells] to temperature (K): 1615.1
Setting cell id 13, instance 2 (of 9) [1 contained cells] to temperature (K): 1614.38
Setting cell id 13, instance 3 (of 9) [1 contained cells] to temperature (K): 1614.67
Setting cell id 13, instance 4 (of 9) [1 contained cells] to temperature (K): 1614.82
Setting cell id 13, instance 5 (of 9) [1 contained cells] to temperature (K): 1616.7
Setting cell id 13, instance 6 (of 9) [1 contained cells] to temperature (K): 1614.83
Setting cell id 13, instance 7 (of 9) [1 contained cells] to temperature (K): 1617.22
Setting cell id 13, instance 8 (of 9) [1 contained cells] to temperature (K): 1618.01
Setting cell id 14, instance 0 (of 9) [1 contained cells] to temperature (K): 731.898
Setting cell id 14, instance 1 (of 9) [1 contained cells] to temperature (K): 732.745
Setting cell id 14, instance 2 (of 9) [1 contained cells] to temperature (K): 731.69
Setting cell id 14, instance 3 (of 9) [1 contained cells] to temperature (K): 732.584
Setting cell id 14, instance 4 (of 9) [1 contained cells] to temperature (K): 733.638
Setting cell id 14, instance 5 (of 9) [1 contained cells] to temperature (K): 732.943
Setting cell id 14, instance 6 (of 9) [1 contained cells] to temperature (K): 731.594
Setting cell id 14, instance 7 (of 9) [1 contained cells] to temperature (K): 733.065
Setting cell id 14, instance 8 (of 9) [1 contained cells] to temperature (K): 732.483
Setting cell id 16, instance 0 (of 9) [1 contained cells] to temperature (K): 584.517
Setting cell id 16, instance 1 (of 9) [1 contained cells] to temperature (K): 585.629
Setting cell id 16, instance 2 (of 9) [1 contained cells] to temperature (K): 584.527
Setting cell id 16, instance 3 (of 9) [1 contained cells] to temperature (K): 585.614
Setting cell id 16, instance 4 (of 9) [1 contained cells] to temperature (K): 586.875
Setting cell id 16, instance 5 (of 9) [1 contained cells] to temperature (K): 585.659
Setting cell id 16, instance 6 (of 9) [1 contained cells] to temperature (K): 584.507
Setting cell id 16, instance 7 (of 9) [1 contained cells] to temperature (K): 585.649
Setting cell id 16, instance 8 (of 9) [1 contained cells] to temperature (K): 584.579
Sending density to OpenMC cells... 
Setting cell id 16, instance 0 (of 9) to density (kg/m3): 700.111
Setting cell id 16, instance 1 (of 9) to density (kg/m3): 697.364
Setting cell id 16, instance 2 (of 9) to density (kg/m3): 700.092
Setting cell id 16, instance 3 (of 9) to density (kg/m3): 697.399
Setting cell id 16, instance 4 (of 9) to density (kg/m3): 694.236
Setting cell id 16, instance 5 (of 9) to density (kg/m3): 697.289
Setting cell id 16, instance 6 (of 9) to density (kg/m3): 700.139
Setting cell id 16, instance 7 (of 9) to density (kg/m3): 697.312
Setting cell id 16, instance 8 (of 9) to density (kg/m3): 699.959
 Running OpenMC with 2000 particles per batch...
 Maximum neutron transport energy: 20000000 eV for O17
 Initializing source particles...

 ====================>     K EIGENVALUE SIMULATION     <====================

  Bat./Gen.      k            Average k
  =========   ========   ====================
        1/1    1.31639
        2/1    1.21414
        3/1    1.24452
        4/1    1.33320
        5/1    1.18640
        6/1    1.32026
        7/1    1.28686
        8/1    1.28035
        9/1    1.25030
       10/1    1.32355
       11/1    1.24496
       12/1    1.29983
       13/1    1.27516
       14/1    1.31213
       15/1    1.23220
       16/1    1.24474
       17/1    1.22814
       18/1    1.33489
       19/1    1.26086
       20/1    1.21192
       21/1    1.25617
       22/1    1.28442
       23/1    1.25324
       24/1    1.25636
       25/1    1.25180
       26/1    1.21859
       27/1    1.24139
       28/1    1.22686
       29/1    1.26205
       30/1    1.28410
       31/1    1.27852
       32/1    1.27215
       33/1    1.25067
       34/1    1.27360
       35/1    1.27128
       36/1    1.25506
       37/1    1.23630
       38/1    1.33886
       39/1    1.23547
       40/1    1.24380
       41/1    1.28691
       42/1    1.23827
       43/1    1.31006
       44/1    1.22412
       45/1    1.34293
       46/1    1.32262
       47/1    1.28677
       48/1    1.24091
       49/1    1.27281
       50/1    1.28105
       51/1    1.29180
       52/1    1.28072    1.28626 +/- 0.00554
       53/1    1.26703    1.27985 +/- 0.00716
       54/1    1.28292    1.28062 +/- 0.00512
       55/1    1.19434    1.26336 +/- 0.01771
       56/1    1.18988    1.25111 +/- 0.01895
       57/1    1.27027    1.25385 +/- 0.01625
       58/1    1.26007    1.25463 +/- 0.01409
       59/1    1.25482    1.25465 +/- 0.01243
       60/1    1.31805    1.26099 +/- 0.01280
       61/1    1.24001    1.25908 +/- 0.01173
       62/1    1.23652    1.25720 +/- 0.01087
       63/1    1.33220    1.26297 +/- 0.01155
       64/1    1.30982    1.26632 +/- 0.01120
       65/1    1.24613    1.26497 +/- 0.01051
       66/1    1.31809    1.26829 +/- 0.01038
       67/1    1.27547    1.26871 +/- 0.00976
       68/1    1.31214    1.27113 +/- 0.00951
       69/1    1.31219    1.27329 +/- 0.00925
       70/1    1.33034    1.27614 +/- 0.00923
       71/1    1.25369    1.27507 +/- 0.00884
       72/1    1.27452    1.27505 +/- 0.00843
       73/1    1.27560    1.27507 +/- 0.00806
       74/1    1.23903    1.27357 +/- 0.00786
       75/1    1.33944    1.27620 +/- 0.00799
       76/1    1.24770    1.27511 +/- 0.00775
       77/1    1.25769    1.27446 +/- 0.00749
       78/1    1.34149    1.27686 +/- 0.00760
       79/1    1.35854    1.27967 +/- 0.00786
       80/1    1.32911    1.28132 +/- 0.00777
       81/1    1.30241    1.28200 +/- 0.00754
       82/1    1.26281    1.28140 +/- 0.00733
       83/1    1.28606    1.28154 +/- 0.00710
       84/1    1.32444    1.28280 +/- 0.00701
       85/1    1.24457    1.28171 +/- 0.00689
       86/1    1.32136    1.28281 +/- 0.00679
       87/1    1.27316    1.28255 +/- 0.00661
       88/1    1.28986    1.28274 +/- 0.00643
       89/1    1.28585    1.28282 +/- 0.00627
       90/1    1.26772    1.28245 +/- 0.00612
       91/1    1.28874    1.28260 +/- 0.00597
       92/1    1.25082    1.28184 +/- 0.00587
       93/1    1.26043    1.28135 +/- 0.00576
       94/1    1.24719    1.28057 +/- 0.00568
       95/1    1.26557    1.28024 +/- 0.00556
       96/1    1.28258    1.28029 +/- 0.00544
       97/1    1.27375    1.28015 +/- 0.00532
       98/1    1.24728    1.27946 +/- 0.00526
       99/1    1.33162    1.28053 +/- 0.00526
      100/1    1.22938    1.27951 +/- 0.00525
      101/1    1.25673    1.27906 +/- 0.00517
      102/1    1.26312    1.27875 +/- 0.00508
      103/1    1.23001    1.27783 +/- 0.00506
      104/1    1.29370    1.27813 +/- 0.00498
      105/1    1.23754    1.27739 +/- 0.00494
      106/1    1.28066    1.27745 +/- 0.00485
      107/1    1.27818    1.27746 +/- 0.00477
      108/1    1.28781    1.27764 +/- 0.00469
      109/1    1.31648    1.27830 +/- 0.00465
      110/1    1.25960    1.27798 +/- 0.00459
      111/1    1.29904    1.27833 +/- 0.00452
      112/1    1.28963    1.27851 +/- 0.00445
      113/1    1.25702    1.27817 +/- 0.00440
      114/1    1.22467    1.27733 +/- 0.00441
      115/1    1.29423    1.27759 +/- 0.00435
      116/1    1.32477    1.27831 +/- 0.00434
      117/1    1.27463    1.27825 +/- 0.00427
      118/1    1.22096    1.27741 +/- 0.00429
      119/1    1.22834    1.27670 +/- 0.00429
      120/1    1.41022    1.27861 +/- 0.00464
      121/1    1.17869    1.27720 +/- 0.00479
      122/1    1.27077    1.27711 +/- 0.00472
      123/1    1.26543    1.27695 +/- 0.00466
      124/1    1.33308    1.27771 +/- 0.00466
      125/1    1.28180    1.27776 +/- 0.00459
      126/1    1.20820    1.27685 +/- 0.00462
      127/1    1.32240    1.27744 +/- 0.00460
      128/1    1.23511    1.27690 +/- 0.00457
      129/1    1.24618    1.27651 +/- 0.00453
      130/1    1.28102    1.27657 +/- 0.00448
      131/1    1.22151    1.27589 +/- 0.00447
      132/1    1.28803    1.27603 +/- 0.00442
      133/1    1.28501    1.27614 +/- 0.00437
      134/1    1.26545    1.27601 +/- 0.00432
      135/1    1.29257    1.27621 +/- 0.00427
      136/1    1.23074    1.27568 +/- 0.00425
      137/1    1.25623    1.27546 +/- 0.00421
      138/1    1.31209    1.27587 +/- 0.00418
      139/1    1.32890    1.27647 +/- 0.00418
      140/1    1.38074    1.27763 +/- 0.00429
      141/1    1.27468    1.27760 +/- 0.00424
      142/1    1.26392    1.27745 +/- 0.00420
      143/1    1.32019    1.27791 +/- 0.00418
      144/1    1.27164    1.27784 +/- 0.00414
      145/1    1.32855    1.27837 +/- 0.00413
      146/1    1.25861    1.27817 +/- 0.00409
      147/1    1.31765    1.27858 +/- 0.00407
      148/1    1.31623    1.27896 +/- 0.00404
      149/1    1.24330    1.27860 +/- 0.00402
      150/1    1.33243    1.27914 +/- 0.00401
 Creating state point statepoint.150.h5...

 =======================>     TIMING STATISTICS     <=======================

 Total time for initialization     = 0.0000e+00 seconds
   Reading cross sections          = 0.0000e+00 seconds
 Total time in simulation          = 5.5329e+00 seconds
   Time in transport only          = 5.4685e+00 seconds
   Time in inactive batches        = 8.6891e-01 seconds
   Time in active batches          = 4.6640e+00 seconds
   Time synchronizing fission bank = 1.8878e-02 seconds
     Sampling source sites         = 1.5648e-02 seconds
     SEND/RECV source sites        = 2.9819e-03 seconds
   Time accumulating tallies       = 2.8913e-02 seconds
   Time writing statepoints        = 4.7535e-03 seconds
 Total time for finalization       = 1.7545e-02 seconds
 Total time elapsed                = 5.5623e+00 seconds
 Calculation Rate (inactive)       = 115086 particles/second
 Calculation Rate (active)         = 42881.6 particles/second

 ============================>     RESULTS     <============================

 k-effective (Collision)     = 1.27514 +/- 0.00336
 k-effective (Track-length)  = 1.27914 +/- 0.00401
 k-effective (Absorption)    = 1.27933 +/- 0.00215
 Combined k-effective        = 1.27864 +/- 0.00213
 Leakage Fraction            = 0.00017 +/- 0.00003

    Finished Solving OpenMC                                                              [[33m  5.56 s[39m] [[33m 1282 MB[39m]
Extracting OpenMC tallies...
[32m Solve Converged![39m

  Finished Solving                                                                       [[33m  5.61 s[39m] [[33m 1282 MB[39m]
[36msolid0: [39m
[36msolid0: [39mTime Step 27, time = 27, dt = 1
[36msolid0: [39m 0 Nonlinear |R| = [32m2.870782e+01[39m
[36msolid0: [39m      0 Linear |R| = [32m2.870782e+01[39m
[36msolid0: [39m      1 Linear |R| = [32m4.213486e+00[39m
[36msolid0: [39m      2 Linear |R| = [32m1.886209e+00[39m
[36msolid0: [39m      3 Linear |R| = [32m7.507033e-01[39m
[36msolid0: [39m      4 Linear |R| = [32m1.803762e-01[39m
[36msolid0: [39m      5 Linear |R| = [32m3.197589e-02[39m
[36msolid0: [39m      6 Linear |R| = [32m6.403219e-03[39m
[36msolid0: [39m      7 Linear |R| = [32m1.120351e-03[39m
[36msolid0: [39m      8 Linear |R| = [32m1.467111e-04[39m
[36msolid0: [39m 1 Nonlinear |R| = [32m3.215470e-04[39m
[36msolid0: [39m      0 Linear |R| = [32m3.215470e-04[39m
[36msolid0: [39m      1 Linear |R| = [32m3.876613e-05[39m
[36msolid0: [39m      2 Linear |R| = [32m1.990983e-05[39m
[36msolid0: [39m      3 Linear |R| = [32m8.099170e-06[39m
[36msolid0: [39m      4 Linear |R| = [32m1.829215e-06[39m
[36msolid0: [39m      5 Linear |R| = [32m3.551623e-07[39m
[36msolid0: [39m      6 Linear |R| = [32m6.834299e-08[39m
[36msolid0: [39m      7 Linear |R| = [32m1.412071e-08[39m
[36msolid0: [39m      8 Linear |R| = [32m3.331306e-09[39m
[36msolid0: [39m      9 Linear |R| = [32m1.709069e-09[39m
[36msolid0: [39m 2 Nonlinear |R| = [32m3.792913e-09[39m
[36msolid0: [39m[32m Solve Converged![39m
[36msolid0: [39m
[36msolid0: [39mFinished Solving                                                                 [[33m  7.92 s[39m] [[33m 1282 MB[39m]
[36msolid0: [39m
[36msolid0: [39mPostprocessor Values:
[36msolid0: [39m+----------------+----------------+---------------------------+----------------+----------------+----------------+----------------+
[36msolid0: [39m| time           | avg_fuel_T     | conduction_power_integral | max_T_wall_send| max_clad_T     | max_fuel_T     | min_T_wall_send|
[36msolid0: [39m+----------------+----------------+---------------------------+----------------+----------------+----------------+----------------+
[36msolid0: [39m:                :                :                           :                :                :                :                :
[36msolid0: [39m|   1.300000e+01 |   1.437618e+03 |              8.549444e+05 |   6.392046e+02 |   7.623323e+02 |   2.659306e+03 |   6.070022e+02 |
[36msolid0: [39m|   1.400000e+01 |   1.448038e+03 |              8.549444e+05 |   6.391765e+02 |   7.621235e+02 |   2.682551e+03 |   6.071461e+02 |
[36msolid0: [39m|   1.500000e+01 |   1.456080e+03 |              8.549444e+05 |   6.392419e+02 |   7.632614e+02 |   2.706766e+03 |   6.072024e+02 |
[36msolid0: [39m|   1.600000e+01 |   1.462292e+03 |              8.549444e+05 |   6.393285e+02 |   7.644213e+02 |   2.723379e+03 |   6.070723e+02 |
[36msolid0: [39m|   1.700000e+01 |   1.467076e+03 |              8.549444e+05 |   6.393247e+02 |   7.641653e+02 |   2.736161e+03 |   6.071097e+02 |
[36msolid0: [39m|   1.800000e+01 |   1.470764e+03 |              8.549444e+05 |   6.391481e+02 |   7.647459e+02 |   2.744224e+03 |   6.071891e+02 |
[36msolid0: [39m|   1.900000e+01 |   1.473618e+03 |              8.549444e+05 |   6.391349e+02 |   7.645929e+02 |   2.746754e+03 |   6.071270e+02 |
[36msolid0: [39m|   2.000000e+01 |   1.475808e+03 |              8.549444e+05 |   6.391715e+02 |   7.647284e+02 |   2.753831e+03 |   6.070795e+02 |
[36msolid0: [39m|   2.100000e+01 |   1.477526e+03 |              8.549444e+05 |   6.393197e+02 |   7.650222e+02 |   2.762492e+03 |   6.069926e+02 |
[36msolid0: [39m|   2.200000e+01 |   1.478866e+03 |              8.549444e+05 |   6.391906e+02 |   7.652565e+02 |   2.771902e+03 |   6.070428e+02 |
[36msolid0: [39m|   2.300000e+01 |   1.479925e+03 |              8.549444e+05 |   6.391750e+02 |   7.657974e+02 |   2.778061e+03 |   6.069502e+02 |
[36msolid0: [39m|   2.400000e+01 |   1.480752e+03 |              8.549444e+05 |   6.392829e+02 |   7.655955e+02 |   2.783121e+03 |   6.069818e+02 |
[36msolid0: [39m|   2.500000e+01 |   1.481398e+03 |              8.549444e+05 |   6.392815e+02 |   7.658099e+02 |   2.786404e+03 |   6.069606e+02 |
[36msolid0: [39m|   2.600000e+01 |   1.481891e+03 |              8.549444e+05 |   6.390850e+02 |   7.662864e+02 |   2.789356e+03 |   6.070575e+02 |
[36msolid0: [39m|   2.700000e+01 |   1.482267e+03 |              8.549444e+05 |   6.391345e+02 |   7.659074e+02 |   2.790506e+03 |   6.070687e+02 |
[36msolid0: [39m+----------------+----------------+---------------------------+----------------+----------------+----------------+----------------+
[36msolid0: [39m
[36msolid0: [39m
[36msolid0: [39mPostprocessor Values:
[36msolid0: [39m+----------------+----------------+---------------------------+----------------+----------------+----------------+----------------+
[36msolid0: [39m| time           | avg_fuel_T     | conduction_power_integral | max_T_wall_send| max_clad_T     | max_fuel_T     | min_T_wall_send|
[36msolid0: [39m+----------------+----------------+---------------------------+----------------+----------------+----------------+----------------+
[36msolid0: [39m:                :                :                           :                :                :                :                :
[36msolid0: [39m|   1.300000e+01 |   1.437618e+03 |              8.549444e+05 |   6.392046e+02 |   7.623323e+02 |   2.659306e+03 |   6.070022e+02 |
[36msolid0: [39m|   1.400000e+01 |   1.448038e+03 |              8.549444e+05 |   6.391765e+02 |   7.621235e+02 |   2.682551e+03 |   6.071461e+02 |
[36msolid0: [39m|   1.500000e+01 |   1.456080e+03 |              8.549444e+05 |   6.392419e+02 |   7.632614e+02 |   2.706766e+03 |   6.072024e+02 |
[36msolid0: [39m|   1.600000e+01 |   1.462292e+03 |              8.549444e+05 |   6.393285e+02 |   7.644213e+02 |   2.723379e+03 |   6.070723e+02 |
[36msolid0: [39m|   1.700000e+01 |   1.467076e+03 |              8.549444e+05 |   6.393247e+02 |   7.641653e+02 |   2.736161e+03 |   6.071097e+02 |
[36msolid0: [39m|   1.800000e+01 |   1.470764e+03 |              8.549444e+05 |   6.391481e+02 |   7.647459e+02 |   2.744224e+03 |   6.071891e+02 |
[36msolid0: [39m|   1.900000e+01 |   1.473618e+03 |              8.549444e+05 |   6.391349e+02 |   7.645929e+02 |   2.746754e+03 |   6.071270e+02 |
[36msolid0: [39m|   2.000000e+01 |   1.475808e+03 |              8.549444e+05 |   6.391715e+02 |   7.647284e+02 |   2.753831e+03 |   6.070795e+02 |
[36msolid0: [39m|   2.100000e+01 |   1.477526e+03 |              8.549444e+05 |   6.393197e+02 |   7.650222e+02 |   2.762492e+03 |   6.069926e+02 |
[36msolid0: [39m|   2.200000e+01 |   1.478866e+03 |              8.549444e+05 |   6.391906e+02 |   7.652565e+02 |   2.771902e+03 |   6.070428e+02 |
[36msolid0: [39m|   2.300000e+01 |   1.479925e+03 |              8.549444e+05 |   6.391750e+02 |   7.657974e+02 |   2.778061e+03 |   6.069502e+02 |
[36msolid0: [39m|   2.400000e+01 |   1.480752e+03 |              8.549444e+05 |   6.392829e+02 |   7.655955e+02 |   2.783121e+03 |   6.069818e+02 |
[36msolid0: [39m|   2.500000e+01 |   1.481398e+03 |              8.549444e+05 |   6.392815e+02 |   7.658099e+02 |   2.786404e+03 |   6.069606e+02 |
[36msolid0: [39m|   2.600000e+01 |   1.481891e+03 |              8.549444e+05 |   6.390850e+02 |   7.662864e+02 |   2.789356e+03 |   6.070575e+02 |
[36msolid0: [39m|   2.700000e+01 |   1.482267e+03 |              8.549444e+05 |   6.391345e+02 |   7.659074e+02 |   2.790506e+03 |   6.070687e+02 |
[36msolid0: [39m+----------------+----------------+---------------------------+----------------+----------------+----------------+----------------+
[36msolid0: [39m
    Finished Executing MultiApps                                                         [[33m  8.46 s[39m] [[33m 1282 MB[39m]
  Finished Executing MultiApps                                                           [[33m  8.46 s[39m] [[33m 1282 MB[39m]

Postprocessor Values:
+----------------+----------------+----------------+----------------+----------------+----------------+----------------+
| time           | avg_coolant_T  | avg_coolant_rho| k              | k_std_dev      | max_coolant_T  | max_coolant_rho|
+----------------+----------------+----------------+----------------+----------------+----------------+----------------+
:                :                :                :                :                :                :                :
|   1.300000e+01 |   5.852097e+02 |   6.983833e+02 |   1.277850e+00 |   2.030448e-03 |   6.013711e+02 |   7.496207e+02 |
|   1.400000e+01 |   5.851663e+02 |   6.984783e+02 |   1.274109e+00 |   1.902236e-03 |   6.013927e+02 |   7.496271e+02 |
|   1.500000e+01 |   5.851739e+02 |   6.984654e+02 |   1.275514e+00 |   1.836360e-03 |   6.013699e+02 |   7.496123e+02 |
|   1.600000e+01 |   5.852276e+02 |   6.983434e+02 |   1.275424e+00 |   2.289116e-03 |   6.013516e+02 |   7.496003e+02 |
|   1.700000e+01 |   5.852161e+02 |   6.983661e+02 |   1.273490e+00 |   2.223190e-03 |   6.013723e+02 |   7.496074e+02 |
|   1.800000e+01 |   5.852119e+02 |   6.983807e+02 |   1.275776e+00 |   2.085837e-03 |   6.013657e+02 |   7.495985e+02 |
|   1.900000e+01 |   5.852046e+02 |   6.983960e+02 |   1.274887e+00 |   1.954345e-03 |   6.013646e+02 |   7.496089e+02 |
|   2.000000e+01 |   5.851829e+02 |   6.984435e+02 |   1.279635e+00 |   2.000243e-03 |   6.013633e+02 |   7.496112e+02 |
|   2.100000e+01 |   5.852151e+02 |   6.983738e+02 |   1.276268e+00 |   2.218536e-03 |   6.013390e+02 |   7.495902e+02 |
|   2.200000e+01 |   5.852490e+02 |   6.982982e+02 |   1.277853e+00 |   1.879232e-03 |   6.013384e+02 |   7.495757e+02 |
|   2.300000e+01 |   5.852962e+02 |   6.981875e+02 |   1.276895e+00 |   1.854150e-03 |   6.013325e+02 |   7.495545e+02 |
|   2.400000e+01 |   5.852961e+02 |   6.981834e+02 |   1.272076e+00 |   1.908804e-03 |   6.013496e+02 |   7.495563e+02 |
|   2.500000e+01 |   5.853114e+02 |   6.981486e+02 |   1.273433e+00 |   1.853444e-03 |   6.013440e+02 |   7.495523e+02 |
|   2.600000e+01 |   5.853014e+02 |   6.981726e+02 |   1.274657e+00 |   2.055983e-03 |   6.013478e+02 |   7.495526e+02 |
|   2.700000e+01 |   5.852840e+02 |   6.982111e+02 |   1.278644e+00 |   2.125166e-03 |   6.013542e+02 |   7.495536e+02 |
+----------------+----------------+----------------+----------------+----------------+----------------+----------------+
+----------------+----------------+----------------+-----------------------+
| time           | min_coolant_T  | min_coolant_rho| openmc_power_integral |
+----------------+----------------+----------------+-----------------------+
:                :                :                :                       :
|   1.300000e+01 |   5.615270e+02 |   6.577315e+02 |          8.549444e+05 |
|   1.400000e+01 |   5.615235e+02 |   6.576664e+02 |          8.549444e+05 |
|   1.500000e+01 |   5.615315e+02 |   6.577350e+02 |          8.549444e+05 |
|   1.600000e+01 |   5.615380e+02 |   6.577901e+02 |          8.549444e+05 |
|   1.700000e+01 |   5.615342e+02 |   6.577278e+02 |          8.549444e+05 |
|   1.800000e+01 |   5.615390e+02 |   6.577476e+02 |          8.549444e+05 |
|   1.900000e+01 |   5.615333e+02 |   6.577510e+02 |          8.549444e+05 |
|   2.000000e+01 |   5.615321e+02 |   6.577549e+02 |          8.549444e+05 |
|   2.100000e+01 |   5.615434e+02 |   6.578280e+02 |          8.549444e+05 |
|   2.200000e+01 |   5.615513e+02 |   6.578298e+02 |          8.549444e+05 |
|   2.300000e+01 |   5.615627e+02 |   6.578478e+02 |          8.549444e+05 |
|   2.400000e+01 |   5.615618e+02 |   6.577962e+02 |          8.549444e+05 |
|   2.500000e+01 |   5.615639e+02 |   6.578129e+02 |          8.549444e+05 |
|   2.600000e+01 |   5.615638e+02 |   6.578015e+02 |          8.549444e+05 |
|   2.700000e+01 |   5.615632e+02 |   6.577824e+02 |          8.549444e+05 |
+----------------+----------------+----------------+-----------------------+


Time Step 28, time = 28, dt = 1
[36msub_channel0: [39m
[36msub_channel0: [39mTime Step 0, time = 0
[36msub_channel0: [39m
[36msub_channel0: [39mTime Step 1, time = 1, dt = 1
[36msub_channel0: [39mExecuting subchannel solver
[36msub_channel0: [39mSolution initialized
[36msub_channel0: [39mSolving Outer Iteration : 1
[36msub_channel0: [39mSolving Block: 0 From first level: 1 to last level: 60
[36msub_channel0: [39mBlock: 0 - Enthalpy conservation matrix assembled
[36msub_channel0: [39mStart updating thermophysical properties.
[36msub_channel0: [39mDone updating thermophysical properties.
[36msub_channel0: [39mT_block_error: 1.28128e-05
[36msub_channel0: [39mBlock: 0 - Enthalpy conservation matrix assembled
[36msub_channel0: [39mStart updating thermophysical properties.
[36msub_channel0: [39mDone updating thermophysical properties.
[36msub_channel0: [39mT_block_error: 1.49136e-07
[36msub_channel0: [39mP_error :5.29446e-07
[36msub_channel0: [39mIteration:  1
[36msub_channel0: [39mMaximum iterations: 5
[36msub_channel0: [39mFinished executing subchannel solver
[36msub_channel0: [39mCommencing calculation of Pin surface temperature 
[36msub_channel0: [39m ======================================= 
[36msub_channel0: [39m ======== Subchannel Print Outs ======== 
[36msub_channel0: [39m ======================================= 
[36msub_channel0: [39mTotal flow area :0.000984685 m^2
[36msub_channel0: [39mAssembly hydraulic diameter :0.00943815 m
[36msub_channel0: [39mAssembly Re number :382270 [-]
[36msub_channel0: [39mBulk coolant temperature at outlet :599.775 K
[36msub_channel0: [39mPower added to coolant is : 847727 Watt
[36msub_channel0: [39mMass flow rate in is : 3.7418 kg/sec
[36msub_channel0: [39mMass balance is : 2.03605e-05 kg/sec
[36msub_channel0: [39mUser defined outlet pressure is : 1.57e+07 Pa
[36msub_channel0: [39m ======================================= 
[36msub_channel0: [39m[32m Solve Converged![39m
[36msub_channel0: [39m
[36msub_channel0_viz0: [39m
[36msub_channel0_viz0: [39mPostprocessor Values:
[36msub_channel0_viz0: [39m+----------------+----------------+----------------+----------------+
[36msub_channel0_viz0: [39m| time           | avg_coolant_T  | max_T_fluid    | min_T_fluid    |
[36msub_channel0_viz0: [39m+----------------+----------------+----------------+----------------+
[36msub_channel0_viz0: [39m|   0.000000e+00 |   5.846782e+02 |   6.014884e+02 |   5.603874e+02 |
[36msub_channel0_viz0: [39m+----------------+----------------+----------------+----------------+
[36msub_channel0_viz0: [39m
[36msub_channel0_viz0: [39m[32m Solve Converged![39m
[36msub_channel0_viz0: [39m
[36msub_channel0_viz0: [39m
[36msub_channel0_viz0: [39mPostprocessor Values:
[36msub_channel0_viz0: [39m+----------------+----------------+----------------+----------------+
[36msub_channel0_viz0: [39m| time           | avg_coolant_T  | max_T_fluid    | min_T_fluid    |
[36msub_channel0_viz0: [39m+----------------+----------------+----------------+----------------+
[36msub_channel0_viz0: [39m|   0.000000e+00 |   5.846782e+02 |   6.014884e+02 |   5.603874e+02 |
[36msub_channel0_viz0: [39m|   1.000000e+00 |   5.846859e+02 |   6.014800e+02 |   5.603880e+02 |
[36msub_channel0_viz0: [39m+----------------+----------------+----------------+----------------+
[36msub_channel0_viz0: [39m
Sending temperature to OpenMC cells... 
Setting cell id 13, instance 0 (of 9) [1 contained cells] to temperature (K): 1616.33
Setting cell id 13, instance 1 (of 9) [1 contained cells] to temperature (K): 1615.47
Setting cell id 13, instance 2 (of 9) [1 contained cells] to temperature (K): 1614.98
Setting cell id 13, instance 3 (of 9) [1 contained cells] to temperature (K): 1615.09
Setting cell id 13, instance 4 (of 9) [1 contained cells] to temperature (K): 1615.34
Setting cell id 13, instance 5 (of 9) [1 contained cells] to temperature (K): 1617.15
Setting cell id 13, instance 6 (of 9) [1 contained cells] to temperature (K): 1615.13
Setting cell id 13, instance 7 (of 9) [1 contained cells] to temperature (K): 1617.53
Setting cell id 13, instance 8 (of 9) [1 contained cells] to temperature (K): 1618.51
Setting cell id 14, instance 0 (of 9) [1 contained cells] to temperature (K): 731.924
Setting cell id 14, instance 1 (of 9) [1 contained cells] to temperature (K): 732.746
Setting cell id 14, instance 2 (of 9) [1 contained cells] to temperature (K): 731.773
Setting cell id 14, instance 3 (of 9) [1 contained cells] to temperature (K): 732.576
Setting cell id 14, instance 4 (of 9) [1 contained cells] to temperature (K): 733.708
Setting cell id 14, instance 5 (of 9) [1 contained cells] to temperature (K): 732.968
Setting cell id 14, instance 6 (of 9) [1 contained cells] to temperature (K): 731.572
Setting cell id 14, instance 7 (of 9) [1 contained cells] to temperature (K): 733.026
Setting cell id 14, instance 8 (of 9) [1 contained cells] to temperature (K): 732.564
Setting cell id 16, instance 0 (of 9) [1 contained cells] to temperature (K): 584.524
Setting cell id 16, instance 1 (of 9) [1 contained cells] to temperature (K): 585.638
Setting cell id 16, instance 2 (of 9) [1 contained cells] to temperature (K): 584.538
Setting cell id 16, instance 3 (of 9) [1 contained cells] to temperature (K): 585.62
Setting cell id 16, instance 4 (of 9) [1 contained cells] to temperature (K): 586.883
Setting cell id 16, instance 5 (of 9) [1 contained cells] to temperature (K): 585.669
Setting cell id 16, instance 6 (of 9) [1 contained cells] to temperature (K): 584.509
Setting cell id 16, instance 7 (of 9) [1 contained cells] to temperature (K): 585.655
Setting cell id 16, instance 8 (of 9) [1 contained cells] to temperature (K): 584.589
Sending density to OpenMC cells... 
Setting cell id 16, instance 0 (of 9) to density (kg/m3): 700.097
Setting cell id 16, instance 1 (of 9) to density (kg/m3): 697.345
Setting cell id 16, instance 2 (of 9) to density (kg/m3): 700.065
Setting cell id 16, instance 3 (of 9) to density (kg/m3): 697.388
Setting cell id 16, instance 4 (of 9) to density (kg/m3): 694.218
Setting cell id 16, instance 5 (of 9) to density (kg/m3): 697.266
Setting cell id 16, instance 6 (of 9) to density (kg/m3): 700.137
Setting cell id 16, instance 7 (of 9) to density (kg/m3): 697.301
Setting cell id 16, instance 8 (of 9) to density (kg/m3): 699.936
 Running OpenMC with 2000 particles per batch...
 Maximum neutron transport energy: 20000000 eV for O17
 Initializing source particles...

 ====================>     K EIGENVALUE SIMULATION     <====================

  Bat./Gen.      k            Average k
  =========   ========   ====================
        1/1    1.24953
        2/1    1.27972
        3/1    1.29808
        4/1    1.28794
        5/1    1.21117
        6/1    1.27267
        7/1    1.31098
        8/1    1.27129
        9/1    1.25736
       10/1    1.28848
       11/1    1.28279
       12/1    1.21824
       13/1    1.19769
       14/1    1.26978
       15/1    1.24966
       16/1    1.28143
       17/1    1.23789
       18/1    1.26928
       19/1    1.27428
       20/1    1.26166
       21/1    1.24298
       22/1    1.35052
       23/1    1.30343
       24/1    1.20659
       25/1    1.33969
       26/1    1.31717
       27/1    1.26634
       28/1    1.20695
       29/1    1.30260
       30/1    1.28826
       31/1    1.24719
       32/1    1.30331
       33/1    1.25139
       34/1    1.30597
       35/1    1.28981
       36/1    1.33790
       37/1    1.28288
       38/1    1.29204
       39/1    1.23771
       40/1    1.31006
       41/1    1.27378
       42/1    1.27055
       43/1    1.20722
       44/1    1.24163
       45/1    1.24611
       46/1    1.27641
       47/1    1.29358
       48/1    1.21501
       49/1    1.24856
       50/1    1.29387
       51/1    1.27513
       52/1    1.29807    1.28660 +/- 0.01147
       53/1    1.24211    1.27177 +/- 0.01624
       54/1    1.26867    1.27100 +/- 0.01151
       55/1    1.24874    1.26655 +/- 0.00997
       56/1    1.30423    1.27283 +/- 0.01028
       57/1    1.32671    1.28052 +/- 0.01161
       58/1    1.29548    1.28239 +/- 0.01022
       59/1    1.33331    1.28805 +/- 0.01064
       60/1    1.29167    1.28841 +/- 0.00953
       61/1    1.29678    1.28917 +/- 0.00865
       62/1    1.31459    1.29129 +/- 0.00818
       63/1    1.25296    1.28834 +/- 0.00808
       64/1    1.22214    1.28361 +/- 0.00885
       65/1    1.27910    1.28331 +/- 0.00824
       66/1    1.28887    1.28366 +/- 0.00772
       67/1    1.21275    1.27949 +/- 0.00836
       68/1    1.26126    1.27848 +/- 0.00795
       69/1    1.27872    1.27849 +/- 0.00752
       70/1    1.23592    1.27636 +/- 0.00745
       71/1    1.30451    1.27770 +/- 0.00721
       72/1    1.28026    1.27782 +/- 0.00687
       73/1    1.25601    1.27687 +/- 0.00664
       74/1    1.28371    1.27715 +/- 0.00636
       75/1    1.30908    1.27843 +/- 0.00623
       76/1    1.30731    1.27954 +/- 0.00609
       77/1    1.28734    1.27983 +/- 0.00587
       78/1    1.21541    1.27753 +/- 0.00610
       79/1    1.25530    1.27676 +/- 0.00594
       80/1    1.31181    1.27793 +/- 0.00586
       81/1    1.28178    1.27806 +/- 0.00566
       82/1    1.26372    1.27761 +/- 0.00550
       83/1    1.28622    1.27787 +/- 0.00534
       84/1    1.27351    1.27774 +/- 0.00518
       85/1    1.25931    1.27721 +/- 0.00506
       86/1    1.22924    1.27588 +/- 0.00509
       87/1    1.27707    1.27591 +/- 0.00496
       88/1    1.30480    1.27667 +/- 0.00488
       89/1    1.31709    1.27771 +/- 0.00487
       90/1    1.26911    1.27750 +/- 0.00475
       91/1    1.33615    1.27893 +/- 0.00485
       92/1    1.20160    1.27708 +/- 0.00508
       93/1    1.30194    1.27766 +/- 0.00499
       94/1    1.29428    1.27804 +/- 0.00489
       95/1    1.30925    1.27873 +/- 0.00483
       96/1    1.22094    1.27748 +/- 0.00489
       97/1    1.24832    1.27686 +/- 0.00482
       98/1    1.27162    1.27675 +/- 0.00472
       99/1    1.27558    1.27672 +/- 0.00463
      100/1    1.26160    1.27642 +/- 0.00454
      101/1    1.32309    1.27734 +/- 0.00455
      102/1    1.21668    1.27617 +/- 0.00461
      103/1    1.29066    1.27644 +/- 0.00453
      104/1    1.29917    1.27686 +/- 0.00446
      105/1    1.34385    1.27808 +/- 0.00455
      106/1    1.26636    1.27787 +/- 0.00447
      107/1    1.31530    1.27853 +/- 0.00444
      108/1    1.29496    1.27881 +/- 0.00437
      109/1    1.32710    1.27963 +/- 0.00437
      110/1    1.20190    1.27834 +/- 0.00449
      111/1    1.37630    1.27994 +/- 0.00470
      112/1    1.29382    1.28017 +/- 0.00463
      113/1    1.26014    1.27985 +/- 0.00457
      114/1    1.26580    1.27963 +/- 0.00450
      115/1    1.27296    1.27953 +/- 0.00443
      116/1    1.24245    1.27896 +/- 0.00440
      117/1    1.33966    1.27987 +/- 0.00443
      118/1    1.29133    1.28004 +/- 0.00436
      119/1    1.34211    1.28094 +/- 0.00439
      120/1    1.30981    1.28135 +/- 0.00435
      121/1    1.31271    1.28179 +/- 0.00431
      122/1    1.30039    1.28205 +/- 0.00426
      123/1    1.29576    1.28224 +/- 0.00420
      124/1    1.27487    1.28214 +/- 0.00415
      125/1    1.26876    1.28196 +/- 0.00410
      126/1    1.25876    1.28165 +/- 0.00405
      127/1    1.25527    1.28131 +/- 0.00402
      128/1    1.22727    1.28062 +/- 0.00402
      129/1    1.34808    1.28147 +/- 0.00406
      130/1    1.23020    1.28083 +/- 0.00406
      131/1    1.25951    1.28057 +/- 0.00402
      132/1    1.32188    1.28107 +/- 0.00400
      133/1    1.27404    1.28099 +/- 0.00396
      134/1    1.26680    1.28082 +/- 0.00391
      135/1    1.30737    1.28113 +/- 0.00388
      136/1    1.26641    1.28096 +/- 0.00384
      137/1    1.30427    1.28123 +/- 0.00380
      138/1    1.26479    1.28104 +/- 0.00376
      139/1    1.21919    1.28035 +/- 0.00379
      140/1    1.27094    1.28024 +/- 0.00374
      141/1    1.23581    1.27975 +/- 0.00374
      142/1    1.30001    1.27997 +/- 0.00370
      143/1    1.26420    1.27980 +/- 0.00366
      144/1    1.26473    1.27964 +/- 0.00363
      145/1    1.24861    1.27932 +/- 0.00361
      146/1    1.23328    1.27884 +/- 0.00360
      147/1    1.23126    1.27835 +/- 0.00360
      148/1    1.22834    1.27784 +/- 0.00360
      149/1    1.24006    1.27746 +/- 0.00358
      150/1    1.25778    1.27726 +/- 0.00355
 Creating state point statepoint.150.h5...

 =======================>     TIMING STATISTICS     <=======================

 Total time for initialization     = 0.0000e+00 seconds
   Reading cross sections          = 0.0000e+00 seconds
 Total time in simulation          = 6.1889e+00 seconds
   Time in transport only          = 6.1194e+00 seconds
   Time in inactive batches        = 8.9842e-01 seconds
   Time in active batches          = 5.2905e+00 seconds
   Time synchronizing fission bank = 1.7367e-02 seconds
     Sampling source sites         = 1.4366e-02 seconds
     SEND/RECV source sites        = 2.7078e-03 seconds
   Time accumulating tallies       = 3.1535e-02 seconds
   Time writing statepoints        = 7.1716e-03 seconds
 Total time for finalization       = 3.2993e-02 seconds
 Total time elapsed                = 6.2342e+00 seconds
 Calculation Rate (inactive)       = 111307 particles/second
 Calculation Rate (active)         = 37803.9 particles/second

 ============================>     RESULTS     <============================

 k-effective (Collision)     = 1.27668 +/- 0.00303
 k-effective (Track-length)  = 1.27726 +/- 0.00355
 k-effective (Absorption)    = 1.27538 +/- 0.00206
 Combined k-effective        = 1.27582 +/- 0.00185
 Leakage Fraction            = 0.00012 +/- 0.00003

    Finished Solving OpenMC                                                              [[33m  6.23 s[39m] [[33m 1294 MB[39m]
Extracting OpenMC tallies...
[32m Solve Converged![39m

  Finished Solving                                                                       [[33m  6.28 s[39m] [[33m 1294 MB[39m]
[36msolid0: [39m
[36msolid0: [39mTime Step 28, time = 28, dt = 1
[36msolid0: [39m 0 Nonlinear |R| = [32m2.709020e+01[39m
[36msolid0: [39m      0 Linear |R| = [32m2.709020e+01[39m
[36msolid0: [39m      1 Linear |R| = [32m3.454680e+00[39m
[36msolid0: [39m      2 Linear |R| = [32m1.445440e+00[39m
[36msolid0: [39m      3 Linear |R| = [32m6.228704e-01[39m
[36msolid0: [39m      4 Linear |R| = [32m1.661184e-01[39m
[36msolid0: [39m      5 Linear |R| = [32m2.955539e-02[39m
[36msolid0: [39m      6 Linear |R| = [32m5.629192e-03[39m
[36msolid0: [39m      7 Linear |R| = [32m1.011669e-03[39m
[36msolid0: [39m      8 Linear |R| = [32m1.351845e-04[39m
[36msolid0: [39m 1 Nonlinear |R| = [32m2.721988e-04[39m
[36msolid0: [39m      0 Linear |R| = [32m2.721988e-04[39m
[36msolid0: [39m      1 Linear |R| = [32m3.533355e-05[39m
[36msolid0: [39m      2 Linear |R| = [32m1.762121e-05[39m
[36msolid0: [39m      3 Linear |R| = [32m7.393632e-06[39m
[36msolid0: [39m      4 Linear |R| = [32m1.682079e-06[39m
[36msolid0: [39m      5 Linear |R| = [32m3.127681e-07[39m
[36msolid0: [39m      6 Linear |R| = [32m6.250060e-08[39m
[36msolid0: [39m      7 Linear |R| = [32m1.304484e-08[39m
[36msolid0: [39m      8 Linear |R| = [32m2.951997e-09[39m
[36msolid0: [39m      9 Linear |R| = [32m1.528081e-09[39m
[36msolid0: [39m 2 Nonlinear |R| = [32m3.287945e-09[39m
[36msolid0: [39m[32m Solve Converged![39m
[36msolid0: [39m
[36msolid0: [39mFinished Solving                                                                 [[33m  8.21 s[39m] [[33m 1321 MB[39m]
[36msolid0: [39m
[36msolid0: [39mPostprocessor Values:
[36msolid0: [39m+----------------+----------------+---------------------------+----------------+----------------+----------------+----------------+
[36msolid0: [39m| time           | avg_fuel_T     | conduction_power_integral | max_T_wall_send| max_clad_T     | max_fuel_T     | min_T_wall_send|
[36msolid0: [39m+----------------+----------------+---------------------------+----------------+----------------+----------------+----------------+
[36msolid0: [39m:                :                :                           :                :                :                :                :
[36msolid0: [39m|   1.400000e+01 |   1.448038e+03 |              8.549444e+05 |   6.391765e+02 |   7.621235e+02 |   2.682551e+03 |   6.071461e+02 |
[36msolid0: [39m|   1.500000e+01 |   1.456080e+03 |              8.549444e+05 |   6.392419e+02 |   7.632614e+02 |   2.706766e+03 |   6.072024e+02 |
[36msolid0: [39m|   1.600000e+01 |   1.462292e+03 |              8.549444e+05 |   6.393285e+02 |   7.644213e+02 |   2.723379e+03 |   6.070723e+02 |
[36msolid0: [39m|   1.700000e+01 |   1.467076e+03 |              8.549444e+05 |   6.393247e+02 |   7.641653e+02 |   2.736161e+03 |   6.071097e+02 |
[36msolid0: [39m|   1.800000e+01 |   1.470764e+03 |              8.549444e+05 |   6.391481e+02 |   7.647459e+02 |   2.744224e+03 |   6.071891e+02 |
[36msolid0: [39m|   1.900000e+01 |   1.473618e+03 |              8.549444e+05 |   6.391349e+02 |   7.645929e+02 |   2.746754e+03 |   6.071270e+02 |
[36msolid0: [39m|   2.000000e+01 |   1.475808e+03 |              8.549444e+05 |   6.391715e+02 |   7.647284e+02 |   2.753831e+03 |   6.070795e+02 |
[36msolid0: [39m|   2.100000e+01 |   1.477526e+03 |              8.549444e+05 |   6.393197e+02 |   7.650222e+02 |   2.762492e+03 |   6.069926e+02 |
[36msolid0: [39m|   2.200000e+01 |   1.478866e+03 |              8.549444e+05 |   6.391906e+02 |   7.652565e+02 |   2.771902e+03 |   6.070428e+02 |
[36msolid0: [39m|   2.300000e+01 |   1.479925e+03 |              8.549444e+05 |   6.391750e+02 |   7.657974e+02 |   2.778061e+03 |   6.069502e+02 |
[36msolid0: [39m|   2.400000e+01 |   1.480752e+03 |              8.549444e+05 |   6.392829e+02 |   7.655955e+02 |   2.783121e+03 |   6.069818e+02 |
[36msolid0: [39m|   2.500000e+01 |   1.481398e+03 |              8.549444e+05 |   6.392815e+02 |   7.658099e+02 |   2.786404e+03 |   6.069606e+02 |
[36msolid0: [39m|   2.600000e+01 |   1.481891e+03 |              8.549444e+05 |   6.390850e+02 |   7.662864e+02 |   2.789356e+03 |   6.070575e+02 |
[36msolid0: [39m|   2.700000e+01 |   1.482267e+03 |              8.549444e+05 |   6.391345e+02 |   7.659074e+02 |   2.790506e+03 |   6.070687e+02 |
[36msolid0: [39m|   2.800000e+01 |   1.482577e+03 |              8.549444e+05 |   6.391243e+02 |   7.656533e+02 |   2.789424e+03 |   6.070160e+02 |
[36msolid0: [39m+----------------+----------------+---------------------------+----------------+----------------+----------------+----------------+
[36msolid0: [39m
[36msolid0: [39m
[36msolid0: [39mPostprocessor Values:
[36msolid0: [39m+----------------+----------------+---------------------------+----------------+----------------+----------------+----------------+
[36msolid0: [39m| time           | avg_fuel_T     | conduction_power_integral | max_T_wall_send| max_clad_T     | max_fuel_T     | min_T_wall_send|
[36msolid0: [39m+----------------+----------------+---------------------------+----------------+----------------+----------------+----------------+
[36msolid0: [39m:                :                :                           :                :                :                :                :
[36msolid0: [39m|   1.400000e+01 |   1.448038e+03 |              8.549444e+05 |   6.391765e+02 |   7.621235e+02 |   2.682551e+03 |   6.071461e+02 |
[36msolid0: [39m|   1.500000e+01 |   1.456080e+03 |              8.549444e+05 |   6.392419e+02 |   7.632614e+02 |   2.706766e+03 |   6.072024e+02 |
[36msolid0: [39m|   1.600000e+01 |   1.462292e+03 |              8.549444e+05 |   6.393285e+02 |   7.644213e+02 |   2.723379e+03 |   6.070723e+02 |
[36msolid0: [39m|   1.700000e+01 |   1.467076e+03 |              8.549444e+05 |   6.393247e+02 |   7.641653e+02 |   2.736161e+03 |   6.071097e+02 |
[36msolid0: [39m|   1.800000e+01 |   1.470764e+03 |              8.549444e+05 |   6.391481e+02 |   7.647459e+02 |   2.744224e+03 |   6.071891e+02 |
[36msolid0: [39m|   1.900000e+01 |   1.473618e+03 |              8.549444e+05 |   6.391349e+02 |   7.645929e+02 |   2.746754e+03 |   6.071270e+02 |
[36msolid0: [39m|   2.000000e+01 |   1.475808e+03 |              8.549444e+05 |   6.391715e+02 |   7.647284e+02 |   2.753831e+03 |   6.070795e+02 |
[36msolid0: [39m|   2.100000e+01 |   1.477526e+03 |              8.549444e+05 |   6.393197e+02 |   7.650222e+02 |   2.762492e+03 |   6.069926e+02 |
[36msolid0: [39m|   2.200000e+01 |   1.478866e+03 |              8.549444e+05 |   6.391906e+02 |   7.652565e+02 |   2.771902e+03 |   6.070428e+02 |
[36msolid0: [39m|   2.300000e+01 |   1.479925e+03 |              8.549444e+05 |   6.391750e+02 |   7.657974e+02 |   2.778061e+03 |   6.069502e+02 |
[36msolid0: [39m|   2.400000e+01 |   1.480752e+03 |              8.549444e+05 |   6.392829e+02 |   7.655955e+02 |   2.783121e+03 |   6.069818e+02 |
[36msolid0: [39m|   2.500000e+01 |   1.481398e+03 |              8.549444e+05 |   6.392815e+02 |   7.658099e+02 |   2.786404e+03 |   6.069606e+02 |
[36msolid0: [39m|   2.600000e+01 |   1.481891e+03 |              8.549444e+05 |   6.390850e+02 |   7.662864e+02 |   2.789356e+03 |   6.070575e+02 |
[36msolid0: [39m|   2.700000e+01 |   1.482267e+03 |              8.549444e+05 |   6.391345e+02 |   7.659074e+02 |   2.790506e+03 |   6.070687e+02 |
[36msolid0: [39m|   2.800000e+01 |   1.482577e+03 |              8.549444e+05 |   6.391243e+02 |   7.656533e+02 |   2.789424e+03 |   6.070160e+02 |
[36msolid0: [39m+----------------+----------------+---------------------------+----------------+----------------+----------------+----------------+
[36msolid0: [39m
    Finished Executing MultiApps                                                         [[33m  8.74 s[39m] [[33m 1321 MB[39m]
  Finished Executing MultiApps                                                           [[33m  8.74 s[39m] [[33m 1321 MB[39m]

Postprocessor Values:
+----------------+----------------+----------------+----------------+----------------+----------------+----------------+
| time           | avg_coolant_T  | avg_coolant_rho| k              | k_std_dev      | max_coolant_T  | max_coolant_rho|
+----------------+----------------+----------------+----------------+----------------+----------------+----------------+
:                :                :                :                :                :                :                :
|   1.400000e+01 |   5.851663e+02 |   6.984783e+02 |   1.274109e+00 |   1.902236e-03 |   6.013927e+02 |   7.496271e+02 |
|   1.500000e+01 |   5.851739e+02 |   6.984654e+02 |   1.275514e+00 |   1.836360e-03 |   6.013699e+02 |   7.496123e+02 |
|   1.600000e+01 |   5.852276e+02 |   6.983434e+02 |   1.275424e+00 |   2.289116e-03 |   6.013516e+02 |   7.496003e+02 |
|   1.700000e+01 |   5.852161e+02 |   6.983661e+02 |   1.273490e+00 |   2.223190e-03 |   6.013723e+02 |   7.496074e+02 |
|   1.800000e+01 |   5.852119e+02 |   6.983807e+02 |   1.275776e+00 |   2.085837e-03 |   6.013657e+02 |   7.495985e+02 |
|   1.900000e+01 |   5.852046e+02 |   6.983960e+02 |   1.274887e+00 |   1.954345e-03 |   6.013646e+02 |   7.496089e+02 |
|   2.000000e+01 |   5.851829e+02 |   6.984435e+02 |   1.279635e+00 |   2.000243e-03 |   6.013633e+02 |   7.496112e+02 |
|   2.100000e+01 |   5.852151e+02 |   6.983738e+02 |   1.276268e+00 |   2.218536e-03 |   6.013390e+02 |   7.495902e+02 |
|   2.200000e+01 |   5.852490e+02 |   6.982982e+02 |   1.277853e+00 |   1.879232e-03 |   6.013384e+02 |   7.495757e+02 |
|   2.300000e+01 |   5.852962e+02 |   6.981875e+02 |   1.276895e+00 |   1.854150e-03 |   6.013325e+02 |   7.495545e+02 |
|   2.400000e+01 |   5.852961e+02 |   6.981834e+02 |   1.272076e+00 |   1.908804e-03 |   6.013496e+02 |   7.495563e+02 |
|   2.500000e+01 |   5.853114e+02 |   6.981486e+02 |   1.273433e+00 |   1.853444e-03 |   6.013440e+02 |   7.495523e+02 |
|   2.600000e+01 |   5.853014e+02 |   6.981726e+02 |   1.274657e+00 |   2.055983e-03 |   6.013478e+02 |   7.495526e+02 |
|   2.700000e+01 |   5.852840e+02 |   6.982111e+02 |   1.278644e+00 |   2.125166e-03 |   6.013542e+02 |   7.495536e+02 |
|   2.800000e+01 |   5.852918e+02 |   6.981948e+02 |   1.275822e+00 |   1.849429e-03 |   6.013455e+02 |   7.495492e+02 |
+----------------+----------------+----------------+----------------+----------------+----------------+----------------+
+----------------+----------------+----------------+-----------------------+
| time           | min_coolant_T  | min_coolant_rho| openmc_power_integral |
+----------------+----------------+----------------+-----------------------+
:                :                :                :                       :
|   1.400000e+01 |   5.615235e+02 |   6.576664e+02 |          8.549444e+05 |
|   1.500000e+01 |   5.615315e+02 |   6.577350e+02 |          8.549444e+05 |
|   1.600000e+01 |   5.615380e+02 |   6.577901e+02 |          8.549444e+05 |
|   1.700000e+01 |   5.615342e+02 |   6.577278e+02 |          8.549444e+05 |
|   1.800000e+01 |   5.615390e+02 |   6.577476e+02 |          8.549444e+05 |
|   1.900000e+01 |   5.615333e+02 |   6.577510e+02 |          8.549444e+05 |
|   2.000000e+01 |   5.615321e+02 |   6.577549e+02 |          8.549444e+05 |
|   2.100000e+01 |   5.615434e+02 |   6.578280e+02 |          8.549444e+05 |
|   2.200000e+01 |   5.615513e+02 |   6.578298e+02 |          8.549444e+05 |
|   2.300000e+01 |   5.615627e+02 |   6.578478e+02 |          8.549444e+05 |
|   2.400000e+01 |   5.615618e+02 |   6.577962e+02 |          8.549444e+05 |
|   2.500000e+01 |   5.615639e+02 |   6.578129e+02 |          8.549444e+05 |
|   2.600000e+01 |   5.615638e+02 |   6.578015e+02 |          8.549444e+05 |
|   2.700000e+01 |   5.615632e+02 |   6.577824e+02 |          8.549444e+05 |
|   2.800000e+01 |   5.615656e+02 |   6.578085e+02 |          8.549444e+05 |
+----------------+----------------+----------------+-----------------------+


Time Step 29, time = 29, dt = 1
[36msub_channel0: [39m
[36msub_channel0: [39mTime Step 0, time = 0
[36msub_channel0: [39m
[36msub_channel0: [39mTime Step 1, time = 1, dt = 1
[36msub_channel0: [39mExecuting subchannel solver
[36msub_channel0: [39mSolution initialized
[36msub_channel0: [39mSolving Outer Iteration : 1
[36msub_channel0: [39mSolving Block: 0 From first level: 1 to last level: 60
[36msub_channel0: [39mBlock: 0 - Enthalpy conservation matrix assembled
[36msub_channel0: [39mStart updating thermophysical properties.
[36msub_channel0: [39mDone updating thermophysical properties.
[36msub_channel0: [39mT_block_error: 4.40721e-05
[36msub_channel0: [39mBlock: 0 - Enthalpy conservation matrix assembled
[36msub_channel0: [39mStart updating thermophysical properties.
[36msub_channel0: [39mDone updating thermophysical properties.
[36msub_channel0: [39mT_block_error: 4.32257e-07
[36msub_channel0: [39mP_error :1.14095e-06
[36msub_channel0: [39mIteration:  1
[36msub_channel0: [39mMaximum iterations: 5
[36msub_channel0: [39mFinished executing subchannel solver
[36msub_channel0: [39mCommencing calculation of Pin surface temperature 
[36msub_channel0: [39m ======================================= 
[36msub_channel0: [39m ======== Subchannel Print Outs ======== 
[36msub_channel0: [39m ======================================= 
[36msub_channel0: [39mTotal flow area :0.000984685 m^2
[36msub_channel0: [39mAssembly hydraulic diameter :0.00943815 m
[36msub_channel0: [39mAssembly Re number :382270 [-]
[36msub_channel0: [39mBulk coolant temperature at outlet :599.79 K
[36msub_channel0: [39mPower added to coolant is : 847853 Watt
[36msub_channel0: [39mMass flow rate in is : 3.7418 kg/sec
[36msub_channel0: [39mMass balance is : -0.000126944 kg/sec
[36msub_channel0: [39mUser defined outlet pressure is : 1.57e+07 Pa
[36msub_channel0: [39m ======================================= 
[36msub_channel0: [39m[32m Solve Converged![39m
[36msub_channel0: [39m
[36msub_channel0_viz0: [39m
[36msub_channel0_viz0: [39mPostprocessor Values:
[36msub_channel0_viz0: [39m+----------------+----------------+----------------+----------------+
[36msub_channel0_viz0: [39m| time           | avg_coolant_T  | max_T_fluid    | min_T_fluid    |
[36msub_channel0_viz0: [39m+----------------+----------------+----------------+----------------+
[36msub_channel0_viz0: [39m|   0.000000e+00 |   5.846859e+02 |   6.014800e+02 |   5.603880e+02 |
[36msub_channel0_viz0: [39m+----------------+----------------+----------------+----------------+
[36msub_channel0_viz0: [39m
[36msub_channel0_viz0: [39m[32m Solve Converged![39m
[36msub_channel0_viz0: [39m
[36msub_channel0_viz0: [39m
[36msub_channel0_viz0: [39mPostprocessor Values:
[36msub_channel0_viz0: [39m+----------------+----------------+----------------+----------------+
[36msub_channel0_viz0: [39m| time           | avg_coolant_T  | max_T_fluid    | min_T_fluid    |
[36msub_channel0_viz0: [39m+----------------+----------------+----------------+----------------+
[36msub_channel0_viz0: [39m|   0.000000e+00 |   5.846859e+02 |   6.014800e+02 |   5.603880e+02 |
[36msub_channel0_viz0: [39m|   1.000000e+00 |   5.846591e+02 |   6.014974e+02 |   5.603860e+02 |
[36msub_channel0_viz0: [39m+----------------+----------------+----------------+----------------+
[36msub_channel0_viz0: [39m
Sending temperature to OpenMC cells... 
Setting cell id 13, instance 0 (of 9) [1 contained cells] to temperature (K): 1616.75
Setting cell id 13, instance 1 (of 9) [1 contained cells] to temperature (K): 1615.69
Setting cell id 13, instance 2 (of 9) [1 contained cells] to temperature (K): 1615.45
Setting cell id 13, instance 3 (of 9) [1 contained cells] to temperature (K): 1615.41
Setting cell id 13, instance 4 (of 9) [1 contained cells] to temperature (K): 1615.81
Setting cell id 13, instance 5 (of 9) [1 contained cells] to temperature (K): 1617.45
Setting cell id 13, instance 6 (of 9) [1 contained cells] to temperature (K): 1615.44
Setting cell id 13, instance 7 (of 9) [1 contained cells] to temperature (K): 1617.86
Setting cell id 13, instance 8 (of 9) [1 contained cells] to temperature (K): 1618.87
Setting cell id 14, instance 0 (of 9) [1 contained cells] to temperature (K): 731.961
Setting cell id 14, instance 1 (of 9) [1 contained cells] to temperature (K): 732.72
Setting cell id 14, instance 2 (of 9) [1 contained cells] to temperature (K): 731.835
Setting cell id 14, instance 3 (of 9) [1 contained cells] to temperature (K): 732.581
Setting cell id 14, instance 4 (of 9) [1 contained cells] to temperature (K): 733.779
Setting cell id 14, instance 5 (of 9) [1 contained cells] to temperature (K): 732.965
Setting cell id 14, instance 6 (of 9) [1 contained cells] to temperature (K): 731.601
Setting cell id 14, instance 7 (of 9) [1 contained cells] to temperature (K): 733.021
Setting cell id 14, instance 8 (of 9) [1 contained cells] to temperature (K): 732.642
Setting cell id 16, instance 0 (of 9) [1 contained cells] to temperature (K): 584.496
Setting cell id 16, instance 1 (of 9) [1 contained cells] to temperature (K): 585.607
Setting cell id 16, instance 2 (of 9) [1 contained cells] to temperature (K): 584.509
Setting cell id 16, instance 3 (of 9) [1 contained cells] to temperature (K): 585.593
Setting cell id 16, instance 4 (of 9) [1 contained cells] to temperature (K): 586.854
Setting cell id 16, instance 5 (of 9) [1 contained cells] to temperature (K): 585.64
Setting cell id 16, instance 6 (of 9) [1 contained cells] to temperature (K): 584.487
Setting cell id 16, instance 7 (of 9) [1 contained cells] to temperature (K): 585.63
Setting cell id 16, instance 8 (of 9) [1 contained cells] to temperature (K): 584.564
Sending density to OpenMC cells... 
Setting cell id 16, instance 0 (of 9) to density (kg/m3): 700.16
Setting cell id 16, instance 1 (of 9) to density (kg/m3): 697.417
Setting cell id 16, instance 2 (of 9) to density (kg/m3): 700.133
Setting cell id 16, instance 3 (of 9) to density (kg/m3): 697.449
Setting cell id 16, instance 4 (of 9) to density (kg/m3): 694.286
Setting cell id 16, instance 5 (of 9) to density (kg/m3): 697.333
Setting cell id 16, instance 6 (of 9) to density (kg/m3): 700.186
Setting cell id 16, instance 7 (of 9) to density (kg/m3): 697.357
Setting cell id 16, instance 8 (of 9) to density (kg/m3): 699.994
 Running OpenMC with 2000 particles per batch...
 Maximum neutron transport energy: 20000000 eV for O17
 Initializing source particles...

 ====================>     K EIGENVALUE SIMULATION     <====================

  Bat./Gen.      k            Average k
  =========   ========   ====================
        1/1    1.24412
        2/1    1.30662
        3/1    1.28986
        4/1    1.25689
        5/1    1.22326
        6/1    1.25836
        7/1    1.29949
        8/1    1.25093
        9/1    1.26891
       10/1    1.25784
       11/1    1.28607
       12/1    1.32719
       13/1    1.28572
       14/1    1.31507
       15/1    1.25236
       16/1    1.23399
       17/1    1.26327
       18/1    1.23982
       19/1    1.25156
       20/1    1.23935
       21/1    1.29795
       22/1    1.25315
       23/1    1.33142
       24/1    1.24754
       25/1    1.29571
       26/1    1.24139
       27/1    1.21436
       28/1    1.32341
       29/1    1.29629
       30/1    1.28909
       31/1    1.25692
       32/1    1.29807
       33/1    1.33985
       34/1    1.22535
       35/1    1.29195
       36/1    1.29557
       37/1    1.28961
       38/1    1.26201
       39/1    1.27748
       40/1    1.32907
       41/1    1.27285
       42/1    1.29688
       43/1    1.28432
       44/1    1.30449
       45/1    1.29668
       46/1    1.25382
       47/1    1.29867
       48/1    1.25586
       49/1    1.30169
       50/1    1.28694
       51/1    1.28026
       52/1    1.27801    1.27913 +/- 0.00112
       53/1    1.26915    1.27580 +/- 0.00339
       54/1    1.27673    1.27604 +/- 0.00241
       55/1    1.28924    1.27868 +/- 0.00323
       56/1    1.30397    1.28289 +/- 0.00497
       57/1    1.29221    1.28422 +/- 0.00441
       58/1    1.23355    1.27789 +/- 0.00740
       59/1    1.24324    1.27404 +/- 0.00757
       60/1    1.26284    1.27292 +/- 0.00687
       61/1    1.25836    1.27160 +/- 0.00635
       62/1    1.23471    1.26852 +/- 0.00656
       63/1    1.34183    1.27416 +/- 0.00826
       64/1    1.27869    1.27448 +/- 0.00765
       65/1    1.21079    1.27024 +/- 0.00830
       66/1    1.30829    1.27261 +/- 0.00812
       67/1    1.25990    1.27187 +/- 0.00766
       68/1    1.26676    1.27158 +/- 0.00723
       69/1    1.30213    1.27319 +/- 0.00702
       70/1    1.20095    1.26958 +/- 0.00758
       71/1    1.37227    1.27447 +/- 0.00871
       72/1    1.27932    1.27469 +/- 0.00831
       73/1    1.22218    1.27241 +/- 0.00826
       74/1    1.28513    1.27294 +/- 0.00793
       75/1    1.24219    1.27171 +/- 0.00770
       76/1    1.22958    1.27009 +/- 0.00758
       77/1    1.20672    1.26774 +/- 0.00766
       78/1    1.29283    1.26864 +/- 0.00743
       79/1    1.27497    1.26885 +/- 0.00718
       80/1    1.31341    1.27034 +/- 0.00709
       81/1    1.30375    1.27142 +/- 0.00694
       82/1    1.33526    1.27341 +/- 0.00701
       83/1    1.23803    1.27234 +/- 0.00688
       84/1    1.30256    1.27323 +/- 0.00673
       85/1    1.21590    1.27159 +/- 0.00674
       86/1    1.33699    1.27341 +/- 0.00680
       87/1    1.28835    1.27381 +/- 0.00662
       88/1    1.30932    1.27475 +/- 0.00651
       89/1    1.26303    1.27445 +/- 0.00635
       90/1    1.27701    1.27451 +/- 0.00619
       91/1    1.29221    1.27494 +/- 0.00605
       92/1    1.24701    1.27428 +/- 0.00595
       93/1    1.27166    1.27422 +/- 0.00581
       94/1    1.26429    1.27399 +/- 0.00568
       95/1    1.28689    1.27428 +/- 0.00556
       96/1    1.26678    1.27411 +/- 0.00544
       97/1    1.32686    1.27524 +/- 0.00544
       98/1    1.25108    1.27473 +/- 0.00535
       99/1    1.23813    1.27399 +/- 0.00529
      100/1    1.28036    1.27411 +/- 0.00518
      101/1    1.27058    1.27404 +/- 0.00508
      102/1    1.26114    1.27380 +/- 0.00499
      103/1    1.23699    1.27310 +/- 0.00494
      104/1    1.26989    1.27304 +/- 0.00485
      105/1    1.30405    1.27361 +/- 0.00480
      106/1    1.35427    1.27505 +/- 0.00492
      107/1    1.25582    1.27471 +/- 0.00485
      108/1    1.28311    1.27485 +/- 0.00477
      109/1    1.26686    1.27472 +/- 0.00469
      110/1    1.24703    1.27426 +/- 0.00463
      111/1    1.27458    1.27426 +/- 0.00455
      112/1    1.27591    1.27429 +/- 0.00448
      113/1    1.24034    1.27375 +/- 0.00444
      114/1    1.29251    1.27404 +/- 0.00438
      115/1    1.26925    1.27397 +/- 0.00431
      116/1    1.30482    1.27444 +/- 0.00427
      117/1    1.27500    1.27445 +/- 0.00421
      118/1    1.18473    1.27313 +/- 0.00435
      119/1    1.27010    1.27308 +/- 0.00429
      120/1    1.32934    1.27389 +/- 0.00430
      121/1    1.31851    1.27451 +/- 0.00429
      122/1    1.25328    1.27422 +/- 0.00424
      123/1    1.24605    1.27383 +/- 0.00420
      124/1    1.28214    1.27395 +/- 0.00414
      125/1    1.28350    1.27407 +/- 0.00409
      126/1    1.26001    1.27389 +/- 0.00404
      127/1    1.27680    1.27393 +/- 0.00399
      128/1    1.29304    1.27417 +/- 0.00394
      129/1    1.23979    1.27374 +/- 0.00392
      130/1    1.25278    1.27347 +/- 0.00388
      131/1    1.25307    1.27322 +/- 0.00384
      132/1    1.27014    1.27318 +/- 0.00379
      133/1    1.33403    1.27392 +/- 0.00381
      134/1    1.26227    1.27378 +/- 0.00377
      135/1    1.23674    1.27334 +/- 0.00375
      136/1    1.24048    1.27296 +/- 0.00373
      137/1    1.25767    1.27279 +/- 0.00369
      138/1    1.26009    1.27264 +/- 0.00365
      139/1    1.27768    1.27270 +/- 0.00361
      140/1    1.32162    1.27324 +/- 0.00361
      141/1    1.26645    1.27317 +/- 0.00357
      142/1    1.36489    1.27416 +/- 0.00367
      143/1    1.23878    1.27378 +/- 0.00365
      144/1    1.27201    1.27376 +/- 0.00361
      145/1    1.29513    1.27399 +/- 0.00358
      146/1    1.26680    1.27391 +/- 0.00354
      147/1    1.32048    1.27439 +/- 0.00354
      148/1    1.29112    1.27457 +/- 0.00351
      149/1    1.23927    1.27421 +/- 0.00349
      150/1    1.31802    1.27465 +/- 0.00348
 Creating state point statepoint.150.h5...

 =======================>     TIMING STATISTICS     <=======================

 Total time for initialization     = 0.0000e+00 seconds
   Reading cross sections          = 0.0000e+00 seconds
 Total time in simulation          = 5.8314e+00 seconds
   Time in transport only          = 5.7672e+00 seconds
   Time in inactive batches        = 8.9670e-01 seconds
   Time in active batches          = 4.9347e+00 seconds
   Time synchronizing fission bank = 1.7654e-02 seconds
     Sampling source sites         = 1.5011e-02 seconds
     SEND/RECV source sites        = 2.3800e-03 seconds
   Time accumulating tallies       = 2.8472e-02 seconds
   Time writing statepoints        = 5.1996e-03 seconds
 Total time for finalization       = 3.1947e-02 seconds
 Total time elapsed                = 5.8752e+00 seconds
 Calculation Rate (inactive)       = 111520 particles/second
 Calculation Rate (active)         = 40529 particles/second

 ============================>     RESULTS     <============================

 k-effective (Collision)     = 1.27690 +/- 0.00269
 k-effective (Track-length)  = 1.27465 +/- 0.00348
 k-effective (Absorption)    = 1.27477 +/- 0.00199
 Combined k-effective        = 1.27521 +/- 0.00187
 Leakage Fraction            = 0.00008 +/- 0.00002

Extracting OpenMC tallies...
    Finished Solving OpenMC                                                              [[33m  5.88 s[39m] [[33m 1280 MB[39m]
[32m Solve Converged![39m

  Finished Solving                                                                       [[33m  5.92 s[39m] [[33m 1280 MB[39m]
[36msolid0: [39m
[36msolid0: [39mTime Step 29, time = 29, dt = 1
[36msolid0: [39m 0 Nonlinear |R| = [32m3.154517e+01[39m
[36msolid0: [39m      0 Linear |R| = [32m3.154517e+01[39m
[36msolid0: [39m      1 Linear |R| = [32m4.392679e+00[39m
[36msolid0: [39m      2 Linear |R| = [32m1.927243e+00[39m
[36msolid0: [39m      3 Linear |R| = [32m7.629314e-01[39m
[36msolid0: [39m      4 Linear |R| = [32m1.771234e-01[39m
[36msolid0: [39m      5 Linear |R| = [32m3.149986e-02[39m
[36msolid0: [39m      6 Linear |R| = [32m6.476599e-03[39m
[36msolid0: [39m      7 Linear |R| = [32m1.138665e-03[39m
[36msolid0: [39m      8 Linear |R| = [32m1.506148e-04[39m
[36msolid0: [39m 1 Nonlinear |R| = [32m3.372722e-04[39m
[36msolid0: [39m      0 Linear |R| = [32m3.372722e-04[39m
[36msolid0: [39m      1 Linear |R| = [32m3.813465e-05[39m
[36msolid0: [39m      2 Linear |R| = [32m1.954997e-05[39m
[36msolid0: [39m      3 Linear |R| = [32m7.892418e-06[39m
[36msolid0: [39m      4 Linear |R| = [32m1.821539e-06[39m
[36msolid0: [39m      5 Linear |R| = [32m3.478723e-07[39m
[36msolid0: [39m      6 Linear |R| = [32m6.875572e-08[39m
[36msolid0: [39m      7 Linear |R| = [32m1.384170e-08[39m
[36msolid0: [39m      8 Linear |R| = [32m3.245340e-09[39m
[36msolid0: [39m 2 Nonlinear |R| = [32m4.631341e-09[39m
[36msolid0: [39m[32m Solve Converged![39m
[36msolid0: [39m
[36msolid0: [39mFinished Solving                                                                 [[33m  7.76 s[39m] [[33m 1280 MB[39m]
[36msolid0: [39m
[36msolid0: [39mPostprocessor Values:
[36msolid0: [39m+----------------+----------------+---------------------------+----------------+----------------+----------------+----------------+
[36msolid0: [39m| time           | avg_fuel_T     | conduction_power_integral | max_T_wall_send| max_clad_T     | max_fuel_T     | min_T_wall_send|
[36msolid0: [39m+----------------+----------------+---------------------------+----------------+----------------+----------------+----------------+
[36msolid0: [39m:                :                :                           :                :                :                :                :
[36msolid0: [39m|   1.500000e+01 |   1.456080e+03 |              8.549444e+05 |   6.392419e+02 |   7.632614e+02 |   2.706766e+03 |   6.072024e+02 |
[36msolid0: [39m|   1.600000e+01 |   1.462292e+03 |              8.549444e+05 |   6.393285e+02 |   7.644213e+02 |   2.723379e+03 |   6.070723e+02 |
[36msolid0: [39m|   1.700000e+01 |   1.467076e+03 |              8.549444e+05 |   6.393247e+02 |   7.641653e+02 |   2.736161e+03 |   6.071097e+02 |
[36msolid0: [39m|   1.800000e+01 |   1.470764e+03 |              8.549444e+05 |   6.391481e+02 |   7.647459e+02 |   2.744224e+03 |   6.071891e+02 |
[36msolid0: [39m|   1.900000e+01 |   1.473618e+03 |              8.549444e+05 |   6.391349e+02 |   7.645929e+02 |   2.746754e+03 |   6.071270e+02 |
[36msolid0: [39m|   2.000000e+01 |   1.475808e+03 |              8.549444e+05 |   6.391715e+02 |   7.647284e+02 |   2.753831e+03 |   6.070795e+02 |
[36msolid0: [39m|   2.100000e+01 |   1.477526e+03 |              8.549444e+05 |   6.393197e+02 |   7.650222e+02 |   2.762492e+03 |   6.069926e+02 |
[36msolid0: [39m|   2.200000e+01 |   1.478866e+03 |              8.549444e+05 |   6.391906e+02 |   7.652565e+02 |   2.771902e+03 |   6.070428e+02 |
[36msolid0: [39m|   2.300000e+01 |   1.479925e+03 |              8.549444e+05 |   6.391750e+02 |   7.657974e+02 |   2.778061e+03 |   6.069502e+02 |
[36msolid0: [39m|   2.400000e+01 |   1.480752e+03 |              8.549444e+05 |   6.392829e+02 |   7.655955e+02 |   2.783121e+03 |   6.069818e+02 |
[36msolid0: [39m|   2.500000e+01 |   1.481398e+03 |              8.549444e+05 |   6.392815e+02 |   7.658099e+02 |   2.786404e+03 |   6.069606e+02 |
[36msolid0: [39m|   2.600000e+01 |   1.481891e+03 |              8.549444e+05 |   6.390850e+02 |   7.662864e+02 |   2.789356e+03 |   6.070575e+02 |
[36msolid0: [39m|   2.700000e+01 |   1.482267e+03 |              8.549444e+05 |   6.391345e+02 |   7.659074e+02 |   2.790506e+03 |   6.070687e+02 |
[36msolid0: [39m|   2.800000e+01 |   1.482577e+03 |              8.549444e+05 |   6.391243e+02 |   7.656533e+02 |   2.789424e+03 |   6.070160e+02 |
[36msolid0: [39m|   2.900000e+01 |   1.482827e+03 |              8.549444e+05 |   6.390551e+02 |   7.653126e+02 |   2.790749e+03 |   6.071453e+02 |
[36msolid0: [39m+----------------+----------------+---------------------------+----------------+----------------+----------------+----------------+
[36msolid0: [39m
[36msolid0: [39m
[36msolid0: [39mPostprocessor Values:
[36msolid0: [39m+----------------+----------------+---------------------------+----------------+----------------+----------------+----------------+
[36msolid0: [39m| time           | avg_fuel_T     | conduction_power_integral | max_T_wall_send| max_clad_T     | max_fuel_T     | min_T_wall_send|
[36msolid0: [39m+----------------+----------------+---------------------------+----------------+----------------+----------------+----------------+
[36msolid0: [39m:                :                :                           :                :                :                :                :
[36msolid0: [39m|   1.500000e+01 |   1.456080e+03 |              8.549444e+05 |   6.392419e+02 |   7.632614e+02 |   2.706766e+03 |   6.072024e+02 |
[36msolid0: [39m|   1.600000e+01 |   1.462292e+03 |              8.549444e+05 |   6.393285e+02 |   7.644213e+02 |   2.723379e+03 |   6.070723e+02 |
[36msolid0: [39m|   1.700000e+01 |   1.467076e+03 |              8.549444e+05 |   6.393247e+02 |   7.641653e+02 |   2.736161e+03 |   6.071097e+02 |
[36msolid0: [39m|   1.800000e+01 |   1.470764e+03 |              8.549444e+05 |   6.391481e+02 |   7.647459e+02 |   2.744224e+03 |   6.071891e+02 |
[36msolid0: [39m|   1.900000e+01 |   1.473618e+03 |              8.549444e+05 |   6.391349e+02 |   7.645929e+02 |   2.746754e+03 |   6.071270e+02 |
[36msolid0: [39m|   2.000000e+01 |   1.475808e+03 |              8.549444e+05 |   6.391715e+02 |   7.647284e+02 |   2.753831e+03 |   6.070795e+02 |
[36msolid0: [39m|   2.100000e+01 |   1.477526e+03 |              8.549444e+05 |   6.393197e+02 |   7.650222e+02 |   2.762492e+03 |   6.069926e+02 |
[36msolid0: [39m|   2.200000e+01 |   1.478866e+03 |              8.549444e+05 |   6.391906e+02 |   7.652565e+02 |   2.771902e+03 |   6.070428e+02 |
[36msolid0: [39m|   2.300000e+01 |   1.479925e+03 |              8.549444e+05 |   6.391750e+02 |   7.657974e+02 |   2.778061e+03 |   6.069502e+02 |
[36msolid0: [39m|   2.400000e+01 |   1.480752e+03 |              8.549444e+05 |   6.392829e+02 |   7.655955e+02 |   2.783121e+03 |   6.069818e+02 |
[36msolid0: [39m|   2.500000e+01 |   1.481398e+03 |              8.549444e+05 |   6.392815e+02 |   7.658099e+02 |   2.786404e+03 |   6.069606e+02 |
[36msolid0: [39m|   2.600000e+01 |   1.481891e+03 |              8.549444e+05 |   6.390850e+02 |   7.662864e+02 |   2.789356e+03 |   6.070575e+02 |
[36msolid0: [39m|   2.700000e+01 |   1.482267e+03 |              8.549444e+05 |   6.391345e+02 |   7.659074e+02 |   2.790506e+03 |   6.070687e+02 |
[36msolid0: [39m|   2.800000e+01 |   1.482577e+03 |              8.549444e+05 |   6.391243e+02 |   7.656533e+02 |   2.789424e+03 |   6.070160e+02 |
[36msolid0: [39m|   2.900000e+01 |   1.482827e+03 |              8.549444e+05 |   6.390551e+02 |   7.653126e+02 |   2.790749e+03 |   6.071453e+02 |
[36msolid0: [39m+----------------+----------------+---------------------------+----------------+----------------+----------------+----------------+
[36msolid0: [39m
    Finished Executing MultiApps                                                         [[33m  8.29 s[39m] [[33m 1280 MB[39m]
  Finished Executing MultiApps                                                           [[33m  8.29 s[39m] [[33m 1280 MB[39m]

Postprocessor Values:
+----------------+----------------+----------------+----------------+----------------+----------------+----------------+
| time           | avg_coolant_T  | avg_coolant_rho| k              | k_std_dev      | max_coolant_T  | max_coolant_rho|
+----------------+----------------+----------------+----------------+----------------+----------------+----------------+
:                :                :                :                :                :                :                :
|   1.500000e+01 |   5.851739e+02 |   6.984654e+02 |   1.275514e+00 |   1.836360e-03 |   6.013699e+02 |   7.496123e+02 |
|   1.600000e+01 |   5.852276e+02 |   6.983434e+02 |   1.275424e+00 |   2.289116e-03 |   6.013516e+02 |   7.496003e+02 |
|   1.700000e+01 |   5.852161e+02 |   6.983661e+02 |   1.273490e+00 |   2.223190e-03 |   6.013723e+02 |   7.496074e+02 |
|   1.800000e+01 |   5.852119e+02 |   6.983807e+02 |   1.275776e+00 |   2.085837e-03 |   6.013657e+02 |   7.495985e+02 |
|   1.900000e+01 |   5.852046e+02 |   6.983960e+02 |   1.274887e+00 |   1.954345e-03 |   6.013646e+02 |   7.496089e+02 |
|   2.000000e+01 |   5.851829e+02 |   6.984435e+02 |   1.279635e+00 |   2.000243e-03 |   6.013633e+02 |   7.496112e+02 |
|   2.100000e+01 |   5.852151e+02 |   6.983738e+02 |   1.276268e+00 |   2.218536e-03 |   6.013390e+02 |   7.495902e+02 |
|   2.200000e+01 |   5.852490e+02 |   6.982982e+02 |   1.277853e+00 |   1.879232e-03 |   6.013384e+02 |   7.495757e+02 |
|   2.300000e+01 |   5.852962e+02 |   6.981875e+02 |   1.276895e+00 |   1.854150e-03 |   6.013325e+02 |   7.495545e+02 |
|   2.400000e+01 |   5.852961e+02 |   6.981834e+02 |   1.272076e+00 |   1.908804e-03 |   6.013496e+02 |   7.495563e+02 |
|   2.500000e+01 |   5.853114e+02 |   6.981486e+02 |   1.273433e+00 |   1.853444e-03 |   6.013440e+02 |   7.495523e+02 |
|   2.600000e+01 |   5.853014e+02 |   6.981726e+02 |   1.274657e+00 |   2.055983e-03 |   6.013478e+02 |   7.495526e+02 |
|   2.700000e+01 |   5.852840e+02 |   6.982111e+02 |   1.278644e+00 |   2.125166e-03 |   6.013542e+02 |   7.495536e+02 |
|   2.800000e+01 |   5.852918e+02 |   6.981948e+02 |   1.275822e+00 |   1.849429e-03 |   6.013455e+02 |   7.495492e+02 |
|   2.900000e+01 |   5.852643e+02 |   6.982570e+02 |   1.275211e+00 |   1.873886e-03 |   6.013618e+02 |   7.495638e+02 |
+----------------+----------------+----------------+----------------+----------------+----------------+----------------+
+----------------+----------------+----------------+-----------------------+
| time           | min_coolant_T  | min_coolant_rho| openmc_power_integral |
+----------------+----------------+----------------+-----------------------+
:                :                :                :                       :
|   1.500000e+01 |   5.615315e+02 |   6.577350e+02 |          8.549444e+05 |
|   1.600000e+01 |   5.615380e+02 |   6.577901e+02 |          8.549444e+05 |
|   1.700000e+01 |   5.615342e+02 |   6.577278e+02 |          8.549444e+05 |
|   1.800000e+01 |   5.615390e+02 |   6.577476e+02 |          8.549444e+05 |
|   1.900000e+01 |   5.615333e+02 |   6.577510e+02 |          8.549444e+05 |
|   2.000000e+01 |   5.615321e+02 |   6.577549e+02 |          8.549444e+05 |
|   2.100000e+01 |   5.615434e+02 |   6.578280e+02 |          8.549444e+05 |
|   2.200000e+01 |   5.615513e+02 |   6.578298e+02 |          8.549444e+05 |
|   2.300000e+01 |   5.615627e+02 |   6.578478e+02 |          8.549444e+05 |
|   2.400000e+01 |   5.615618e+02 |   6.577962e+02 |          8.549444e+05 |
|   2.500000e+01 |   5.615639e+02 |   6.578129e+02 |          8.549444e+05 |
|   2.600000e+01 |   5.615638e+02 |   6.578015e+02 |          8.549444e+05 |
|   2.700000e+01 |   5.615632e+02 |   6.577824e+02 |          8.549444e+05 |
|   2.800000e+01 |   5.615656e+02 |   6.578085e+02 |          8.549444e+05 |
|   2.900000e+01 |   5.615577e+02 |   6.577595e+02 |          8.549444e+05 |
+----------------+----------------+----------------+-----------------------+


Time Step 30, time = 30, dt = 1
[36msub_channel0: [39m
[36msub_channel0: [39mTime Step 0, time = 0
[36msub_channel0: [39m
[36msub_channel0: [39mTime Step 1, time = 1, dt = 1
[36msub_channel0: [39mExecuting subchannel solver
[36msub_channel0: [39mSolution initialized
[36msub_channel0: [39mSolving Outer Iteration : 1
[36msub_channel0: [39mSolving Block: 0 From first level: 1 to last level: 60
[36msub_channel0: [39mBlock: 0 - Enthalpy conservation matrix assembled
[36msub_channel0: [39mStart updating thermophysical properties.
[36msub_channel0: [39mDone updating thermophysical properties.
[36msub_channel0: [39mT_block_error: 5.26042e-05
[36msub_channel0: [39mBlock: 0 - Enthalpy conservation matrix assembled
[36msub_channel0: [39mStart updating thermophysical properties.
[36msub_channel0: [39mDone updating thermophysical properties.
[36msub_channel0: [39mT_block_error: 5.72142e-07
[36msub_channel0: [39mP_error :5.4469e-07
[36msub_channel0: [39mIteration:  1
[36msub_channel0: [39mMaximum iterations: 5
[36msub_channel0: [39mFinished executing subchannel solver
[36msub_channel0: [39mCommencing calculation of Pin surface temperature 
[36msub_channel0: [39m ======================================= 
[36msub_channel0: [39m ======== Subchannel Print Outs ======== 
[36msub_channel0: [39m ======================================= 
[36msub_channel0: [39mTotal flow area :0.000984685 m^2
[36msub_channel0: [39mAssembly hydraulic diameter :0.00943815 m
[36msub_channel0: [39mAssembly Re number :382270 [-]
[36msub_channel0: [39mBulk coolant temperature at outlet :599.767 K
[36msub_channel0: [39mPower added to coolant is : 847672 Watt
[36msub_channel0: [39mMass flow rate in is : 3.7418 kg/sec
[36msub_channel0: [39mMass balance is : 0.000123128 kg/sec
[36msub_channel0: [39mUser defined outlet pressure is : 1.57e+07 Pa
[36msub_channel0: [39m ======================================= 
[36msub_channel0: [39m[32m Solve Converged![39m
[36msub_channel0: [39m
[36msub_channel0_viz0: [39m
[36msub_channel0_viz0: [39mPostprocessor Values:
[36msub_channel0_viz0: [39m+----------------+----------------+----------------+----------------+
[36msub_channel0_viz0: [39m| time           | avg_coolant_T  | max_T_fluid    | min_T_fluid    |
[36msub_channel0_viz0: [39m+----------------+----------------+----------------+----------------+
[36msub_channel0_viz0: [39m|   0.000000e+00 |   5.846591e+02 |   6.014974e+02 |   5.603860e+02 |
[36msub_channel0_viz0: [39m+----------------+----------------+----------------+----------------+
[36msub_channel0_viz0: [39m
[36msub_channel0_viz0: [39m[32m Solve Converged![39m
[36msub_channel0_viz0: [39m
[36msub_channel0_viz0: [39m
[36msub_channel0_viz0: [39mPostprocessor Values:
[36msub_channel0_viz0: [39m+----------------+----------------+----------------+----------------+
[36msub_channel0_viz0: [39m| time           | avg_coolant_T  | max_T_fluid    | min_T_fluid    |
[36msub_channel0_viz0: [39m+----------------+----------------+----------------+----------------+
[36msub_channel0_viz0: [39m|   0.000000e+00 |   5.846591e+02 |   6.014974e+02 |   5.603860e+02 |
[36msub_channel0_viz0: [39m|   1.000000e+00 |   5.846910e+02 |   6.014742e+02 |   5.603898e+02 |
[36msub_channel0_viz0: [39m+----------------+----------------+----------------+----------------+
[36msub_channel0_viz0: [39m
Sending temperature to OpenMC cells... 
Setting cell id 13, instance 0 (of 9) [1 contained cells] to temperature (K): 1617.1
Setting cell id 13, instance 1 (of 9) [1 contained cells] to temperature (K): 1615.95
Setting cell id 13, instance 2 (of 9) [1 contained cells] to temperature (K): 1615.95
Setting cell id 13, instance 3 (of 9) [1 contained cells] to temperature (K): 1615.66
Setting cell id 13, instance 4 (of 9) [1 contained cells] to temperature (K): 1616.13
Setting cell id 13, instance 5 (of 9) [1 contained cells] to temperature (K): 1617.73
Setting cell id 13, instance 6 (of 9) [1 contained cells] to temperature (K): 1615.72
Setting cell id 13, instance 7 (of 9) [1 contained cells] to temperature (K): 1618.1
Setting cell id 13, instance 8 (of 9) [1 contained cells] to temperature (K): 1619.19
Setting cell id 14, instance 0 (of 9) [1 contained cells] to temperature (K): 731.963
Setting cell id 14, instance 1 (of 9) [1 contained cells] to temperature (K): 732.65
Setting cell id 14, instance 2 (of 9) [1 contained cells] to temperature (K): 731.845
Setting cell id 14, instance 3 (of 9) [1 contained cells] to temperature (K): 732.557
Setting cell id 14, instance 4 (of 9) [1 contained cells] to temperature (K): 733.788
Setting cell id 14, instance 5 (of 9) [1 contained cells] to temperature (K): 732.979
Setting cell id 14, instance 6 (of 9) [1 contained cells] to temperature (K): 731.627
Setting cell id 14, instance 7 (of 9) [1 contained cells] to temperature (K): 733.007
Setting cell id 14, instance 8 (of 9) [1 contained cells] to temperature (K): 732.657
Setting cell id 16, instance 0 (of 9) [1 contained cells] to temperature (K): 584.525
Setting cell id 16, instance 1 (of 9) [1 contained cells] to temperature (K): 585.64
Setting cell id 16, instance 2 (of 9) [1 contained cells] to temperature (K): 584.546
Setting cell id 16, instance 3 (of 9) [1 contained cells] to temperature (K): 585.624
Setting cell id 16, instance 4 (of 9) [1 contained cells] to temperature (K): 586.888
Setting cell id 16, instance 5 (of 9) [1 contained cells] to temperature (K): 585.676
Setting cell id 16, instance 6 (of 9) [1 contained cells] to temperature (K): 584.516
Setting cell id 16, instance 7 (of 9) [1 contained cells] to temperature (K): 585.661
Setting cell id 16, instance 8 (of 9) [1 contained cells] to temperature (K): 584.595
Sending density to OpenMC cells... 
Setting cell id 16, instance 0 (of 9) to density (kg/m3): 700.099
Setting cell id 16, instance 1 (of 9) to density (kg/m3): 697.343
Setting cell id 16, instance 2 (of 9) to density (kg/m3): 700.052
Setting cell id 16, instance 3 (of 9) to density (kg/m3): 697.382
Setting cell id 16, instance 4 (of 9) to density (kg/m3): 694.21
Setting cell id 16, instance 5 (of 9) to density (kg/m3): 697.251
Setting cell id 16, instance 6 (of 9) to density (kg/m3): 700.123
Setting cell id 16, instance 7 (of 9) to density (kg/m3): 697.29
Setting cell id 16, instance 8 (of 9) to density (kg/m3): 699.925
 Running OpenMC with 2000 particles per batch...
 Maximum neutron transport energy: 20000000 eV for O17
 Initializing source particles...

 ====================>     K EIGENVALUE SIMULATION     <====================

  Bat./Gen.      k            Average k
  =========   ========   ====================
        1/1    1.24578
        2/1    1.18295
        3/1    1.30880
        4/1    1.32471
        5/1    1.29416
        6/1    1.26835
        7/1    1.27276
        8/1    1.27261
        9/1    1.32800
       10/1    1.25889
       11/1    1.29758
       12/1    1.23727
       13/1    1.22745
       14/1    1.24150
       15/1    1.32907
       16/1    1.23180
       17/1    1.34327
       18/1    1.27878
       19/1    1.23774
       20/1    1.24658
       21/1    1.25078
       22/1    1.24367
       23/1    1.23202
       24/1    1.31498
       25/1    1.27192
       26/1    1.28066
       27/1    1.26919
       28/1    1.22762
       29/1    1.28940
       30/1    1.31580
       31/1    1.26266
       32/1    1.28944
       33/1    1.21136
       34/1    1.23921
       35/1    1.22830
       36/1    1.27133
       37/1    1.30736
       38/1    1.30913
       39/1    1.29110
       40/1    1.24827
       41/1    1.27667
       42/1    1.28098
       43/1    1.29054
       44/1    1.27612
       45/1    1.31721
       46/1    1.26866
       47/1    1.21332
       48/1    1.29281
       49/1    1.32543
       50/1    1.29185
       51/1    1.29024
       52/1    1.22235    1.25630 +/- 0.03395
       53/1    1.30899    1.27386 +/- 0.02632
       54/1    1.31340    1.28375 +/- 0.02107
       55/1    1.24740    1.27648 +/- 0.01787
       56/1    1.32845    1.28514 +/- 0.01697
       57/1    1.19660    1.27249 +/- 0.01912
       58/1    1.27322    1.27258 +/- 0.01656
       59/1    1.22215    1.26698 +/- 0.01564
       60/1    1.30891    1.27117 +/- 0.01461
       61/1    1.30363    1.27412 +/- 0.01354
       62/1    1.19498    1.26753 +/- 0.01401
       63/1    1.27304    1.26795 +/- 0.01289
       64/1    1.24388    1.26623 +/- 0.01206
       65/1    1.23831    1.26437 +/- 0.01138
       66/1    1.29428    1.26624 +/- 0.01081
       67/1    1.32752    1.26984 +/- 0.01077
       68/1    1.27067    1.26989 +/- 0.01016
       69/1    1.35488    1.27436 +/- 0.01060
       70/1    1.27219    1.27425 +/- 0.01005
       71/1    1.31231    1.27607 +/- 0.00973
       72/1    1.28427    1.27644 +/- 0.00929
       73/1    1.29298    1.27716 +/- 0.00890
       74/1    1.31655    1.27880 +/- 0.00868
       75/1    1.30590    1.27988 +/- 0.00840
       76/1    1.28019    1.27990 +/- 0.00807
       77/1    1.26323    1.27928 +/- 0.00779
       78/1    1.27030    1.27896 +/- 0.00751
       79/1    1.29163    1.27939 +/- 0.00726
       80/1    1.31429    1.28056 +/- 0.00711
       81/1    1.27888    1.28050 +/- 0.00688
       82/1    1.25380    1.27967 +/- 0.00671
       83/1    1.30520    1.28044 +/- 0.00655
       84/1    1.26801    1.28008 +/- 0.00637
       85/1    1.23724    1.27885 +/- 0.00630
       86/1    1.27708    1.27880 +/- 0.00612
       87/1    1.23004    1.27749 +/- 0.00610
       88/1    1.26851    1.27725 +/- 0.00594
       89/1    1.26744    1.27700 +/- 0.00579
       90/1    1.28953    1.27731 +/- 0.00566
       91/1    1.30092    1.27789 +/- 0.00555
       92/1    1.31206    1.27870 +/- 0.00547
       93/1    1.24978    1.27803 +/- 0.00539
       94/1    1.30581    1.27866 +/- 0.00530
       95/1    1.28630    1.27883 +/- 0.00518
       96/1    1.26474    1.27852 +/- 0.00508
       97/1    1.26943    1.27833 +/- 0.00497
       98/1    1.30596    1.27891 +/- 0.00490
       99/1    1.27004    1.27872 +/- 0.00480
      100/1    1.33791    1.27991 +/- 0.00485
      101/1    1.27964    1.27990 +/- 0.00476
      102/1    1.24242    1.27918 +/- 0.00472
      103/1    1.28661    1.27932 +/- 0.00463
      104/1    1.26947    1.27914 +/- 0.00455
      105/1    1.26399    1.27886 +/- 0.00448
      106/1    1.24675    1.27829 +/- 0.00443
      107/1    1.25296    1.27785 +/- 0.00438
      108/1    1.19427    1.27641 +/- 0.00454
      109/1    1.25809    1.27610 +/- 0.00447
      110/1    1.32672    1.27694 +/- 0.00447
      111/1    1.28415    1.27706 +/- 0.00440
      112/1    1.25814    1.27675 +/- 0.00434
      113/1    1.19286    1.27542 +/- 0.00447
      114/1    1.27569    1.27542 +/- 0.00440
      115/1    1.27674    1.27544 +/- 0.00433
      116/1    1.22782    1.27472 +/- 0.00433
      117/1    1.32271    1.27544 +/- 0.00432
      118/1    1.28938    1.27564 +/- 0.00426
      119/1    1.21154    1.27472 +/- 0.00430
      120/1    1.26535    1.27458 +/- 0.00424
      121/1    1.34989    1.27564 +/- 0.00432
      122/1    1.31237    1.27615 +/- 0.00429
      123/1    1.26784    1.27604 +/- 0.00423
      124/1    1.28802    1.27620 +/- 0.00417
      125/1    1.33199    1.27694 +/- 0.00419
      126/1    1.22372    1.27624 +/- 0.00419
      127/1    1.31826    1.27679 +/- 0.00417
      128/1    1.22458    1.27612 +/- 0.00417
      129/1    1.30524    1.27649 +/- 0.00413
      130/1    1.26553    1.27635 +/- 0.00408
      131/1    1.29265    1.27655 +/- 0.00404
      132/1    1.29231    1.27675 +/- 0.00399
      133/1    1.38590    1.27806 +/- 0.00416
      134/1    1.20958    1.27725 +/- 0.00419
      135/1    1.24370    1.27685 +/- 0.00416
      136/1    1.30091    1.27713 +/- 0.00412
      137/1    1.25649    1.27689 +/- 0.00408
      138/1    1.26933    1.27681 +/- 0.00403
      139/1    1.26168    1.27664 +/- 0.00399
      140/1    1.17455    1.27550 +/- 0.00411
      141/1    1.24469    1.27516 +/- 0.00407
      142/1    1.30752    1.27552 +/- 0.00404
      143/1    1.23548    1.27509 +/- 0.00402
      144/1    1.25312    1.27485 +/- 0.00399
      145/1    1.29706    1.27509 +/- 0.00395
      146/1    1.18588    1.27416 +/- 0.00402
      147/1    1.28101    1.27423 +/- 0.00398
      148/1    1.31015    1.27459 +/- 0.00396
      149/1    1.27129    1.27456 +/- 0.00392
      150/1    1.25914    1.27441 +/- 0.00388
 Creating state point statepoint.150.h5...

 =======================>     TIMING STATISTICS     <=======================

 Total time for initialization     = 0.0000e+00 seconds
   Reading cross sections          = 0.0000e+00 seconds
 Total time in simulation          = 5.7354e+00 seconds
   Time in transport only          = 5.6739e+00 seconds
   Time in inactive batches        = 9.1645e-01 seconds
   Time in active batches          = 4.8190e+00 seconds
   Time synchronizing fission bank = 1.6770e-02 seconds
     Sampling source sites         = 1.3923e-02 seconds
     SEND/RECV source sites        = 2.6007e-03 seconds
   Time accumulating tallies       = 2.8924e-02 seconds
   Time writing statepoints        = 4.5931e-03 seconds
 Total time for finalization       = 1.6261e-02 seconds
 Total time elapsed                = 5.7635e+00 seconds
 Calculation Rate (inactive)       = 109116 particles/second
 Calculation Rate (active)         = 41502.7 particles/second

 ============================>     RESULTS     <============================

 k-effective (Collision)     = 1.27450 +/- 0.00295
 k-effective (Track-length)  = 1.27441 +/- 0.00388
 k-effective (Absorption)    = 1.27764 +/- 0.00216
 Combined k-effective        = 1.27698 +/- 0.00198
 Leakage Fraction            = 0.00013 +/- 0.00002

Extracting OpenMC tallies...
    Finished Solving OpenMC                                                              [[33m  5.76 s[39m] [[33m 1301 MB[39m]
[32m Solve Converged![39m

  Finished Solving                                                                       [[33m  5.81 s[39m] [[33m 1301 MB[39m]
[36msolid0: [39m
[36msolid0: [39mTime Step 30, time = 30, dt = 1
[36msolid0: [39m 0 Nonlinear |R| = [32m3.096296e+01[39m
[36msolid0: [39m      0 Linear |R| = [32m3.096296e+01[39m
[36msolid0: [39m      1 Linear |R| = [32m3.258390e+00[39m
[36msolid0: [39m      2 Linear |R| = [32m1.371760e+00[39m
[36msolid0: [39m      3 Linear |R| = [32m5.832290e-01[39m
[36msolid0: [39m      4 Linear |R| = [32m1.522480e-01[39m
[36msolid0: [39m      5 Linear |R| = [32m2.832310e-02[39m
[36msolid0: [39m      6 Linear |R| = [32m5.320754e-03[39m
[36msolid0: [39m      7 Linear |R| = [32m9.939467e-04[39m
[36msolid0: [39m      8 Linear |R| = [32m1.359027e-04[39m
[36msolid0: [39m 1 Nonlinear |R| = [32m2.619978e-04[39m
[36msolid0: [39m      0 Linear |R| = [32m2.619978e-04[39m
[36msolid0: [39m      1 Linear |R| = [32m3.487086e-05[39m
[36msolid0: [39m      2 Linear |R| = [32m1.740923e-05[39m
[36msolid0: [39m      3 Linear |R| = [32m7.318627e-06[39m
[36msolid0: [39m      4 Linear |R| = [32m1.692715e-06[39m
[36msolid0: [39m      5 Linear |R| = [32m3.316895e-07[39m
[36msolid0: [39m      6 Linear |R| = [32m6.424037e-08[39m
[36msolid0: [39m      7 Linear |R| = [32m1.268464e-08[39m
[36msolid0: [39m      8 Linear |R| = [32m2.905017e-09[39m
[36msolid0: [39m      9 Linear |R| = [32m1.506746e-09[39m
[36msolid0: [39m 2 Nonlinear |R| = [32m3.395691e-09[39m
[36msolid0: [39m[32m Solve Converged![39m
[36msolid0: [39m
[36msolid0: [39mFinished Solving                                                                 [[33m  7.93 s[39m] [[33m 1320 MB[39m]
[36msolid0: [39m
[36msolid0: [39mPostprocessor Values:
[36msolid0: [39m+----------------+----------------+---------------------------+----------------+----------------+----------------+----------------+
[36msolid0: [39m| time           | avg_fuel_T     | conduction_power_integral | max_T_wall_send| max_clad_T     | max_fuel_T     | min_T_wall_send|
[36msolid0: [39m+----------------+----------------+---------------------------+----------------+----------------+----------------+----------------+
[36msolid0: [39m:                :                :                           :                :                :                :                :
[36msolid0: [39m|   1.600000e+01 |   1.462292e+03 |              8.549444e+05 |   6.393285e+02 |   7.644213e+02 |   2.723379e+03 |   6.070723e+02 |
[36msolid0: [39m|   1.700000e+01 |   1.467076e+03 |              8.549444e+05 |   6.393247e+02 |   7.641653e+02 |   2.736161e+03 |   6.071097e+02 |
[36msolid0: [39m|   1.800000e+01 |   1.470764e+03 |              8.549444e+05 |   6.391481e+02 |   7.647459e+02 |   2.744224e+03 |   6.071891e+02 |
[36msolid0: [39m|   1.900000e+01 |   1.473618e+03 |              8.549444e+05 |   6.391349e+02 |   7.645929e+02 |   2.746754e+03 |   6.071270e+02 |
[36msolid0: [39m|   2.000000e+01 |   1.475808e+03 |              8.549444e+05 |   6.391715e+02 |   7.647284e+02 |   2.753831e+03 |   6.070795e+02 |
[36msolid0: [39m|   2.100000e+01 |   1.477526e+03 |              8.549444e+05 |   6.393197e+02 |   7.650222e+02 |   2.762492e+03 |   6.069926e+02 |
[36msolid0: [39m|   2.200000e+01 |   1.478866e+03 |              8.549444e+05 |   6.391906e+02 |   7.652565e+02 |   2.771902e+03 |   6.070428e+02 |
[36msolid0: [39m|   2.300000e+01 |   1.479925e+03 |              8.549444e+05 |   6.391750e+02 |   7.657974e+02 |   2.778061e+03 |   6.069502e+02 |
[36msolid0: [39m|   2.400000e+01 |   1.480752e+03 |              8.549444e+05 |   6.392829e+02 |   7.655955e+02 |   2.783121e+03 |   6.069818e+02 |
[36msolid0: [39m|   2.500000e+01 |   1.481398e+03 |              8.549444e+05 |   6.392815e+02 |   7.658099e+02 |   2.786404e+03 |   6.069606e+02 |
[36msolid0: [39m|   2.600000e+01 |   1.481891e+03 |              8.549444e+05 |   6.390850e+02 |   7.662864e+02 |   2.789356e+03 |   6.070575e+02 |
[36msolid0: [39m|   2.700000e+01 |   1.482267e+03 |              8.549444e+05 |   6.391345e+02 |   7.659074e+02 |   2.790506e+03 |   6.070687e+02 |
[36msolid0: [39m|   2.800000e+01 |   1.482577e+03 |              8.549444e+05 |   6.391243e+02 |   7.656533e+02 |   2.789424e+03 |   6.070160e+02 |
[36msolid0: [39m|   2.900000e+01 |   1.482827e+03 |              8.549444e+05 |   6.390551e+02 |   7.653126e+02 |   2.790749e+03 |   6.071453e+02 |
[36msolid0: [39m|   3.000000e+01 |   1.483029e+03 |              8.549444e+05 |   6.389516e+02 |   7.655139e+02 |   2.791173e+03 |   6.070470e+02 |
[36msolid0: [39m+----------------+----------------+---------------------------+----------------+----------------+----------------+----------------+
[36msolid0: [39m
[36msolid0: [39m
[36msolid0: [39mPostprocessor Values:
[36msolid0: [39m+----------------+----------------+---------------------------+----------------+----------------+----------------+----------------+
[36msolid0: [39m| time           | avg_fuel_T     | conduction_power_integral | max_T_wall_send| max_clad_T     | max_fuel_T     | min_T_wall_send|
[36msolid0: [39m+----------------+----------------+---------------------------+----------------+----------------+----------------+----------------+
[36msolid0: [39m:                :                :                           :                :                :                :                :
[36msolid0: [39m|   1.600000e+01 |   1.462292e+03 |              8.549444e+05 |   6.393285e+02 |   7.644213e+02 |   2.723379e+03 |   6.070723e+02 |
[36msolid0: [39m|   1.700000e+01 |   1.467076e+03 |              8.549444e+05 |   6.393247e+02 |   7.641653e+02 |   2.736161e+03 |   6.071097e+02 |
[36msolid0: [39m|   1.800000e+01 |   1.470764e+03 |              8.549444e+05 |   6.391481e+02 |   7.647459e+02 |   2.744224e+03 |   6.071891e+02 |
[36msolid0: [39m|   1.900000e+01 |   1.473618e+03 |              8.549444e+05 |   6.391349e+02 |   7.645929e+02 |   2.746754e+03 |   6.071270e+02 |
[36msolid0: [39m|   2.000000e+01 |   1.475808e+03 |              8.549444e+05 |   6.391715e+02 |   7.647284e+02 |   2.753831e+03 |   6.070795e+02 |
[36msolid0: [39m|   2.100000e+01 |   1.477526e+03 |              8.549444e+05 |   6.393197e+02 |   7.650222e+02 |   2.762492e+03 |   6.069926e+02 |
[36msolid0: [39m|   2.200000e+01 |   1.478866e+03 |              8.549444e+05 |   6.391906e+02 |   7.652565e+02 |   2.771902e+03 |   6.070428e+02 |
[36msolid0: [39m|   2.300000e+01 |   1.479925e+03 |              8.549444e+05 |   6.391750e+02 |   7.657974e+02 |   2.778061e+03 |   6.069502e+02 |
[36msolid0: [39m|   2.400000e+01 |   1.480752e+03 |              8.549444e+05 |   6.392829e+02 |   7.655955e+02 |   2.783121e+03 |   6.069818e+02 |
[36msolid0: [39m|   2.500000e+01 |   1.481398e+03 |              8.549444e+05 |   6.392815e+02 |   7.658099e+02 |   2.786404e+03 |   6.069606e+02 |
[36msolid0: [39m|   2.600000e+01 |   1.481891e+03 |              8.549444e+05 |   6.390850e+02 |   7.662864e+02 |   2.789356e+03 |   6.070575e+02 |
[36msolid0: [39m|   2.700000e+01 |   1.482267e+03 |              8.549444e+05 |   6.391345e+02 |   7.659074e+02 |   2.790506e+03 |   6.070687e+02 |
[36msolid0: [39m|   2.800000e+01 |   1.482577e+03 |              8.549444e+05 |   6.391243e+02 |   7.656533e+02 |   2.789424e+03 |   6.070160e+02 |
[36msolid0: [39m|   2.900000e+01 |   1.482827e+03 |              8.549444e+05 |   6.390551e+02 |   7.653126e+02 |   2.790749e+03 |   6.071453e+02 |
[36msolid0: [39m|   3.000000e+01 |   1.483029e+03 |              8.549444e+05 |   6.389516e+02 |   7.655139e+02 |   2.791173e+03 |   6.070470e+02 |
[36msolid0: [39m+----------------+----------------+---------------------------+----------------+----------------+----------------+----------------+
[36msolid0: [39m
    Finished Executing MultiApps                                                         [[33m  8.47 s[39m] [[33m 1320 MB[39m]
  Finished Executing MultiApps                                                           [[33m  8.47 s[39m] [[33m 1320 MB[39m]

Postprocessor Values:
+----------------+----------------+----------------+----------------+----------------+----------------+----------------+
| time           | avg_coolant_T  | avg_coolant_rho| k              | k_std_dev      | max_coolant_T  | max_coolant_rho|
+----------------+----------------+----------------+----------------+----------------+----------------+----------------+
:                :                :                :                :                :                :                :
|   1.600000e+01 |   5.852276e+02 |   6.983434e+02 |   1.275424e+00 |   2.289116e-03 |   6.013516e+02 |   7.496003e+02 |
|   1.700000e+01 |   5.852161e+02 |   6.983661e+02 |   1.273490e+00 |   2.223190e-03 |   6.013723e+02 |   7.496074e+02 |
|   1.800000e+01 |   5.852119e+02 |   6.983807e+02 |   1.275776e+00 |   2.085837e-03 |   6.013657e+02 |   7.495985e+02 |
|   1.900000e+01 |   5.852046e+02 |   6.983960e+02 |   1.274887e+00 |   1.954345e-03 |   6.013646e+02 |   7.496089e+02 |
|   2.000000e+01 |   5.851829e+02 |   6.984435e+02 |   1.279635e+00 |   2.000243e-03 |   6.013633e+02 |   7.496112e+02 |
|   2.100000e+01 |   5.852151e+02 |   6.983738e+02 |   1.276268e+00 |   2.218536e-03 |   6.013390e+02 |   7.495902e+02 |
|   2.200000e+01 |   5.852490e+02 |   6.982982e+02 |   1.277853e+00 |   1.879232e-03 |   6.013384e+02 |   7.495757e+02 |
|   2.300000e+01 |   5.852962e+02 |   6.981875e+02 |   1.276895e+00 |   1.854150e-03 |   6.013325e+02 |   7.495545e+02 |
|   2.400000e+01 |   5.852961e+02 |   6.981834e+02 |   1.272076e+00 |   1.908804e-03 |   6.013496e+02 |   7.495563e+02 |
|   2.500000e+01 |   5.853114e+02 |   6.981486e+02 |   1.273433e+00 |   1.853444e-03 |   6.013440e+02 |   7.495523e+02 |
|   2.600000e+01 |   5.853014e+02 |   6.981726e+02 |   1.274657e+00 |   2.055983e-03 |   6.013478e+02 |   7.495526e+02 |
|   2.700000e+01 |   5.852840e+02 |   6.982111e+02 |   1.278644e+00 |   2.125166e-03 |   6.013542e+02 |   7.495536e+02 |
|   2.800000e+01 |   5.852918e+02 |   6.981948e+02 |   1.275822e+00 |   1.849429e-03 |   6.013455e+02 |   7.495492e+02 |
|   2.900000e+01 |   5.852643e+02 |   6.982570e+02 |   1.275211e+00 |   1.873886e-03 |   6.013618e+02 |   7.495638e+02 |
|   3.000000e+01 |   5.852967e+02 |   6.981862e+02 |   1.276977e+00 |   1.982791e-03 |   6.013401e+02 |   7.495359e+02 |
+----------------+----------------+----------------+----------------+----------------+----------------+----------------+
+----------------+----------------+----------------+-----------------------+
| time           | min_coolant_T  | min_coolant_rho| openmc_power_integral |
+----------------+----------------+----------------+-----------------------+
:                :                :                :                       :
|   1.600000e+01 |   5.615380e+02 |   6.577901e+02 |          8.549444e+05 |
|   1.700000e+01 |   5.615342e+02 |   6.577278e+02 |          8.549444e+05 |
|   1.800000e+01 |   5.615390e+02 |   6.577476e+02 |          8.549444e+05 |
|   1.900000e+01 |   5.615333e+02 |   6.577510e+02 |          8.549444e+05 |
|   2.000000e+01 |   5.615321e+02 |   6.577549e+02 |          8.549444e+05 |
|   2.100000e+01 |   5.615434e+02 |   6.578280e+02 |          8.549444e+05 |
|   2.200000e+01 |   5.615513e+02 |   6.578298e+02 |          8.549444e+05 |
|   2.300000e+01 |   5.615627e+02 |   6.578478e+02 |          8.549444e+05 |
|   2.400000e+01 |   5.615618e+02 |   6.577962e+02 |          8.549444e+05 |
|   2.500000e+01 |   5.615639e+02 |   6.578129e+02 |          8.549444e+05 |
|   2.600000e+01 |   5.615638e+02 |   6.578015e+02 |          8.549444e+05 |
|   2.700000e+01 |   5.615632e+02 |   6.577824e+02 |          8.549444e+05 |
|   2.800000e+01 |   5.615656e+02 |   6.578085e+02 |          8.549444e+05 |
|   2.900000e+01 |   5.615577e+02 |   6.577595e+02 |          8.549444e+05 |
|   3.000000e+01 |   5.615727e+02 |   6.578249e+02 |          8.549444e+05 |
+----------------+----------------+----------------+-----------------------+


Time Step 31, time = 31, dt = 1
[36msub_channel0: [39m
[36msub_channel0: [39mTime Step 0, time = 0
[36msub_channel0: [39m
[36msub_channel0: [39mTime Step 1, time = 1, dt = 1
[36msub_channel0: [39mExecuting subchannel solver
[36msub_channel0: [39mSolution initialized
[36msub_channel0: [39mSolving Outer Iteration : 1
[36msub_channel0: [39mSolving Block: 0 From first level: 1 to last level: 60
[36msub_channel0: [39mBlock: 0 - Enthalpy conservation matrix assembled
[36msub_channel0: [39mStart updating thermophysical properties.
[36msub_channel0: [39mDone updating thermophysical properties.
[36msub_channel0: [39mT_block_error: 7.53916e-06
[36msub_channel0: [39mP_error :3.81731e-06
[36msub_channel0: [39mIteration:  1
[36msub_channel0: [39mMaximum iterations: 5
[36msub_channel0: [39mFinished executing subchannel solver
[36msub_channel0: [39mCommencing calculation of Pin surface temperature 
[36msub_channel0: [39m ======================================= 
[36msub_channel0: [39m ======== Subchannel Print Outs ======== 
[36msub_channel0: [39m ======================================= 
[36msub_channel0: [39mTotal flow area :0.000984685 m^2
[36msub_channel0: [39mAssembly hydraulic diameter :0.00943815 m
[36msub_channel0: [39mAssembly Re number :382270 [-]
[36msub_channel0: [39mBulk coolant temperature at outlet :599.78 K
[36msub_channel0: [39mPower added to coolant is : 847796 Watt
[36msub_channel0: [39mMass flow rate in is : 3.7418 kg/sec
[36msub_channel0: [39mMass balance is : -1.03998e-05 kg/sec
[36msub_channel0: [39mUser defined outlet pressure is : 1.57e+07 Pa
[36msub_channel0: [39m ======================================= 
[36msub_channel0: [39m[32m Solve Converged![39m
[36msub_channel0: [39m
[36msub_channel0_viz0: [39m
[36msub_channel0_viz0: [39mPostprocessor Values:
[36msub_channel0_viz0: [39m+----------------+----------------+----------------+----------------+
[36msub_channel0_viz0: [39m| time           | avg_coolant_T  | max_T_fluid    | min_T_fluid    |
[36msub_channel0_viz0: [39m+----------------+----------------+----------------+----------------+
[36msub_channel0_viz0: [39m|   0.000000e+00 |   5.846910e+02 |   6.014742e+02 |   5.603898e+02 |
[36msub_channel0_viz0: [39m+----------------+----------------+----------------+----------------+
[36msub_channel0_viz0: [39m
[36msub_channel0_viz0: [39m[32m Solve Converged![39m
[36msub_channel0_viz0: [39m
[36msub_channel0_viz0: [39m
[36msub_channel0_viz0: [39mPostprocessor Values:
[36msub_channel0_viz0: [39m+----------------+----------------+----------------+----------------+
[36msub_channel0_viz0: [39m| time           | avg_coolant_T  | max_T_fluid    | min_T_fluid    |
[36msub_channel0_viz0: [39m+----------------+----------------+----------------+----------------+
[36msub_channel0_viz0: [39m|   0.000000e+00 |   5.846910e+02 |   6.014742e+02 |   5.603898e+02 |
[36msub_channel0_viz0: [39m|   1.000000e+00 |   5.846861e+02 |   6.014865e+02 |   5.603893e+02 |
[36msub_channel0_viz0: [39m+----------------+----------------+----------------+----------------+
[36msub_channel0_viz0: [39m
Sending temperature to OpenMC cells... 
Setting cell id 13, instance 0 (of 9) [1 contained cells] to temperature (K): 1617.37
Setting cell id 13, instance 1 (of 9) [1 contained cells] to temperature (K): 1616.11
Setting cell id 13, instance 2 (of 9) [1 contained cells] to temperature (K): 1616.21
Setting cell id 13, instance 3 (of 9) [1 contained cells] to temperature (K): 1615.89
Setting cell id 13, instance 4 (of 9) [1 contained cells] to temperature (K): 1616.44
Setting cell id 13, instance 5 (of 9) [1 contained cells] to temperature (K): 1617.91
Setting cell id 13, instance 6 (of 9) [1 contained cells] to temperature (K): 1616.08
Setting cell id 13, instance 7 (of 9) [1 contained cells] to temperature (K): 1618.22
Setting cell id 13, instance 8 (of 9) [1 contained cells] to temperature (K): 1619.38
Setting cell id 14, instance 0 (of 9) [1 contained cells] to temperature (K): 731.993
Setting cell id 14, instance 1 (of 9) [1 contained cells] to temperature (K): 732.692
Setting cell id 14, instance 2 (of 9) [1 contained cells] to temperature (K): 731.895
Setting cell id 14, instance 3 (of 9) [1 contained cells] to temperature (K): 732.591
Setting cell id 14, instance 4 (of 9) [1 contained cells] to temperature (K): 733.848
Setting cell id 14, instance 5 (of 9) [1 contained cells] to temperature (K): 733.045
Setting cell id 14, instance 6 (of 9) [1 contained cells] to temperature (K): 731.712
Setting cell id 14, instance 7 (of 9) [1 contained cells] to temperature (K): 733.023
Setting cell id 14, instance 8 (of 9) [1 contained cells] to temperature (K): 732.694
Setting cell id 16, instance 0 (of 9) [1 contained cells] to temperature (K): 584.52
Setting cell id 16, instance 1 (of 9) [1 contained cells] to temperature (K): 585.634
Setting cell id 16, instance 2 (of 9) [1 contained cells] to temperature (K): 584.537
Setting cell id 16, instance 3 (of 9) [1 contained cells] to temperature (K): 585.622
Setting cell id 16, instance 4 (of 9) [1 contained cells] to temperature (K): 586.883
Setting cell id 16, instance 5 (of 9) [1 contained cells] to temperature (K): 585.669
Setting cell id 16, instance 6 (of 9) [1 contained cells] to temperature (K): 584.518
Setting cell id 16, instance 7 (of 9) [1 contained cells] to temperature (K): 585.657
Setting cell id 16, instance 8 (of 9) [1 contained cells] to temperature (K): 584.588
Sending density to OpenMC cells... 
Setting cell id 16, instance 0 (of 9) to density (kg/m3): 700.106
Setting cell id 16, instance 1 (of 9) to density (kg/m3): 697.354
Setting cell id 16, instance 2 (of 9) to density (kg/m3): 700.069
Setting cell id 16, instance 3 (of 9) to density (kg/m3): 697.383
Setting cell id 16, instance 4 (of 9) to density (kg/m3): 694.218
Setting cell id 16, instance 5 (of 9) to density (kg/m3): 697.267
Setting cell id 16, instance 6 (of 9) to density (kg/m3): 700.115
Setting cell id 16, instance 7 (of 9) to density (kg/m3): 697.297
Setting cell id 16, instance 8 (of 9) to density (kg/m3): 699.939
 Running OpenMC with 2000 particles per batch...
 Maximum neutron transport energy: 20000000 eV for O17
 Initializing source particles...

 ====================>     K EIGENVALUE SIMULATION     <====================

  Bat./Gen.      k            Average k
  =========   ========   ====================
        1/1    1.28718
        2/1    1.28797
        3/1    1.23866
        4/1    1.29651
        5/1    1.26201
        6/1    1.21815
        7/1    1.19499
        8/1    1.25010
        9/1    1.31914
       10/1    1.23545
       11/1    1.27924
       12/1    1.31089
       13/1    1.22540
       14/1    1.29144
       15/1    1.30777
       16/1    1.18864
       17/1    1.32110
       18/1    1.32222
       19/1    1.25426
       20/1    1.28739
       21/1    1.25102
       22/1    1.34424
       23/1    1.30939
       24/1    1.23505
       25/1    1.30482
       26/1    1.32051
       27/1    1.24609
       28/1    1.23932
       29/1    1.25204
       30/1    1.31435
       31/1    1.31402
       32/1    1.34442
       33/1    1.32698
       34/1    1.24412
       35/1    1.25214
       36/1    1.27052
       37/1    1.26541
       38/1    1.20993
       39/1    1.27691
       40/1    1.21910
       41/1    1.27542
       42/1    1.28134
       43/1    1.28844
       44/1    1.25837
       45/1    1.35776
       46/1    1.28014
       47/1    1.25368
       48/1    1.25303
       49/1    1.27286
       50/1    1.27412
       51/1    1.25546
       52/1    1.33877    1.29712 +/- 0.04166
       53/1    1.23953    1.27792 +/- 0.03077
       54/1    1.26888    1.27566 +/- 0.02188
       55/1    1.28623    1.27778 +/- 0.01708
       56/1    1.29340    1.28038 +/- 0.01418
       57/1    1.28632    1.28123 +/- 0.01202
       58/1    1.26937    1.27975 +/- 0.01051
       59/1    1.29294    1.28121 +/- 0.00939
       60/1    1.21023    1.27411 +/- 0.01099
       61/1    1.24026    1.27104 +/- 0.01041
       62/1    1.26926    1.27089 +/- 0.00950
       63/1    1.28624    1.27207 +/- 0.00882
       64/1    1.20249    1.26710 +/- 0.00956
       65/1    1.27360    1.26753 +/- 0.00891
       66/1    1.30295    1.26975 +/- 0.00862
       67/1    1.30901    1.27206 +/- 0.00842
       68/1    1.23802    1.27017 +/- 0.00816
       69/1    1.26503    1.26990 +/- 0.00773
       70/1    1.24468    1.26863 +/- 0.00744
       71/1    1.33143    1.27163 +/- 0.00768
       72/1    1.33278    1.27440 +/- 0.00783
       73/1    1.28884    1.27503 +/- 0.00751
       74/1    1.34801    1.27807 +/- 0.00781
       75/1    1.23193    1.27623 +/- 0.00771
       76/1    1.28602    1.27660 +/- 0.00742
       77/1    1.31088    1.27787 +/- 0.00725
       78/1    1.29675    1.27855 +/- 0.00702
       79/1    1.30522    1.27947 +/- 0.00684
       80/1    1.32770    1.28108 +/- 0.00680
       81/1    1.37149    1.28399 +/- 0.00719
       82/1    1.28230    1.28394 +/- 0.00696
       83/1    1.24811    1.28285 +/- 0.00684
       84/1    1.28464    1.28291 +/- 0.00663
       85/1    1.26833    1.28249 +/- 0.00645
       86/1    1.25898    1.28184 +/- 0.00631
       87/1    1.30116    1.28236 +/- 0.00616
       88/1    1.28324    1.28238 +/- 0.00599
       89/1    1.24364    1.28139 +/- 0.00592
       90/1    1.25916    1.28083 +/- 0.00580
       91/1    1.26723    1.28050 +/- 0.00566
       92/1    1.27370    1.28034 +/- 0.00553
       93/1    1.25199    1.27968 +/- 0.00544
       94/1    1.29080    1.27993 +/- 0.00532
       95/1    1.21823    1.27856 +/- 0.00538
       96/1    1.25796    1.27811 +/- 0.00528
       97/1    1.24810    1.27748 +/- 0.00520
       98/1    1.28601    1.27765 +/- 0.00510
       99/1    1.34633    1.27905 +/- 0.00519
      100/1    1.27819    1.27904 +/- 0.00508
      101/1    1.26403    1.27874 +/- 0.00499
      102/1    1.34441    1.28001 +/- 0.00505
      103/1    1.29635    1.28031 +/- 0.00497
      104/1    1.31088    1.28088 +/- 0.00491
      105/1    1.27731    1.28082 +/- 0.00482
      106/1    1.25258    1.28031 +/- 0.00476
      107/1    1.23308    1.27948 +/- 0.00475
      108/1    1.23970    1.27880 +/- 0.00471
      109/1    1.21745    1.27776 +/- 0.00475
      110/1    1.26230    1.27750 +/- 0.00467
      111/1    1.28251    1.27758 +/- 0.00460
      112/1    1.28082    1.27763 +/- 0.00452
      113/1    1.27986    1.27767 +/- 0.00445
      114/1    1.29557    1.27795 +/- 0.00439
      115/1    1.24807    1.27749 +/- 0.00435
      116/1    1.31760    1.27810 +/- 0.00432
      117/1    1.24537    1.27761 +/- 0.00429
      118/1    1.27875    1.27763 +/- 0.00422
      119/1    1.27959    1.27765 +/- 0.00416
      120/1    1.26224    1.27743 +/- 0.00411
      121/1    1.27957    1.27746 +/- 0.00405
      122/1    1.31366    1.27797 +/- 0.00402
      123/1    1.28879    1.27811 +/- 0.00397
      124/1    1.27430    1.27806 +/- 0.00392
      125/1    1.28618    1.27817 +/- 0.00387
      126/1    1.24139    1.27769 +/- 0.00385
      127/1    1.28133    1.27773 +/- 0.00380
      128/1    1.26544    1.27758 +/- 0.00375
      129/1    1.23055    1.27698 +/- 0.00375
      130/1    1.30145    1.27729 +/- 0.00372
      131/1    1.30917    1.27768 +/- 0.00369
      132/1    1.32711    1.27828 +/- 0.00369
      133/1    1.30755    1.27864 +/- 0.00367
      134/1    1.24964    1.27829 +/- 0.00364
      135/1    1.30916    1.27865 +/- 0.00361
      136/1    1.28071    1.27868 +/- 0.00357
      137/1    1.34252    1.27941 +/- 0.00361
      138/1    1.27341    1.27934 +/- 0.00357
      139/1    1.28807    1.27944 +/- 0.00353
      140/1    1.32547    1.27995 +/- 0.00352
      141/1    1.22780    1.27938 +/- 0.00353
      142/1    1.26861    1.27926 +/- 0.00350
      143/1    1.26441    1.27910 +/- 0.00346
      144/1    1.23739    1.27866 +/- 0.00345
      145/1    1.31005    1.27899 +/- 0.00343
      146/1    1.26719    1.27887 +/- 0.00340
      147/1    1.28465    1.27893 +/- 0.00336
      148/1    1.28163    1.27895 +/- 0.00333
      149/1    1.33447    1.27952 +/- 0.00334
      150/1    1.25225    1.27924 +/- 0.00332
 Creating state point statepoint.150.h5...

 =======================>     TIMING STATISTICS     <=======================

 Total time for initialization     = 0.0000e+00 seconds
   Reading cross sections          = 0.0000e+00 seconds
 Total time in simulation          = 5.8287e+00 seconds
   Time in transport only          = 5.7617e+00 seconds
   Time in inactive batches        = 8.4645e-01 seconds
   Time in active batches          = 4.9823e+00 seconds
   Time synchronizing fission bank = 1.8479e-02 seconds
     Sampling source sites         = 1.5460e-02 seconds
     SEND/RECV source sites        = 2.7259e-03 seconds
   Time accumulating tallies       = 2.7287e-02 seconds
   Time writing statepoints        = 7.7812e-03 seconds
 Total time for finalization       = 1.8364e-02 seconds
 Total time elapsed                = 5.8589e+00 seconds
 Calculation Rate (inactive)       = 118141 particles/second
 Calculation Rate (active)         = 40142.4 particles/second

 ============================>     RESULTS     <============================

 k-effective (Collision)     = 1.27886 +/- 0.00263
 k-effective (Track-length)  = 1.27924 +/- 0.00332
 k-effective (Absorption)    = 1.27393 +/- 0.00206
 Combined k-effective        = 1.27550 +/- 0.00192
 Leakage Fraction            = 0.00010 +/- 0.00003

    Finished Solving OpenMC                                                              [[33m  5.86 s[39m] [[33m 1280 MB[39m]
Extracting OpenMC tallies...
[32m Solve Converged![39m

  Finished Solving                                                                       [[33m  5.90 s[39m] [[33m 1280 MB[39m]
[36msolid0: [39m
[36msolid0: [39mTime Step 31, time = 31, dt = 1
[36msolid0: [39m 0 Nonlinear |R| = [32m2.349986e+01[39m
[36msolid0: [39m      0 Linear |R| = [32m2.349986e+01[39m
[36msolid0: [39m      1 Linear |R| = [32m2.966929e+00[39m
[36msolid0: [39m      2 Linear |R| = [32m1.206700e+00[39m
[36msolid0: [39m      3 Linear |R| = [32m5.339566e-01[39m
[36msolid0: [39m      4 Linear |R| = [32m1.491646e-01[39m
[36msolid0: [39m      5 Linear |R| = [32m2.726737e-02[39m
[36msolid0: [39m      6 Linear |R| = [32m5.220938e-03[39m
[36msolid0: [39m      7 Linear |R| = [32m9.364269e-04[39m
[36msolid0: [39m      8 Linear |R| = [32m1.223597e-04[39m
[36msolid0: [39m 1 Nonlinear |R| = [32m2.373876e-04[39m
[36msolid0: [39m      0 Linear |R| = [32m2.373876e-04[39m
[36msolid0: [39m      1 Linear |R| = [32m3.160574e-05[39m
[36msolid0: [39m      2 Linear |R| = [32m1.581101e-05[39m
[36msolid0: [39m      3 Linear |R| = [32m6.604966e-06[39m
[36msolid0: [39m      4 Linear |R| = [32m1.494701e-06[39m
[36msolid0: [39m      5 Linear |R| = [32m2.920111e-07[39m
[36msolid0: [39m      6 Linear |R| = [32m5.627283e-08[39m
[36msolid0: [39m      7 Linear |R| = [32m1.174403e-08[39m
[36msolid0: [39m      8 Linear |R| = [32m2.691034e-09[39m
[36msolid0: [39m      9 Linear |R| = [32m1.389336e-09[39m
[36msolid0: [39m 2 Nonlinear |R| = [32m3.075782e-09[39m
[36msolid0: [39m[32m Solve Converged![39m
[36msolid0: [39m
[36msolid0: [39mFinished Solving                                                                 [[33m  8.02 s[39m] [[33m 1280 MB[39m]
[36msolid0: [39m
[36msolid0: [39mPostprocessor Values:
[36msolid0: [39m+----------------+----------------+---------------------------+----------------+----------------+----------------+----------------+
[36msolid0: [39m| time           | avg_fuel_T     | conduction_power_integral | max_T_wall_send| max_clad_T     | max_fuel_T     | min_T_wall_send|
[36msolid0: [39m+----------------+----------------+---------------------------+----------------+----------------+----------------+----------------+
[36msolid0: [39m:                :                :                           :                :                :                :                :
[36msolid0: [39m|   1.700000e+01 |   1.467076e+03 |              8.549444e+05 |   6.393247e+02 |   7.641653e+02 |   2.736161e+03 |   6.071097e+02 |
[36msolid0: [39m|   1.800000e+01 |   1.470764e+03 |              8.549444e+05 |   6.391481e+02 |   7.647459e+02 |   2.744224e+03 |   6.071891e+02 |
[36msolid0: [39m|   1.900000e+01 |   1.473618e+03 |              8.549444e+05 |   6.391349e+02 |   7.645929e+02 |   2.746754e+03 |   6.071270e+02 |
[36msolid0: [39m|   2.000000e+01 |   1.475808e+03 |              8.549444e+05 |   6.391715e+02 |   7.647284e+02 |   2.753831e+03 |   6.070795e+02 |
[36msolid0: [39m|   2.100000e+01 |   1.477526e+03 |              8.549444e+05 |   6.393197e+02 |   7.650222e+02 |   2.762492e+03 |   6.069926e+02 |
[36msolid0: [39m|   2.200000e+01 |   1.478866e+03 |              8.549444e+05 |   6.391906e+02 |   7.652565e+02 |   2.771902e+03 |   6.070428e+02 |
[36msolid0: [39m|   2.300000e+01 |   1.479925e+03 |              8.549444e+05 |   6.391750e+02 |   7.657974e+02 |   2.778061e+03 |   6.069502e+02 |
[36msolid0: [39m|   2.400000e+01 |   1.480752e+03 |              8.549444e+05 |   6.392829e+02 |   7.655955e+02 |   2.783121e+03 |   6.069818e+02 |
[36msolid0: [39m|   2.500000e+01 |   1.481398e+03 |              8.549444e+05 |   6.392815e+02 |   7.658099e+02 |   2.786404e+03 |   6.069606e+02 |
[36msolid0: [39m|   2.600000e+01 |   1.481891e+03 |              8.549444e+05 |   6.390850e+02 |   7.662864e+02 |   2.789356e+03 |   6.070575e+02 |
[36msolid0: [39m|   2.700000e+01 |   1.482267e+03 |              8.549444e+05 |   6.391345e+02 |   7.659074e+02 |   2.790506e+03 |   6.070687e+02 |
[36msolid0: [39m|   2.800000e+01 |   1.482577e+03 |              8.549444e+05 |   6.391243e+02 |   7.656533e+02 |   2.789424e+03 |   6.070160e+02 |
[36msolid0: [39m|   2.900000e+01 |   1.482827e+03 |              8.549444e+05 |   6.390551e+02 |   7.653126e+02 |   2.790749e+03 |   6.071453e+02 |
[36msolid0: [39m|   3.000000e+01 |   1.483029e+03 |              8.549444e+05 |   6.389516e+02 |   7.655139e+02 |   2.791173e+03 |   6.070470e+02 |
[36msolid0: [39m|   3.100000e+01 |   1.483180e+03 |              8.549444e+05 |   6.389748e+02 |   7.655784e+02 |   2.790875e+03 |   6.070283e+02 |
[36msolid0: [39m+----------------+----------------+---------------------------+----------------+----------------+----------------+----------------+
[36msolid0: [39m
[36msolid0: [39m
[36msolid0: [39mPostprocessor Values:
[36msolid0: [39m+----------------+----------------+---------------------------+----------------+----------------+----------------+----------------+
[36msolid0: [39m| time           | avg_fuel_T     | conduction_power_integral | max_T_wall_send| max_clad_T     | max_fuel_T     | min_T_wall_send|
[36msolid0: [39m+----------------+----------------+---------------------------+----------------+----------------+----------------+----------------+
[36msolid0: [39m:                :                :                           :                :                :                :                :
[36msolid0: [39m|   1.700000e+01 |   1.467076e+03 |              8.549444e+05 |   6.393247e+02 |   7.641653e+02 |   2.736161e+03 |   6.071097e+02 |
[36msolid0: [39m|   1.800000e+01 |   1.470764e+03 |              8.549444e+05 |   6.391481e+02 |   7.647459e+02 |   2.744224e+03 |   6.071891e+02 |
[36msolid0: [39m|   1.900000e+01 |   1.473618e+03 |              8.549444e+05 |   6.391349e+02 |   7.645929e+02 |   2.746754e+03 |   6.071270e+02 |
[36msolid0: [39m|   2.000000e+01 |   1.475808e+03 |              8.549444e+05 |   6.391715e+02 |   7.647284e+02 |   2.753831e+03 |   6.070795e+02 |
[36msolid0: [39m|   2.100000e+01 |   1.477526e+03 |              8.549444e+05 |   6.393197e+02 |   7.650222e+02 |   2.762492e+03 |   6.069926e+02 |
[36msolid0: [39m|   2.200000e+01 |   1.478866e+03 |              8.549444e+05 |   6.391906e+02 |   7.652565e+02 |   2.771902e+03 |   6.070428e+02 |
[36msolid0: [39m|   2.300000e+01 |   1.479925e+03 |              8.549444e+05 |   6.391750e+02 |   7.657974e+02 |   2.778061e+03 |   6.069502e+02 |
[36msolid0: [39m|   2.400000e+01 |   1.480752e+03 |              8.549444e+05 |   6.392829e+02 |   7.655955e+02 |   2.783121e+03 |   6.069818e+02 |
[36msolid0: [39m|   2.500000e+01 |   1.481398e+03 |              8.549444e+05 |   6.392815e+02 |   7.658099e+02 |   2.786404e+03 |   6.069606e+02 |
[36msolid0: [39m|   2.600000e+01 |   1.481891e+03 |              8.549444e+05 |   6.390850e+02 |   7.662864e+02 |   2.789356e+03 |   6.070575e+02 |
[36msolid0: [39m|   2.700000e+01 |   1.482267e+03 |              8.549444e+05 |   6.391345e+02 |   7.659074e+02 |   2.790506e+03 |   6.070687e+02 |
[36msolid0: [39m|   2.800000e+01 |   1.482577e+03 |              8.549444e+05 |   6.391243e+02 |   7.656533e+02 |   2.789424e+03 |   6.070160e+02 |
[36msolid0: [39m|   2.900000e+01 |   1.482827e+03 |              8.549444e+05 |   6.390551e+02 |   7.653126e+02 |   2.790749e+03 |   6.071453e+02 |
[36msolid0: [39m|   3.000000e+01 |   1.483029e+03 |              8.549444e+05 |   6.389516e+02 |   7.655139e+02 |   2.791173e+03 |   6.070470e+02 |
[36msolid0: [39m|   3.100000e+01 |   1.483180e+03 |              8.549444e+05 |   6.389748e+02 |   7.655784e+02 |   2.790875e+03 |   6.070283e+02 |
[36msolid0: [39m+----------------+----------------+---------------------------+----------------+----------------+----------------+----------------+
[36msolid0: [39m
    Finished Executing MultiApps                                                         [[33m  8.57 s[39m] [[33m 1280 MB[39m]
  Finished Executing MultiApps                                                           [[33m  8.57 s[39m] [[33m 1280 MB[39m]

Postprocessor Values:
+----------------+----------------+----------------+----------------+----------------+----------------+----------------+
| time           | avg_coolant_T  | avg_coolant_rho| k              | k_std_dev      | max_coolant_T  | max_coolant_rho|
+----------------+----------------+----------------+----------------+----------------+----------------+----------------+
:                :                :                :                :                :                :                :
|   1.700000e+01 |   5.852161e+02 |   6.983661e+02 |   1.273490e+00 |   2.223190e-03 |   6.013723e+02 |   7.496074e+02 |
|   1.800000e+01 |   5.852119e+02 |   6.983807e+02 |   1.275776e+00 |   2.085837e-03 |   6.013657e+02 |   7.495985e+02 |
|   1.900000e+01 |   5.852046e+02 |   6.983960e+02 |   1.274887e+00 |   1.954345e-03 |   6.013646e+02 |   7.496089e+02 |
|   2.000000e+01 |   5.851829e+02 |   6.984435e+02 |   1.279635e+00 |   2.000243e-03 |   6.013633e+02 |   7.496112e+02 |
|   2.100000e+01 |   5.852151e+02 |   6.983738e+02 |   1.276268e+00 |   2.218536e-03 |   6.013390e+02 |   7.495902e+02 |
|   2.200000e+01 |   5.852490e+02 |   6.982982e+02 |   1.277853e+00 |   1.879232e-03 |   6.013384e+02 |   7.495757e+02 |
|   2.300000e+01 |   5.852962e+02 |   6.981875e+02 |   1.276895e+00 |   1.854150e-03 |   6.013325e+02 |   7.495545e+02 |
|   2.400000e+01 |   5.852961e+02 |   6.981834e+02 |   1.272076e+00 |   1.908804e-03 |   6.013496e+02 |   7.495563e+02 |
|   2.500000e+01 |   5.853114e+02 |   6.981486e+02 |   1.273433e+00 |   1.853444e-03 |   6.013440e+02 |   7.495523e+02 |
|   2.600000e+01 |   5.853014e+02 |   6.981726e+02 |   1.274657e+00 |   2.055983e-03 |   6.013478e+02 |   7.495526e+02 |
|   2.700000e+01 |   5.852840e+02 |   6.982111e+02 |   1.278644e+00 |   2.125166e-03 |   6.013542e+02 |   7.495536e+02 |
|   2.800000e+01 |   5.852918e+02 |   6.981948e+02 |   1.275822e+00 |   1.849429e-03 |   6.013455e+02 |   7.495492e+02 |
|   2.900000e+01 |   5.852643e+02 |   6.982570e+02 |   1.275211e+00 |   1.873886e-03 |   6.013618e+02 |   7.495638e+02 |
|   3.000000e+01 |   5.852967e+02 |   6.981862e+02 |   1.276977e+00 |   1.982791e-03 |   6.013401e+02 |   7.495359e+02 |
|   3.100000e+01 |   5.852918e+02 |   6.981942e+02 |   1.275503e+00 |   1.916654e-03 |   6.013532e+02 |   7.495396e+02 |
+----------------+----------------+----------------+----------------+----------------+----------------+----------------+
+----------------+----------------+----------------+-----------------------+
| time           | min_coolant_T  | min_coolant_rho| openmc_power_integral |
+----------------+----------------+----------------+-----------------------+
:                :                :                :                       :
|   1.700000e+01 |   5.615342e+02 |   6.577278e+02 |          8.549444e+05 |
|   1.800000e+01 |   5.615390e+02 |   6.577476e+02 |          8.549444e+05 |
|   1.900000e+01 |   5.615333e+02 |   6.577510e+02 |          8.549444e+05 |
|   2.000000e+01 |   5.615321e+02 |   6.577549e+02 |          8.549444e+05 |
|   2.100000e+01 |   5.615434e+02 |   6.578280e+02 |          8.549444e+05 |
|   2.200000e+01 |   5.615513e+02 |   6.578298e+02 |          8.549444e+05 |
|   2.300000e+01 |   5.615627e+02 |   6.578478e+02 |          8.549444e+05 |
|   2.400000e+01 |   5.615618e+02 |   6.577962e+02 |          8.549444e+05 |
|   2.500000e+01 |   5.615639e+02 |   6.578129e+02 |          8.549444e+05 |
|   2.600000e+01 |   5.615638e+02 |   6.578015e+02 |          8.549444e+05 |
|   2.700000e+01 |   5.615632e+02 |   6.577824e+02 |          8.549444e+05 |
|   2.800000e+01 |   5.615656e+02 |   6.578085e+02 |          8.549444e+05 |
|   2.900000e+01 |   5.615577e+02 |   6.577595e+02 |          8.549444e+05 |
|   3.000000e+01 |   5.615727e+02 |   6.578249e+02 |          8.549444e+05 |
|   3.100000e+01 |   5.615708e+02 |   6.577854e+02 |          8.549444e+05 |
+----------------+----------------+----------------+-----------------------+


Time Step 32, time = 32, dt = 1
[36msub_channel0: [39m
[36msub_channel0: [39mTime Step 0, time = 0
[36msub_channel0: [39m
[36msub_channel0: [39mTime Step 1, time = 1, dt = 1
[36msub_channel0: [39mExecuting subchannel solver
[36msub_channel0: [39mSolution initialized
[36msub_channel0: [39mSolving Outer Iteration : 1
[36msub_channel0: [39mSolving Block: 0 From first level: 1 to last level: 60
[36msub_channel0: [39mBlock: 0 - Enthalpy conservation matrix assembled
[36msub_channel0: [39mStart updating thermophysical properties.
[36msub_channel0: [39mDone updating thermophysical properties.
[36msub_channel0: [39mT_block_error: 2.10036e-05
[36msub_channel0: [39mBlock: 0 - Enthalpy conservation matrix assembled
[36msub_channel0: [39mStart updating thermophysical properties.
[36msub_channel0: [39mDone updating thermophysical properties.
[36msub_channel0: [39mT_block_error: 2.60141e-07
[36msub_channel0: [39mP_error :4.27793e-06
[36msub_channel0: [39mIteration:  1
[36msub_channel0: [39mMaximum iterations: 5
[36msub_channel0: [39mFinished executing subchannel solver
[36msub_channel0: [39mCommencing calculation of Pin surface temperature 
[36msub_channel0: [39m ======================================= 
[36msub_channel0: [39m ======== Subchannel Print Outs ======== 
[36msub_channel0: [39m ======================================= 
[36msub_channel0: [39mTotal flow area :0.000984685 m^2
[36msub_channel0: [39mAssembly hydraulic diameter :0.00943815 m
[36msub_channel0: [39mAssembly Re number :382270 [-]
[36msub_channel0: [39mBulk coolant temperature at outlet :599.785 K
[36msub_channel0: [39mPower added to coolant is : 847828 Watt
[36msub_channel0: [39mMass flow rate in is : 3.7418 kg/sec
[36msub_channel0: [39mMass balance is : -6.3441e-05 kg/sec
[36msub_channel0: [39mUser defined outlet pressure is : 1.57e+07 Pa
[36msub_channel0: [39m ======================================= 
[36msub_channel0: [39m[32m Solve Converged![39m
[36msub_channel0: [39m
[36msub_channel0_viz0: [39m
[36msub_channel0_viz0: [39mPostprocessor Values:
[36msub_channel0_viz0: [39m+----------------+----------------+----------------+----------------+
[36msub_channel0_viz0: [39m| time           | avg_coolant_T  | max_T_fluid    | min_T_fluid    |
[36msub_channel0_viz0: [39m+----------------+----------------+----------------+----------------+
[36msub_channel0_viz0: [39m|   0.000000e+00 |   5.846861e+02 |   6.014865e+02 |   5.603893e+02 |
[36msub_channel0_viz0: [39m+----------------+----------------+----------------+----------------+
[36msub_channel0_viz0: [39m
[36msub_channel0_viz0: [39m[32m Solve Converged![39m
[36msub_channel0_viz0: [39m
[36msub_channel0_viz0: [39m
[36msub_channel0_viz0: [39mPostprocessor Values:
[36msub_channel0_viz0: [39m+----------------+----------------+----------------+----------------+
[36msub_channel0_viz0: [39m| time           | avg_coolant_T  | max_T_fluid    | min_T_fluid    |
[36msub_channel0_viz0: [39m+----------------+----------------+----------------+----------------+
[36msub_channel0_viz0: [39m|   0.000000e+00 |   5.846861e+02 |   6.014865e+02 |   5.603893e+02 |
[36msub_channel0_viz0: [39m|   1.000000e+00 |   5.846732e+02 |   6.014883e+02 |   5.603880e+02 |
[36msub_channel0_viz0: [39m+----------------+----------------+----------------+----------------+
[36msub_channel0_viz0: [39m
Sending temperature to OpenMC cells... 
Setting cell id 13, instance 0 (of 9) [1 contained cells] to temperature (K): 1617.54
Setting cell id 13, instance 1 (of 9) [1 contained cells] to temperature (K): 1616.25
Setting cell id 13, instance 2 (of 9) [1 contained cells] to temperature (K): 1616.48
Setting cell id 13, instance 3 (of 9) [1 contained cells] to temperature (K): 1616.03
Setting cell id 13, instance 4 (of 9) [1 contained cells] to temperature (K): 1616.58
Setting cell id 13, instance 5 (of 9) [1 contained cells] to temperature (K): 1617.97
Setting cell id 13, instance 6 (of 9) [1 contained cells] to temperature (K): 1616.38
Setting cell id 13, instance 7 (of 9) [1 contained cells] to temperature (K): 1618.34
Setting cell id 13, instance 8 (of 9) [1 contained cells] to temperature (K): 1619.55
Setting cell id 14, instance 0 (of 9) [1 contained cells] to temperature (K): 731.993
Setting cell id 14, instance 1 (of 9) [1 contained cells] to temperature (K): 732.712
Setting cell id 14, instance 2 (of 9) [1 contained cells] to temperature (K): 731.904
Setting cell id 14, instance 3 (of 9) [1 contained cells] to temperature (K): 732.594
Setting cell id 14, instance 4 (of 9) [1 contained cells] to temperature (K): 733.881
Setting cell id 14, instance 5 (of 9) [1 contained cells] to temperature (K): 733.033
Setting cell id 14, instance 6 (of 9) [1 contained cells] to temperature (K): 731.788
Setting cell id 14, instance 7 (of 9) [1 contained cells] to temperature (K): 733.034
Setting cell id 14, instance 8 (of 9) [1 contained cells] to temperature (K): 732.662
Setting cell id 16, instance 0 (of 9) [1 contained cells] to temperature (K): 584.504
Setting cell id 16, instance 1 (of 9) [1 contained cells] to temperature (K): 585.621
Setting cell id 16, instance 2 (of 9) [1 contained cells] to temperature (K): 584.526
Setting cell id 16, instance 3 (of 9) [1 contained cells] to temperature (K): 585.607
Setting cell id 16, instance 4 (of 9) [1 contained cells] to temperature (K): 586.868
Setting cell id 16, instance 5 (of 9) [1 contained cells] to temperature (K): 585.655
Setting cell id 16, instance 6 (of 9) [1 contained cells] to temperature (K): 584.507
Setting cell id 16, instance 7 (of 9) [1 contained cells] to temperature (K): 585.644
Setting cell id 16, instance 8 (of 9) [1 contained cells] to temperature (K): 584.574
Sending density to OpenMC cells... 
Setting cell id 16, instance 0 (of 9) to density (kg/m3): 700.14
Setting cell id 16, instance 1 (of 9) to density (kg/m3): 697.383
Setting cell id 16, instance 2 (of 9) to density (kg/m3): 700.09
Setting cell id 16, instance 3 (of 9) to density (kg/m3): 697.414
Setting cell id 16, instance 4 (of 9) to density (kg/m3): 694.25
Setting cell id 16, instance 5 (of 9) to density (kg/m3): 697.296
Setting cell id 16, instance 6 (of 9) to density (kg/m3): 700.136
Setting cell id 16, instance 7 (of 9) to density (kg/m3): 697.324
Setting cell id 16, instance 8 (of 9) to density (kg/m3): 699.97
 Running OpenMC with 2000 particles per batch...
 Maximum neutron transport energy: 20000000 eV for O17
 Initializing source particles...

 ====================>     K EIGENVALUE SIMULATION     <====================

  Bat./Gen.      k            Average k
  =========   ========   ====================
        1/1    1.24032
        2/1    1.24563
        3/1    1.30733
        4/1    1.22716
        5/1    1.24791
        6/1    1.28366
        7/1    1.24162
        8/1    1.27218
        9/1    1.28484
       10/1    1.27662
       11/1    1.30996
       12/1    1.24289
       13/1    1.27892
       14/1    1.29688
       15/1    1.34371
       16/1    1.20825
       17/1    1.29567
       18/1    1.29143
       19/1    1.31299
       20/1    1.31167
       21/1    1.29936
       22/1    1.30854
       23/1    1.30128
       24/1    1.29093
       25/1    1.27686
       26/1    1.25932
       27/1    1.34552
       28/1    1.29458
       29/1    1.26469
       30/1    1.26700
       31/1    1.30127
       32/1    1.20379
       33/1    1.26569
       34/1    1.29092
       35/1    1.30588
       36/1    1.28783
       37/1    1.29535
       38/1    1.23938
       39/1    1.33111
       40/1    1.27851
       41/1    1.26001
       42/1    1.26689
       43/1    1.31626
       44/1    1.28556
       45/1    1.35465
       46/1    1.28471
       47/1    1.25816
       48/1    1.26561
       49/1    1.30358
       50/1    1.29815
       51/1    1.28988
       52/1    1.29073    1.29030 +/- 0.00042
       53/1    1.28457    1.28839 +/- 0.00193
       54/1    1.27116    1.28408 +/- 0.00452
       55/1    1.25159    1.27758 +/- 0.00738
       56/1    1.29370    1.28027 +/- 0.00660
       57/1    1.31481    1.28520 +/- 0.00745
       58/1    1.26777    1.28303 +/- 0.00681
       59/1    1.25436    1.27984 +/- 0.00680
       60/1    1.33757    1.28561 +/- 0.00838
       61/1    1.30249    1.28715 +/- 0.00774
       62/1    1.31343    1.28934 +/- 0.00739
       63/1    1.32607    1.29216 +/- 0.00737
       64/1    1.25732    1.28968 +/- 0.00726
       65/1    1.28311    1.28924 +/- 0.00677
       66/1    1.25877    1.28733 +/- 0.00661
       67/1    1.24927    1.28509 +/- 0.00660
       68/1    1.25641    1.28350 +/- 0.00643
       69/1    1.27669    1.28314 +/- 0.00609
       70/1    1.30141    1.28405 +/- 0.00585
       71/1    1.21013    1.28053 +/- 0.00658
       72/1    1.28963    1.28095 +/- 0.00629
       73/1    1.33151    1.28315 +/- 0.00640
       74/1    1.27111    1.28264 +/- 0.00615
       75/1    1.31453    1.28392 +/- 0.00603
       76/1    1.26213    1.28308 +/- 0.00586
       77/1    1.25266    1.28196 +/- 0.00575
       78/1    1.28041    1.28190 +/- 0.00554
       79/1    1.23745    1.28037 +/- 0.00556
       80/1    1.20559    1.27787 +/- 0.00592
       81/1    1.27815    1.27788 +/- 0.00573
       82/1    1.27641    1.27784 +/- 0.00555
       83/1    1.19958    1.27547 +/- 0.00588
       84/1    1.27759    1.27553 +/- 0.00570
       85/1    1.27571    1.27553 +/- 0.00553
       86/1    1.19060    1.27317 +/- 0.00587
       87/1    1.29566    1.27378 +/- 0.00574
       88/1    1.32387    1.27510 +/- 0.00574
       89/1    1.26135    1.27475 +/- 0.00561
       90/1    1.26067    1.27440 +/- 0.00548
       91/1    1.29506    1.27490 +/- 0.00536
       92/1    1.22226    1.27365 +/- 0.00538
       93/1    1.26856    1.27353 +/- 0.00526
       94/1    1.28416    1.27377 +/- 0.00514
       95/1    1.30154    1.27439 +/- 0.00506
       96/1    1.26826    1.27425 +/- 0.00496
       97/1    1.31581    1.27514 +/- 0.00493
       98/1    1.22096    1.27401 +/- 0.00496
       99/1    1.26156    1.27375 +/- 0.00486
      100/1    1.22582    1.27280 +/- 0.00486
      101/1    1.28191    1.27297 +/- 0.00476
      102/1    1.24437    1.27242 +/- 0.00470
      103/1    1.30748    1.27309 +/- 0.00466
      104/1    1.28706    1.27334 +/- 0.00458
      105/1    1.27925    1.27345 +/- 0.00450
      106/1    1.35179    1.27485 +/- 0.00463
      107/1    1.27360    1.27483 +/- 0.00455
      108/1    1.24655    1.27434 +/- 0.00450
      109/1    1.32336    1.27517 +/- 0.00450
      110/1    1.30192    1.27562 +/- 0.00445
      111/1    1.28097    1.27571 +/- 0.00437
      112/1    1.28210    1.27581 +/- 0.00430
      113/1    1.24041    1.27525 +/- 0.00427
      114/1    1.26682    1.27512 +/- 0.00421
      115/1    1.25939    1.27487 +/- 0.00415
      116/1    1.27516    1.27488 +/- 0.00409
      117/1    1.23607    1.27430 +/- 0.00407
      118/1    1.25275    1.27398 +/- 0.00402
      119/1    1.28509    1.27414 +/- 0.00396
      120/1    1.27658    1.27418 +/- 0.00391
      121/1    1.34066    1.27511 +/- 0.00396
      122/1    1.28579    1.27526 +/- 0.00391
      123/1    1.24301    1.27482 +/- 0.00388
      124/1    1.22724    1.27418 +/- 0.00388
      125/1    1.27240    1.27415 +/- 0.00383
      126/1    1.35188    1.27518 +/- 0.00392
      127/1    1.29970    1.27549 +/- 0.00388
      128/1    1.27342    1.27547 +/- 0.00383
      129/1    1.17860    1.27424 +/- 0.00397
      130/1    1.33051    1.27495 +/- 0.00398
      131/1    1.29881    1.27524 +/- 0.00395
      132/1    1.26437    1.27511 +/- 0.00390
      133/1    1.21116    1.27434 +/- 0.00393
      134/1    1.25478    1.27410 +/- 0.00389
      135/1    1.30001    1.27441 +/- 0.00386
      136/1    1.21968    1.27377 +/- 0.00386
      137/1    1.30313    1.27411 +/- 0.00383
      138/1    1.24371    1.27376 +/- 0.00381
      139/1    1.30736    1.27414 +/- 0.00378
      140/1    1.24678    1.27384 +/- 0.00375
      141/1    1.23805    1.27344 +/- 0.00373
      142/1    1.25771    1.27327 +/- 0.00369
      143/1    1.29630    1.27352 +/- 0.00366
      144/1    1.30141    1.27382 +/- 0.00363
      145/1    1.25740    1.27365 +/- 0.00360
      146/1    1.33029    1.27424 +/- 0.00361
      147/1    1.29683    1.27447 +/- 0.00358
      148/1    1.23345    1.27405 +/- 0.00357
      149/1    1.33574    1.27467 +/- 0.00359
      150/1    1.37373    1.27566 +/- 0.00369
 Creating state point statepoint.150.h5...

 =======================>     TIMING STATISTICS     <=======================

 Total time for initialization     = 0.0000e+00 seconds
   Reading cross sections          = 0.0000e+00 seconds
 Total time in simulation          = 5.4720e+00 seconds
   Time in transport only          = 5.4071e+00 seconds
   Time in inactive batches        = 9.0412e-01 seconds
   Time in active batches          = 4.5679e+00 seconds
   Time synchronizing fission bank = 1.6967e-02 seconds
     Sampling source sites         = 1.4470e-02 seconds
     SEND/RECV source sites        = 2.2632e-03 seconds
   Time accumulating tallies       = 3.1946e-02 seconds
   Time writing statepoints        = 4.2733e-03 seconds
 Total time for finalization       = 1.5122e-02 seconds
 Total time elapsed                = 5.4999e+00 seconds
 Calculation Rate (inactive)       = 110605 particles/second
 Calculation Rate (active)         = 43784.1 particles/second

 ============================>     RESULTS     <============================

 k-effective (Collision)     = 1.27495 +/- 0.00313
 k-effective (Track-length)  = 1.27566 +/- 0.00369
 k-effective (Absorption)    = 1.27359 +/- 0.00228
 Combined k-effective        = 1.27402 +/- 0.00214
 Leakage Fraction            = 0.00020 +/- 0.00003

    Finished Solving OpenMC                                                              [[33m  5.50 s[39m] [[33m 1301 MB[39m]
Extracting OpenMC tallies...
[32m Solve Converged![39m

  Finished Solving                                                                       [[33m  5.54 s[39m] [[33m 1301 MB[39m]
[36msolid0: [39m
[36msolid0: [39mTime Step 32, time = 32, dt = 1
[36msolid0: [39m 0 Nonlinear |R| = [32m2.687436e+01[39m
[36msolid0: [39m      0 Linear |R| = [32m2.687436e+01[39m
[36msolid0: [39m      1 Linear |R| = [32m4.006529e+00[39m
[36msolid0: [39m      2 Linear |R| = [32m1.694189e+00[39m
[36msolid0: [39m      3 Linear |R| = [32m6.789866e-01[39m
[36msolid0: [39m      4 Linear |R| = [32m1.659739e-01[39m
[36msolid0: [39m      5 Linear |R| = [32m2.981365e-02[39m
[36msolid0: [39m      6 Linear |R| = [32m6.110514e-03[39m
[36msolid0: [39m      7 Linear |R| = [32m1.060643e-03[39m
[36msolid0: [39m      8 Linear |R| = [32m1.360480e-04[39m
[36msolid0: [39m 1 Nonlinear |R| = [32m3.013161e-04[39m
[36msolid0: [39m      0 Linear |R| = [32m3.013161e-04[39m
[36msolid0: [39m      1 Linear |R| = [32m3.367755e-05[39m
[36msolid0: [39m      2 Linear |R| = [32m1.715592e-05[39m
[36msolid0: [39m      3 Linear |R| = [32m6.942315e-06[39m
[36msolid0: [39m      4 Linear |R| = [32m1.618967e-06[39m
[36msolid0: [39m      5 Linear |R| = [32m3.197461e-07[39m
[36msolid0: [39m      6 Linear |R| = [32m6.135980e-08[39m
[36msolid0: [39m      7 Linear |R| = [32m1.232695e-08[39m
[36msolid0: [39m      8 Linear |R| = [32m2.820803e-09[39m
[36msolid0: [39m 2 Nonlinear |R| = [32m4.087690e-09[39m
[36msolid0: [39m[32m Solve Converged![39m
[36msolid0: [39m
[36msolid0: [39mFinished Solving                                                                 [[33m  7.64 s[39m] [[33m 1320 MB[39m]
[36msolid0: [39m
[36msolid0: [39mPostprocessor Values:
[36msolid0: [39m+----------------+----------------+---------------------------+----------------+----------------+----------------+----------------+
[36msolid0: [39m| time           | avg_fuel_T     | conduction_power_integral | max_T_wall_send| max_clad_T     | max_fuel_T     | min_T_wall_send|
[36msolid0: [39m+----------------+----------------+---------------------------+----------------+----------------+----------------+----------------+
[36msolid0: [39m:                :                :                           :                :                :                :                :
[36msolid0: [39m|   1.800000e+01 |   1.470764e+03 |              8.549444e+05 |   6.391481e+02 |   7.647459e+02 |   2.744224e+03 |   6.071891e+02 |
[36msolid0: [39m|   1.900000e+01 |   1.473618e+03 |              8.549444e+05 |   6.391349e+02 |   7.645929e+02 |   2.746754e+03 |   6.071270e+02 |
[36msolid0: [39m|   2.000000e+01 |   1.475808e+03 |              8.549444e+05 |   6.391715e+02 |   7.647284e+02 |   2.753831e+03 |   6.070795e+02 |
[36msolid0: [39m|   2.100000e+01 |   1.477526e+03 |              8.549444e+05 |   6.393197e+02 |   7.650222e+02 |   2.762492e+03 |   6.069926e+02 |
[36msolid0: [39m|   2.200000e+01 |   1.478866e+03 |              8.549444e+05 |   6.391906e+02 |   7.652565e+02 |   2.771902e+03 |   6.070428e+02 |
[36msolid0: [39m|   2.300000e+01 |   1.479925e+03 |              8.549444e+05 |   6.391750e+02 |   7.657974e+02 |   2.778061e+03 |   6.069502e+02 |
[36msolid0: [39m|   2.400000e+01 |   1.480752e+03 |              8.549444e+05 |   6.392829e+02 |   7.655955e+02 |   2.783121e+03 |   6.069818e+02 |
[36msolid0: [39m|   2.500000e+01 |   1.481398e+03 |              8.549444e+05 |   6.392815e+02 |   7.658099e+02 |   2.786404e+03 |   6.069606e+02 |
[36msolid0: [39m|   2.600000e+01 |   1.481891e+03 |              8.549444e+05 |   6.390850e+02 |   7.662864e+02 |   2.789356e+03 |   6.070575e+02 |
[36msolid0: [39m|   2.700000e+01 |   1.482267e+03 |              8.549444e+05 |   6.391345e+02 |   7.659074e+02 |   2.790506e+03 |   6.070687e+02 |
[36msolid0: [39m|   2.800000e+01 |   1.482577e+03 |              8.549444e+05 |   6.391243e+02 |   7.656533e+02 |   2.789424e+03 |   6.070160e+02 |
[36msolid0: [39m|   2.900000e+01 |   1.482827e+03 |              8.549444e+05 |   6.390551e+02 |   7.653126e+02 |   2.790749e+03 |   6.071453e+02 |
[36msolid0: [39m|   3.000000e+01 |   1.483029e+03 |              8.549444e+05 |   6.389516e+02 |   7.655139e+02 |   2.791173e+03 |   6.070470e+02 |
[36msolid0: [39m|   3.100000e+01 |   1.483180e+03 |              8.549444e+05 |   6.389748e+02 |   7.655784e+02 |   2.790875e+03 |   6.070283e+02 |
[36msolid0: [39m|   3.200000e+01 |   1.483283e+03 |              8.549444e+05 |   6.389798e+02 |   7.651854e+02 |   2.789858e+03 |   6.070336e+02 |
[36msolid0: [39m+----------------+----------------+---------------------------+----------------+----------------+----------------+----------------+
[36msolid0: [39m
[36msolid0: [39m
[36msolid0: [39mPostprocessor Values:
[36msolid0: [39m+----------------+----------------+---------------------------+----------------+----------------+----------------+----------------+
[36msolid0: [39m| time           | avg_fuel_T     | conduction_power_integral | max_T_wall_send| max_clad_T     | max_fuel_T     | min_T_wall_send|
[36msolid0: [39m+----------------+----------------+---------------------------+----------------+----------------+----------------+----------------+
[36msolid0: [39m:                :                :                           :                :                :                :                :
[36msolid0: [39m|   1.800000e+01 |   1.470764e+03 |              8.549444e+05 |   6.391481e+02 |   7.647459e+02 |   2.744224e+03 |   6.071891e+02 |
[36msolid0: [39m|   1.900000e+01 |   1.473618e+03 |              8.549444e+05 |   6.391349e+02 |   7.645929e+02 |   2.746754e+03 |   6.071270e+02 |
[36msolid0: [39m|   2.000000e+01 |   1.475808e+03 |              8.549444e+05 |   6.391715e+02 |   7.647284e+02 |   2.753831e+03 |   6.070795e+02 |
[36msolid0: [39m|   2.100000e+01 |   1.477526e+03 |              8.549444e+05 |   6.393197e+02 |   7.650222e+02 |   2.762492e+03 |   6.069926e+02 |
[36msolid0: [39m|   2.200000e+01 |   1.478866e+03 |              8.549444e+05 |   6.391906e+02 |   7.652565e+02 |   2.771902e+03 |   6.070428e+02 |
[36msolid0: [39m|   2.300000e+01 |   1.479925e+03 |              8.549444e+05 |   6.391750e+02 |   7.657974e+02 |   2.778061e+03 |   6.069502e+02 |
[36msolid0: [39m|   2.400000e+01 |   1.480752e+03 |              8.549444e+05 |   6.392829e+02 |   7.655955e+02 |   2.783121e+03 |   6.069818e+02 |
[36msolid0: [39m|   2.500000e+01 |   1.481398e+03 |              8.549444e+05 |   6.392815e+02 |   7.658099e+02 |   2.786404e+03 |   6.069606e+02 |
[36msolid0: [39m|   2.600000e+01 |   1.481891e+03 |              8.549444e+05 |   6.390850e+02 |   7.662864e+02 |   2.789356e+03 |   6.070575e+02 |
[36msolid0: [39m|   2.700000e+01 |   1.482267e+03 |              8.549444e+05 |   6.391345e+02 |   7.659074e+02 |   2.790506e+03 |   6.070687e+02 |
[36msolid0: [39m|   2.800000e+01 |   1.482577e+03 |              8.549444e+05 |   6.391243e+02 |   7.656533e+02 |   2.789424e+03 |   6.070160e+02 |
[36msolid0: [39m|   2.900000e+01 |   1.482827e+03 |              8.549444e+05 |   6.390551e+02 |   7.653126e+02 |   2.790749e+03 |   6.071453e+02 |
[36msolid0: [39m|   3.000000e+01 |   1.483029e+03 |              8.549444e+05 |   6.389516e+02 |   7.655139e+02 |   2.791173e+03 |   6.070470e+02 |
[36msolid0: [39m|   3.100000e+01 |   1.483180e+03 |              8.549444e+05 |   6.389748e+02 |   7.655784e+02 |   2.790875e+03 |   6.070283e+02 |
[36msolid0: [39m|   3.200000e+01 |   1.483283e+03 |              8.549444e+05 |   6.389798e+02 |   7.651854e+02 |   2.789858e+03 |   6.070336e+02 |
[36msolid0: [39m+----------------+----------------+---------------------------+----------------+----------------+----------------+----------------+
[36msolid0: [39m
    Finished Executing MultiApps                                                         [[33m  8.16 s[39m] [[33m 1320 MB[39m]
  Finished Executing MultiApps                                                           [[33m  8.16 s[39m] [[33m 1320 MB[39m]

Postprocessor Values:
+----------------+----------------+----------------+----------------+----------------+----------------+----------------+
| time           | avg_coolant_T  | avg_coolant_rho| k              | k_std_dev      | max_coolant_T  | max_coolant_rho|
+----------------+----------------+----------------+----------------+----------------+----------------+----------------+
:                :                :                :                :                :                :                :
|   1.800000e+01 |   5.852119e+02 |   6.983807e+02 |   1.275776e+00 |   2.085837e-03 |   6.013657e+02 |   7.495985e+02 |
|   1.900000e+01 |   5.852046e+02 |   6.983960e+02 |   1.274887e+00 |   1.954345e-03 |   6.013646e+02 |   7.496089e+02 |
|   2.000000e+01 |   5.851829e+02 |   6.984435e+02 |   1.279635e+00 |   2.000243e-03 |   6.013633e+02 |   7.496112e+02 |
|   2.100000e+01 |   5.852151e+02 |   6.983738e+02 |   1.276268e+00 |   2.218536e-03 |   6.013390e+02 |   7.495902e+02 |
|   2.200000e+01 |   5.852490e+02 |   6.982982e+02 |   1.277853e+00 |   1.879232e-03 |   6.013384e+02 |   7.495757e+02 |
|   2.300000e+01 |   5.852962e+02 |   6.981875e+02 |   1.276895e+00 |   1.854150e-03 |   6.013325e+02 |   7.495545e+02 |
|   2.400000e+01 |   5.852961e+02 |   6.981834e+02 |   1.272076e+00 |   1.908804e-03 |   6.013496e+02 |   7.495563e+02 |
|   2.500000e+01 |   5.853114e+02 |   6.981486e+02 |   1.273433e+00 |   1.853444e-03 |   6.013440e+02 |   7.495523e+02 |
|   2.600000e+01 |   5.853014e+02 |   6.981726e+02 |   1.274657e+00 |   2.055983e-03 |   6.013478e+02 |   7.495526e+02 |
|   2.700000e+01 |   5.852840e+02 |   6.982111e+02 |   1.278644e+00 |   2.125166e-03 |   6.013542e+02 |   7.495536e+02 |
|   2.800000e+01 |   5.852918e+02 |   6.981948e+02 |   1.275822e+00 |   1.849429e-03 |   6.013455e+02 |   7.495492e+02 |
|   2.900000e+01 |   5.852643e+02 |   6.982570e+02 |   1.275211e+00 |   1.873886e-03 |   6.013618e+02 |   7.495638e+02 |
|   3.000000e+01 |   5.852967e+02 |   6.981862e+02 |   1.276977e+00 |   1.982791e-03 |   6.013401e+02 |   7.495359e+02 |
|   3.100000e+01 |   5.852918e+02 |   6.981942e+02 |   1.275503e+00 |   1.916654e-03 |   6.013532e+02 |   7.495396e+02 |
|   3.200000e+01 |   5.852785e+02 |   6.982225e+02 |   1.274020e+00 |   2.141971e-03 |   6.013547e+02 |   7.495497e+02 |
+----------------+----------------+----------------+----------------+----------------+----------------+----------------+
+----------------+----------------+----------------+-----------------------+
| time           | min_coolant_T  | min_coolant_rho| openmc_power_integral |
+----------------+----------------+----------------+-----------------------+
:                :                :                :                       :
|   1.800000e+01 |   5.615390e+02 |   6.577476e+02 |          8.549444e+05 |
|   1.900000e+01 |   5.615333e+02 |   6.577510e+02 |          8.549444e+05 |
|   2.000000e+01 |   5.615321e+02 |   6.577549e+02 |          8.549444e+05 |
|   2.100000e+01 |   5.615434e+02 |   6.578280e+02 |          8.549444e+05 |
|   2.200000e+01 |   5.615513e+02 |   6.578298e+02 |          8.549444e+05 |
|   2.300000e+01 |   5.615627e+02 |   6.578478e+02 |          8.549444e+05 |
|   2.400000e+01 |   5.615618e+02 |   6.577962e+02 |          8.549444e+05 |
|   2.500000e+01 |   5.615639e+02 |   6.578129e+02 |          8.549444e+05 |
|   2.600000e+01 |   5.615638e+02 |   6.578015e+02 |          8.549444e+05 |
|   2.700000e+01 |   5.615632e+02 |   6.577824e+02 |          8.549444e+05 |
|   2.800000e+01 |   5.615656e+02 |   6.578085e+02 |          8.549444e+05 |
|   2.900000e+01 |   5.615577e+02 |   6.577595e+02 |          8.549444e+05 |
|   3.000000e+01 |   5.615727e+02 |   6.578249e+02 |          8.549444e+05 |
|   3.100000e+01 |   5.615708e+02 |   6.577854e+02 |          8.549444e+05 |
|   3.200000e+01 |   5.615653e+02 |   6.577809e+02 |          8.549444e+05 |
+----------------+----------------+----------------+-----------------------+


Time Step 33, time = 33, dt = 1
[36msub_channel0: [39m
[36msub_channel0: [39mTime Step 0, time = 0
[36msub_channel0: [39m
[36msub_channel0: [39mTime Step 1, time = 1, dt = 1
[36msub_channel0: [39mExecuting subchannel solver
[36msub_channel0: [39mSolution initialized
[36msub_channel0: [39mSolving Outer Iteration : 1
[36msub_channel0: [39mSolving Block: 0 From first level: 1 to last level: 60
[36msub_channel0: [39mBlock: 0 - Enthalpy conservation matrix assembled
[36msub_channel0: [39mStart updating thermophysical properties.
[36msub_channel0: [39mDone updating thermophysical properties.
[36msub_channel0: [39mT_block_error: 3.57405e-05
[36msub_channel0: [39mBlock: 0 - Enthalpy conservation matrix assembled
[36msub_channel0: [39mStart updating thermophysical properties.
[36msub_channel0: [39mDone updating thermophysical properties.
[36msub_channel0: [39mT_block_error: 3.28962e-07
[36msub_channel0: [39mP_error :1.88463e-06
[36msub_channel0: [39mIteration:  1
[36msub_channel0: [39mMaximum iterations: 5
[36msub_channel0: [39mFinished executing subchannel solver
[36msub_channel0: [39mCommencing calculation of Pin surface temperature 
[36msub_channel0: [39m ======================================= 
[36msub_channel0: [39m ======== Subchannel Print Outs ======== 
[36msub_channel0: [39m ======================================= 
[36msub_channel0: [39mTotal flow area :0.000984685 m^2
[36msub_channel0: [39mAssembly hydraulic diameter :0.00943815 m
[36msub_channel0: [39mAssembly Re number :382270 [-]
[36msub_channel0: [39mBulk coolant temperature at outlet :599.789 K
[36msub_channel0: [39mPower added to coolant is : 847866 Watt
[36msub_channel0: [39mMass flow rate in is : 3.7418 kg/sec
[36msub_channel0: [39mMass balance is : -0.000106058 kg/sec
[36msub_channel0: [39mUser defined outlet pressure is : 1.57e+07 Pa
[36msub_channel0: [39m ======================================= 
[36msub_channel0: [39m[32m Solve Converged![39m
[36msub_channel0: [39m
[36msub_channel0_viz0: [39m
[36msub_channel0_viz0: [39mPostprocessor Values:
[36msub_channel0_viz0: [39m+----------------+----------------+----------------+----------------+
[36msub_channel0_viz0: [39m| time           | avg_coolant_T  | max_T_fluid    | min_T_fluid    |
[36msub_channel0_viz0: [39m+----------------+----------------+----------------+----------------+
[36msub_channel0_viz0: [39m|   0.000000e+00 |   5.846732e+02 |   6.014883e+02 |   5.603880e+02 |
[36msub_channel0_viz0: [39m+----------------+----------------+----------------+----------------+
[36msub_channel0_viz0: [39m
[36msub_channel0_viz0: [39m[32m Solve Converged![39m
[36msub_channel0_viz0: [39m
[36msub_channel0_viz0: [39m
[36msub_channel0_viz0: [39mPostprocessor Values:
[36msub_channel0_viz0: [39m+----------------+----------------+----------------+----------------+
[36msub_channel0_viz0: [39m| time           | avg_coolant_T  | max_T_fluid    | min_T_fluid    |
[36msub_channel0_viz0: [39m+----------------+----------------+----------------+----------------+
[36msub_channel0_viz0: [39m|   0.000000e+00 |   5.846732e+02 |   6.014883e+02 |   5.603880e+02 |
[36msub_channel0_viz0: [39m|   1.000000e+00 |   5.846516e+02 |   6.014900e+02 |   5.603873e+02 |
[36msub_channel0_viz0: [39m+----------------+----------------+----------------+----------------+
[36msub_channel0_viz0: [39m
Sending temperature to OpenMC cells... 
Setting cell id 13, instance 0 (of 9) [1 contained cells] to temperature (K): 1617.64
Setting cell id 13, instance 1 (of 9) [1 contained cells] to temperature (K): 1616.4
Setting cell id 13, instance 2 (of 9) [1 contained cells] to temperature (K): 1616.7
Setting cell id 13, instance 3 (of 9) [1 contained cells] to temperature (K): 1616.07
Setting cell id 13, instance 4 (of 9) [1 contained cells] to temperature (K): 1616.67
Setting cell id 13, instance 5 (of 9) [1 contained cells] to temperature (K): 1617.94
Setting cell id 13, instance 6 (of 9) [1 contained cells] to temperature (K): 1616.66
Setting cell id 13, instance 7 (of 9) [1 contained cells] to temperature (K): 1618.38
Setting cell id 13, instance 8 (of 9) [1 contained cells] to temperature (K): 1619.61
Setting cell id 14, instance 0 (of 9) [1 contained cells] to temperature (K): 731.997
Setting cell id 14, instance 1 (of 9) [1 contained cells] to temperature (K): 732.724
Setting cell id 14, instance 2 (of 9) [1 contained cells] to temperature (K): 731.934
Setting cell id 14, instance 3 (of 9) [1 contained cells] to temperature (K): 732.569
Setting cell id 14, instance 4 (of 9) [1 contained cells] to temperature (K): 733.882
Setting cell id 14, instance 5 (of 9) [1 contained cells] to temperature (K): 733.007
Setting cell id 14, instance 6 (of 9) [1 contained cells] to temperature (K): 731.824
Setting cell id 14, instance 7 (of 9) [1 contained cells] to temperature (K): 733.029
Setting cell id 14, instance 8 (of 9) [1 contained cells] to temperature (K): 732.651
Setting cell id 16, instance 0 (of 9) [1 contained cells] to temperature (K): 584.484
Setting cell id 16, instance 1 (of 9) [1 contained cells] to temperature (K): 585.6
Setting cell id 16, instance 2 (of 9) [1 contained cells] to temperature (K): 584.507
Setting cell id 16, instance 3 (of 9) [1 contained cells] to temperature (K): 585.584
Setting cell id 16, instance 4 (of 9) [1 contained cells] to temperature (K): 586.844
Setting cell id 16, instance 5 (of 9) [1 contained cells] to temperature (K): 585.632
Setting cell id 16, instance 6 (of 9) [1 contained cells] to temperature (K): 584.486
Setting cell id 16, instance 7 (of 9) [1 contained cells] to temperature (K): 585.62
Setting cell id 16, instance 8 (of 9) [1 contained cells] to temperature (K): 584.55
Sending density to OpenMC cells... 
Setting cell id 16, instance 0 (of 9) to density (kg/m3): 700.186
Setting cell id 16, instance 1 (of 9) to density (kg/m3): 697.43
Setting cell id 16, instance 2 (of 9) to density (kg/m3): 700.135
Setting cell id 16, instance 3 (of 9) to density (kg/m3): 697.466
Setting cell id 16, instance 4 (of 9) to density (kg/m3): 694.306
Setting cell id 16, instance 5 (of 9) to density (kg/m3): 697.35
Setting cell id 16, instance 6 (of 9) to density (kg/m3): 700.183
Setting cell id 16, instance 7 (of 9) to density (kg/m3): 697.378
Setting cell id 16, instance 8 (of 9) to density (kg/m3): 700.024
 Running OpenMC with 2000 particles per batch...
 Maximum neutron transport energy: 20000000 eV for O17
 Initializing source particles...

 ====================>     K EIGENVALUE SIMULATION     <====================

  Bat./Gen.      k            Average k
  =========   ========   ====================
        1/1    1.26714
        2/1    1.22187
        3/1    1.21873
        4/1    1.29214
        5/1    1.24356
        6/1    1.31159
        7/1    1.20439
        8/1    1.30157
        9/1    1.30581
       10/1    1.32402
       11/1    1.29344
       12/1    1.27647
       13/1    1.25661
       14/1    1.28671
       15/1    1.28165
       16/1    1.28066
       17/1    1.25414
       18/1    1.29477
       19/1    1.19801
       20/1    1.23544
       21/1    1.34939
       22/1    1.27149
       23/1    1.31154
       24/1    1.25157
       25/1    1.27034
       26/1    1.27491
       27/1    1.27985
       28/1    1.25808
       29/1    1.27275
       30/1    1.26805
       31/1    1.28494
       32/1    1.20008
       33/1    1.26345
       34/1    1.29888
       35/1    1.26011
       36/1    1.29116
       37/1    1.20894
       38/1    1.31709
       39/1    1.27378
       40/1    1.25603
       41/1    1.33846
       42/1    1.36360
       43/1    1.23798
       44/1    1.27202
       45/1    1.28650
       46/1    1.18218
       47/1    1.29222
       48/1    1.30263
       49/1    1.21876
       50/1    1.36131
       51/1    1.23351
       52/1    1.25967    1.24659 +/- 0.01308
       53/1    1.25886    1.25068 +/- 0.00859
       54/1    1.26358    1.25391 +/- 0.00688
       55/1    1.32979    1.26908 +/- 0.01608
       56/1    1.29488    1.27338 +/- 0.01382
       57/1    1.24837    1.26981 +/- 0.01221
       58/1    1.28744    1.27201 +/- 0.01080
       59/1    1.24239    1.26872 +/- 0.01008
       60/1    1.26971    1.26882 +/- 0.00902
       61/1    1.27429    1.26932 +/- 0.00817
       62/1    1.20842    1.26424 +/- 0.00902
       63/1    1.20922    1.26001 +/- 0.00932
       64/1    1.29112    1.26223 +/- 0.00891
       65/1    1.28159    1.26352 +/- 0.00839
       66/1    1.24909    1.26262 +/- 0.00790
       67/1    1.26284    1.26263 +/- 0.00742
       68/1    1.26454    1.26274 +/- 0.00700
       69/1    1.34442    1.26704 +/- 0.00789
       70/1    1.30522    1.26895 +/- 0.00773
       71/1    1.25186    1.26813 +/- 0.00740
       72/1    1.29635    1.26942 +/- 0.00717
       73/1    1.26698    1.26931 +/- 0.00685
       74/1    1.35430    1.27285 +/- 0.00745
       75/1    1.26703    1.27262 +/- 0.00715
       76/1    1.28342    1.27303 +/- 0.00688
       77/1    1.27523    1.27312 +/- 0.00662
       78/1    1.23949    1.27192 +/- 0.00650
       79/1    1.34674    1.27450 +/- 0.00678
       80/1    1.27829    1.27462 +/- 0.00655
       81/1    1.25944    1.27413 +/- 0.00635
       82/1    1.28367    1.27443 +/- 0.00616
       83/1    1.29458    1.27504 +/- 0.00600
       84/1    1.24643    1.27420 +/- 0.00588
       85/1    1.27304    1.27417 +/- 0.00571
       86/1    1.28170    1.27438 +/- 0.00555
       87/1    1.35684    1.27660 +/- 0.00584
       88/1    1.24006    1.27564 +/- 0.00577
       89/1    1.25160    1.27503 +/- 0.00565
       90/1    1.32271    1.27622 +/- 0.00564
       91/1    1.22684    1.27501 +/- 0.00563
       92/1    1.25140    1.27445 +/- 0.00552
       93/1    1.32554    1.27564 +/- 0.00552
       94/1    1.34922    1.27731 +/- 0.00565
       95/1    1.28657    1.27752 +/- 0.00552
       96/1    1.22332    1.27634 +/- 0.00553
       97/1    1.24142    1.27560 +/- 0.00546
       98/1    1.24163    1.27489 +/- 0.00539
       99/1    1.23060    1.27399 +/- 0.00536
      100/1    1.25999    1.27371 +/- 0.00526
      101/1    1.26673    1.27357 +/- 0.00516
      102/1    1.25498    1.27321 +/- 0.00507
      103/1    1.22897    1.27238 +/- 0.00504
      104/1    1.31837    1.27323 +/- 0.00502
      105/1    1.26814    1.27314 +/- 0.00493
      106/1    1.27742    1.27321 +/- 0.00484
      107/1    1.28346    1.27339 +/- 0.00476
      108/1    1.31427    1.27410 +/- 0.00473
      109/1    1.32157    1.27490 +/- 0.00472
      110/1    1.27932    1.27498 +/- 0.00464
      111/1    1.27522    1.27498 +/- 0.00456
      112/1    1.27103    1.27492 +/- 0.00449
      113/1    1.24748    1.27448 +/- 0.00444
      114/1    1.29988    1.27488 +/- 0.00438
      115/1    1.31969    1.27557 +/- 0.00437
      116/1    1.22150    1.27475 +/- 0.00438
      117/1    1.31313    1.27532 +/- 0.00435
      118/1    1.28950    1.27553 +/- 0.00429
      119/1    1.30903    1.27601 +/- 0.00426
      120/1    1.31233    1.27653 +/- 0.00423
      121/1    1.24800    1.27613 +/- 0.00419
      122/1    1.27549    1.27612 +/- 0.00413
      123/1    1.26776    1.27601 +/- 0.00408
      124/1    1.25653    1.27574 +/- 0.00403
      125/1    1.23649    1.27522 +/- 0.00401
      126/1    1.24224    1.27479 +/- 0.00398
      127/1    1.22913    1.27419 +/- 0.00397
      128/1    1.24696    1.27385 +/- 0.00394
      129/1    1.28299    1.27396 +/- 0.00389
      130/1    1.32413    1.27459 +/- 0.00389
      131/1    1.23475    1.27410 +/- 0.00387
      132/1    1.34381    1.27495 +/- 0.00392
      133/1    1.24669    1.27461 +/- 0.00389
      134/1    1.22307    1.27399 +/- 0.00389
      135/1    1.25854    1.27381 +/- 0.00385
      136/1    1.27736    1.27385 +/- 0.00380
      137/1    1.34267    1.27464 +/- 0.00384
      138/1    1.26146    1.27449 +/- 0.00380
      139/1    1.29467    1.27472 +/- 0.00376
      140/1    1.31587    1.27518 +/- 0.00375
      141/1    1.32657    1.27574 +/- 0.00375
      142/1    1.28719    1.27587 +/- 0.00371
      143/1    1.34282    1.27659 +/- 0.00374
      144/1    1.30861    1.27693 +/- 0.00372
      145/1    1.24129    1.27655 +/- 0.00370
      146/1    1.26106    1.27639 +/- 0.00366
      147/1    1.26775    1.27630 +/- 0.00362
      148/1    1.30825    1.27663 +/- 0.00360
      149/1    1.29138    1.27678 +/- 0.00357
      150/1    1.26324    1.27664 +/- 0.00354
 Creating state point statepoint.150.h5...

 =======================>     TIMING STATISTICS     <=======================

 Total time for initialization     = 0.0000e+00 seconds
   Reading cross sections          = 0.0000e+00 seconds
 Total time in simulation          = 5.7165e+00 seconds
   Time in transport only          = 5.6518e+00 seconds
   Time in inactive batches        = 8.8367e-01 seconds
   Time in active batches          = 4.8328e+00 seconds
   Time synchronizing fission bank = 1.8952e-02 seconds
     Sampling source sites         = 1.6061e-02 seconds
     SEND/RECV source sites        = 2.5896e-03 seconds
   Time accumulating tallies       = 2.7701e-02 seconds
   Time writing statepoints        = 4.6033e-03 seconds
 Total time for finalization       = 1.7803e-02 seconds
 Total time elapsed                = 5.7461e+00 seconds
 Calculation Rate (inactive)       = 113165 particles/second
 Calculation Rate (active)         = 41383.6 particles/second

 ============================>     RESULTS     <============================

 k-effective (Collision)     = 1.27521 +/- 0.00298
 k-effective (Track-length)  = 1.27664 +/- 0.00354
 k-effective (Absorption)    = 1.27615 +/- 0.00210
 Combined k-effective        = 1.27613 +/- 0.00205
 Leakage Fraction            = 0.00013 +/- 0.00002

    Finished Solving OpenMC                                                              [[33m  5.75 s[39m] [[33m 1285 MB[39m]
Extracting OpenMC tallies...
[32m Solve Converged![39m

  Finished Solving                                                                       [[33m  5.79 s[39m] [[33m 1285 MB[39m]
[36msolid0: [39m
[36msolid0: [39mTime Step 33, time = 33, dt = 1
[36msolid0: [39m 0 Nonlinear |R| = [32m2.540575e+01[39m
[36msolid0: [39m      0 Linear |R| = [32m2.540575e+01[39m
[36msolid0: [39m      1 Linear |R| = [32m3.752755e+00[39m
[36msolid0: [39m      2 Linear |R| = [32m1.613789e+00[39m
[36msolid0: [39m      3 Linear |R| = [32m6.443008e-01[39m
[36msolid0: [39m      4 Linear |R| = [32m1.554556e-01[39m
[36msolid0: [39m      5 Linear |R| = [32m2.737407e-02[39m
[36msolid0: [39m      6 Linear |R| = [32m5.568254e-03[39m
[36msolid0: [39m      7 Linear |R| = [32m9.993263e-04[39m
[36msolid0: [39m      8 Linear |R| = [32m1.283783e-04[39m
[36msolid0: [39m 1 Nonlinear |R| = [32m2.820948e-04[39m
[36msolid0: [39m      0 Linear |R| = [32m2.820948e-04[39m
[36msolid0: [39m      1 Linear |R| = [32m3.162144e-05[39m
[36msolid0: [39m      2 Linear |R| = [32m1.574673e-05[39m
[36msolid0: [39m      3 Linear |R| = [32m6.641926e-06[39m
[36msolid0: [39m      4 Linear |R| = [32m1.601921e-06[39m
[36msolid0: [39m      5 Linear |R| = [32m3.083578e-07[39m
[36msolid0: [39m      6 Linear |R| = [32m5.971694e-08[39m
[36msolid0: [39m      7 Linear |R| = [32m1.221198e-08[39m
[36msolid0: [39m      8 Linear |R| = [32m2.606145e-09[39m
